-- MySQL dump 10.13  Distrib 5.5.24, for debian-linux-gnu (i686)
--
-- Host: localhost    Database: my_db
-- ------------------------------------------------------
-- Server version	5.5.24-0ubuntu0.12.04.1

/*!40101 SET @OLD_CHARACTER_SET_CLIENT=@@CHARACTER_SET_CLIENT */;
/*!40101 SET @OLD_CHARACTER_SET_RESULTS=@@CHARACTER_SET_RESULTS */;
/*!40101 SET @OLD_COLLATION_CONNECTION=@@COLLATION_CONNECTION */;
/*!40101 SET NAMES utf8 */;
/*!40103 SET @OLD_TIME_ZONE=@@TIME_ZONE */;
/*!40103 SET TIME_ZONE='+00:00' */;
/*!40014 SET @OLD_UNIQUE_CHECKS=@@UNIQUE_CHECKS, UNIQUE_CHECKS=0 */;
/*!40014 SET @OLD_FOREIGN_KEY_CHECKS=@@FOREIGN_KEY_CHECKS, FOREIGN_KEY_CHECKS=0 */;
/*!40101 SET @OLD_SQL_MODE=@@SQL_MODE, SQL_MODE='NO_AUTO_VALUE_ON_ZERO' */;
/*!40111 SET @OLD_SQL_NOTES=@@SQL_NOTES, SQL_NOTES=0 */;

--
-- Table structure for table `ActionLog`
--

DROP TABLE IF EXISTS `ActionLog`;
/*!40101 SET @saved_cs_client     = @@character_set_client */;
/*!40101 SET character_set_client = utf8 */;
CREATE TABLE `ActionLog` (
  `id` int(11) NOT NULL AUTO_INCREMENT,
  `username` varchar(255) NOT NULL,
  `event` tinyint(255) NOT NULL,
  `model_name` varchar(50) NOT NULL,
  `model_title` text NOT NULL,
  `datetime` datetime NOT NULL,
  PRIMARY KEY (`id`),
  KEY `username` (`username`),
  KEY `event` (`event`),
  KEY `datetime` (`datetime`),
  KEY `model_name` (`model_name`)
) ENGINE=MyISAM AUTO_INCREMENT=4256 DEFAULT CHARSET=utf8;
/*!40101 SET character_set_client = @saved_cs_client */;

--
-- Dumping data for table `ActionLog`
--

LOCK TABLES `ActionLog` WRITE;
/*!40000 ALTER TABLE `ActionLog` DISABLE KEYS */;
INSERT INTO `ActionLog` VALUES (9,'admin',2,'Order','23','2012-04-21 12:18:55'),(8,'admin',2,'StoreCurrency','Dollars','2012-04-21 12:17:24'),(3,'admin',2,'StoreCategory','Домашнее аудио','2012-04-20 22:48:16'),(4,'admin',2,'StoreProduct','Calypso CLP-32LC1A 32\" LCD 720p LCD','2012-04-20 23:28:02'),(5,'admin',2,'StoreProduct','Garmin Forerunner 305 Portable Navigator','2012-04-20 23:28:13'),(6,'admin',2,'StoreManufacturer','Canon','2012-04-20 23:35:37'),(25,'admin',2,'Comment','this is test comment ok?','2012-05-05 10:07:12'),(10,'admin',2,'SSystemLanguage','9','2012-04-21 12:21:22'),(11,'admin',2,'SSystemLanguage','English','2012-04-21 12:21:36'),(12,'admin',1,'SystemModules','tests','2012-04-21 12:22:58'),(13,'admin',3,'SystemModules','tests','2012-04-21 12:23:02'),(14,'admin',2,'Page','russian page title','2012-04-21 12:24:20'),(15,'admin',2,'OrderStatus','Новый','2012-04-21 12:43:50'),(16,'admin',2,'StoreProduct','Calypso CLP-32LE110 32\" LED 720p HDTV','2012-04-28 10:25:15'),(17,'admin',2,'StoreManufacturer','Sony eng','2012-04-28 10:31:18'),(18,'admin',3,'StoreCategory','Second Category','2012-04-28 10:32:30'),(19,'admin',2,'StoreProduct','TOMTOM XL 350 Automobile edited','2012-04-29 22:13:57'),(24,'admin',2,'StoreProduct','TOMTOM XL 350 Automobile edited','2012-05-05 09:25:58'),(23,'admin',2,'Discount','Test discount','2012-05-01 23:38:59'),(22,'admin',2,'StoreProduct','Test one configuration','2012-05-01 23:37:29'),(26,'admin',2,'StoreProductType','Home Theatre','2012-05-05 10:26:51'),(27,'admin',2,'StoreAttribute','dimension','2012-05-05 10:27:24'),(28,'admin',2,'StoreProduct','Calypso CLP-32LE110 32\" LED 720p HDTV','2012-05-05 10:30:25'),(29,'admin',2,'StoreProduct','Calypso CLP-32LE110 32\" LED 720p HDTV','2012-05-05 13:15:34'),(30,'admin',2,'StoreProduct','Calypso CLP-32LE110 32\" LED 720p HDTV','2012-05-05 13:16:39'),(31,'admin',2,'StoreAttribute','dimension','2012-05-05 16:48:57'),(32,'admin',2,'StoreAttribute','variant','2012-05-05 16:49:04'),(33,'admin',2,'Comment','this is test comment','2012-05-05 22:44:50'),(34,'admin',3,'Comment','this is test comment ok?','2012-05-05 22:45:06'),(35,'admin',2,'Comment','aaa','2012-05-06 11:28:50'),(36,'admin',2,'Comment','aaa','2012-05-06 11:28:55'),(37,'admin',2,'Comment','aaa','2012-05-06 11:28:59'),(38,'admin',2,'Comment','aaa','2012-05-06 11:29:02'),(39,'admin',2,'Comment','aaa','2012-05-06 11:29:05'),(40,'admin',2,'Comment','d fsdf sdf sdf sdf sdf sd sd sdf sdf sdf sdf feeee@@@@@@!! ADASDFSDFSFf f ','2012-05-06 11:29:09'),(41,'admin',2,'Comment','d fsdf sdf sdf sdf sdf sd sd sdf sdf sdf sdf feeee@@@@@@!! ADASDFSDFSF','2012-05-06 11:29:12'),(42,'admin',2,'Comment','d fsdf sdf sdf sdf sdf sd sd sdf sdf sdf sdf feeee@@@@@@!! ADASDFSDFSF','2012-05-06 11:29:16'),(43,'admin',2,'Comment','asdfas  asdf sdf sdf sdf sdf sdf sdf sd sf sdf sdf ','2012-05-06 11:29:25'),(44,'admin',2,'Comment','afkjh skldfj asdfa sdf adsf asdf adsf ','2012-05-06 11:29:28'),(45,'admin',2,'Comment','this is test comment','2012-05-06 11:29:32'),(46,'admin',2,'Comment','sdfsdfs  sf sf sfsd fsdf sd ','2012-05-06 11:29:36'),(47,'admin',2,'Comment','d fsdf sdf sdf sdf sdf sd sd sdf sdf sdf sdf feeee@@@@@@!! ADASDFSDFSF','2012-05-06 11:30:10'),(48,'admin',2,'Comment','sdfsdfsdf\r\nsdfsdfsdf\r\nsdfsdfsfsfsdf','2012-05-06 11:40:14'),(49,'admin',2,'StoreProduct','Calypso CLP-32LE110 32\" LED 720p HDTV','2012-05-07 21:15:09'),(50,'admin',2,'StoreProduct','Calypso CLP-32LE110 32\" LED 720p HDTV','2012-05-07 23:03:49'),(51,'admin',2,'StoreDeliveryMethod','Russian','2012-05-08 00:07:47'),(52,'admin',3,'Comment','afkjh skldfj asdfa sdf adsf asdf adsf ','2012-05-08 23:10:55'),(53,'admin',3,'Comment','sdfsdfs  sf sf sfsd fsdf sd ','2012-05-08 23:10:55'),(54,'admin',3,'Comment','this is test comment','2012-05-08 23:10:55'),(55,'admin',3,'Comment','asdfas  asdf sdf sdf sdf sdf sdf sdf sd sf sdf sdf ','2012-05-08 23:10:55'),(56,'admin',3,'Comment','aaa','2012-05-08 23:10:55'),(57,'admin',3,'Comment','aaa','2012-05-08 23:10:55'),(58,'admin',3,'Comment','aaa','2012-05-08 23:10:55'),(59,'admin',3,'Comment','aaa','2012-05-08 23:10:55'),(60,'admin',3,'Comment','aaa','2012-05-08 23:10:55'),(61,'admin',3,'Comment','sdfsdfsdf\r\nsdfsdfsdf\r\nsdfsdfsfsfsdf','2012-05-08 23:10:55'),(62,'admin',3,'Comment','this is test oemfmdf','2012-05-08 23:10:55'),(63,'admin',3,'Comment','dsfsfsf','2012-05-08 23:10:55'),(64,'admin',3,'Comment','dsfsdfsdf','2012-05-08 23:10:55'),(65,'admin',3,'Comment','sdfsdfsdf','2012-05-08 23:10:55'),(66,'admin',3,'Comment','this is test  comment','2012-05-08 23:10:55'),(67,'admin',3,'Comment','j','2012-05-08 23:10:55'),(68,'admin',3,'Comment','jhjh kj kjhj kj','2012-05-08 23:10:55'),(69,'admin',3,'Comment','d fsdf sdf sdf sdf sdf sd sd sdf sdf sdf sdf feeee@@@@@@!! ADASDFSDFSF','2012-05-08 23:11:01'),(70,'admin',3,'Comment','d fsdf sdf sdf sdf sdf sd sd sdf sdf sdf sdf feeee@@@@@@!! ADASDFSDFSF','2012-05-08 23:11:01'),(71,'admin',3,'Comment','d fsdf sdf sdf sdf sdf sd sd sdf sdf sdf sdf feeee@@@@@@!! ADASDFSDFSF','2012-05-08 23:11:01'),(72,'admin',3,'Comment','d fsdf sdf sdf sdf sdf sd sd sdf sdf sdf sdf feeee@@@@@@!! ADASDFSDFSFf f ','2012-05-08 23:11:01'),(73,'admin',2,'Comment','this is test comment','2012-05-08 23:51:49'),(74,'admin',2,'Comment','this is test comment','2012-05-08 23:51:56'),(75,'admin',2,'Comment','this is second comment','2012-05-08 23:51:56'),(76,'admin',2,'Comment','this is test comment','2012-05-08 23:52:49'),(77,'admin',2,'Comment','this is second comment','2012-05-08 23:52:52'),(78,'admin',2,'Comment','this is test comment','2012-05-08 23:52:54'),(79,'admin',2,'Comment','this is second comment','2012-05-08 23:52:54'),(80,'admin',2,'Comment','this is test comment','2012-05-08 23:52:58'),(81,'admin',2,'Comment','this is second comment','2012-05-08 23:52:58'),(82,'admin',2,'Comment','this is test comment','2012-05-09 00:00:55'),(83,'admin',2,'Comment','this is second comment','2012-05-09 00:00:55'),(84,'admin',2,'Comment','this is test comment','2012-05-09 00:01:49'),(85,'admin',2,'Comment','this is second comment','2012-05-09 00:01:58'),(86,'admin',2,'Comment','this is test comment','2012-05-09 00:02:10'),(87,'admin',2,'Comment','this is second comment','2012-05-09 00:02:10'),(88,'admin',2,'Comment','this is test comment','2012-05-09 00:02:12'),(89,'admin',2,'Comment','this is second comment','2012-05-09 00:02:12'),(90,'admin',2,'Comment','this is test comment','2012-05-09 00:02:16'),(91,'admin',2,'Comment','this is second comment','2012-05-09 00:02:16'),(92,'admin',2,'Comment','this is test comment','2012-05-09 21:52:19'),(93,'admin',2,'Comment','this is second comment','2012-05-09 21:52:19'),(94,'admin',2,'Comment','this is test comment','2012-05-09 21:52:22'),(95,'admin',2,'Comment','this is second comment','2012-05-09 21:52:22'),(96,'admin',2,'Comment','this is test comment','2012-05-09 21:52:25'),(97,'admin',2,'Comment','this is second comment','2012-05-09 21:52:25'),(98,'admin',3,'Order','24','2012-05-10 20:58:59'),(99,'admin',3,'Order','22','2012-05-10 20:58:59'),(100,'admin',3,'Order','23','2012-05-10 20:58:59'),(101,'admin',3,'Order','21','2012-05-10 20:58:59'),(102,'admin',3,'Order','19','2012-05-10 20:58:59'),(103,'admin',3,'Order','20','2012-05-10 20:58:59'),(104,'admin',3,'Order','25','2012-05-10 20:58:59'),(105,'admin',3,'Order','29','2012-05-10 21:09:50'),(106,'admin',3,'Order','28','2012-05-10 21:09:50'),(107,'admin',3,'Order','27','2012-05-10 21:09:50'),(108,'admin',3,'Order','26','2012-05-10 21:09:50'),(109,'admin',2,'Order','30','2012-05-10 21:26:43'),(110,'admin',2,'Order','30','2012-05-10 21:26:51'),(111,'admin',2,'Order','30','2012-05-10 21:29:32'),(112,'admin',2,'Order','31','2012-05-10 21:44:21'),(113,'admin',2,'Comment','this is test comment','2012-05-10 23:01:28'),(114,'admin',2,'Comment','this is second comment','2012-05-10 23:01:28'),(115,'admin',2,'Comment','dsfdsfsdf','2012-05-10 23:01:28'),(116,'admin',2,'Comment','dsfdsfsdf','2012-05-10 23:01:28'),(117,'admin',2,'Comment','dsfdsfsdf','2012-05-10 23:01:28'),(118,'admin',2,'Comment','sdf fs f','2012-05-10 23:01:28'),(119,'admin',2,'Comment','dsfdsfsdf','2012-05-10 23:01:32'),(120,'admin',2,'StoreProduct','Calypso CLP-32LE110 32\" LED 720p HDTV','2012-05-10 23:43:41'),(121,'admin',2,'StoreProduct','Calypso CLP-32LE110 32\" LED 720p HDTV','2012-05-10 23:43:50'),(122,'admin',2,'StoreAttribute','dimension','2012-05-10 23:44:04'),(123,'admin',2,'StoreProduct','Calypso CLP-32LE110 32\" LED 720p HDTV','2012-05-10 23:44:24'),(124,'admin',2,'StoreAttribute','dimension','2012-05-10 23:44:28'),(125,'admin',3,'User','tester','2012-05-11 22:44:10'),(126,'admin',2,'User','admin','2012-05-11 22:44:14'),(127,'admin',3,'User','tester','2012-05-11 22:48:38'),(128,'admin',3,'User','tester','2012-05-11 22:48:44'),(129,'admin',3,'User','tester','2012-05-11 22:50:14'),(130,'admin',3,'User','tester','2012-05-11 22:54:50'),(131,'admin',3,'User','tester','2012-05-11 22:56:05'),(132,'admin',3,'User','tester','2012-05-11 22:56:08'),(133,'admin',3,'User','tester','2012-05-11 22:57:35'),(134,'admin',3,'User','tester','2012-05-11 22:59:33'),(135,'admin',3,'User','tester','2012-05-11 22:59:36'),(136,'admin',2,'User','tester','2012-05-11 23:28:03'),(137,'admin',3,'User','tester2','2012-05-11 23:35:05'),(138,'admin',3,'User','tester','2012-05-11 23:35:13'),(139,'admin',2,'User','admin','2012-05-11 23:36:12'),(140,'admin',2,'User','tester2','2012-05-11 23:39:07'),(141,'admin',2,'User','tester2','2012-05-11 23:39:13'),(142,'admin',3,'User','tester2','2012-05-11 23:39:16'),(143,'admin',3,'User','tester22','2012-05-11 23:57:34'),(144,'admin',3,'User','tester','2012-05-11 23:57:36'),(145,'admin',3,'User','tester2','2012-05-11 23:57:38'),(146,'admin',3,'User','tester223','2012-05-11 23:57:40'),(147,'admin',3,'User','tester','2012-05-12 00:01:21'),(148,'admin',3,'User','phpunit1336775970','2012-05-12 10:59:58'),(149,'admin',3,'User','phpunit1336775361','2012-05-12 11:00:01'),(150,'admin',3,'User','phpunit1336775962','2012-05-12 11:00:04'),(151,'admin',3,'User','phpunit1336775732','2012-05-12 11:00:07'),(152,'admin',3,'User','phpunit1336774673','2012-05-12 11:00:09'),(153,'admin',3,'User','phpunit1336774666','2012-05-12 11:00:11'),(154,'admin',3,'User','phpunit1336774730','2012-05-12 11:00:14'),(155,'admin',3,'User','phpunit1336774733204','2012-05-12 11:00:16'),(156,'admin',3,'User','phpunit1336774899','2012-05-12 11:00:18'),(157,'admin',3,'User','phpunit1336775341','2012-05-12 11:00:21'),(158,'admin',3,'User','phpunit1336774595','2012-05-12 11:00:23'),(159,'admin',3,'User','phpunit1336774841','2012-05-12 11:00:25'),(160,'admin',3,'User','phpunit1336775235','2012-05-12 11:00:26'),(161,'admin',3,'User','phpunit1336775762','2012-05-12 11:00:28'),(162,'admin',3,'User','phpunit1336775388','2012-05-12 11:00:30'),(163,'admin',3,'User','tester2','2012-05-12 11:00:33'),(164,'admin',3,'User','phpunit1336774115','2012-05-12 11:00:35'),(165,'admin',3,'User','phpunit1336775077','2012-05-12 11:00:37'),(166,'admin',3,'User','phpunit1336775507','2012-05-12 11:00:38'),(167,'admin',3,'User','phpunit1336775585','2012-05-12 11:00:40'),(168,'admin',3,'User','phpunit1336775173','2012-05-12 11:00:42'),(169,'admin',3,'User','tester222','2012-05-12 11:00:44'),(170,'admin',3,'User','phpunit','2012-05-12 11:00:49'),(171,'admin',3,'User','tester','2012-05-12 11:02:41'),(172,'admin',3,'User','phpunit1336810277','2012-05-12 11:02:44'),(173,'admin',2,'User','admin','2012-05-12 21:10:26'),(174,'admin',2,'User','admin','2012-05-12 21:10:31'),(175,'admin',2,'User','admin','2012-05-12 21:12:30'),(176,'admin',2,'User','admin','2012-05-12 21:12:35'),(177,'admin',2,'Order','32','2012-05-12 22:48:57'),(178,'admin',2,'Order','32','2012-05-19 18:36:01'),(179,'admin',2,'Order','32','2012-05-19 18:36:07'),(180,'admin',3,'Order','30','2012-05-19 20:10:14'),(181,'admin',3,'Order','31','2012-05-19 20:10:14'),(182,'admin',3,'Order','32','2012-05-19 20:10:14'),(183,'admin',3,'Order','33','2012-05-19 20:10:14'),(184,'admin',3,'Order','34','2012-05-19 20:10:14'),(185,'admin',3,'Order','35','2012-05-19 20:10:15'),(186,'admin',3,'Order','36','2012-05-19 20:10:15'),(187,'admin',3,'Order','37','2012-05-19 20:10:15'),(188,'admin',3,'Order','38','2012-05-19 20:10:15'),(189,'admin',2,'StoreCurrency','Гривня','2012-05-19 20:21:55'),(190,'admin',2,'User','admin','2012-05-19 23:14:29'),(191,'admin',1,'Order','','2012-05-19 23:30:26'),(192,'admin',1,'Order','','2012-05-19 23:37:56'),(193,'admin',1,'Order','','2012-05-19 23:40:15'),(194,'admin',3,'Order','41','2012-05-19 23:41:20'),(195,'admin',3,'Order','40','2012-05-19 23:41:20'),(196,'admin',3,'Order','39','2012-05-19 23:41:21'),(197,'admin',1,'Order','','2012-05-19 23:41:30'),(198,'admin',1,'Order','','2012-05-19 23:41:53'),(199,'admin',3,'Order','42','2012-05-19 23:42:03'),(200,'admin',3,'Order','43','2012-05-19 23:42:03'),(201,'admin',1,'Order','','2012-05-20 00:03:34'),(202,'admin',2,'Order','44','2012-05-20 00:05:45'),(203,'admin',2,'Order','44','2012-05-20 00:05:50'),(204,'admin',3,'Order','44','2012-05-20 00:05:57'),(205,'admin',1,'Order','','2012-05-20 01:16:27'),(206,'admin',1,'Order','','2012-05-20 01:17:49'),(207,'admin',1,'Order','','2012-05-20 01:19:26'),(208,'admin',1,'Order','','2012-05-20 01:19:42'),(209,'admin',1,'Order','','2012-05-20 01:19:50'),(210,'admin',1,'Order','','2012-05-20 01:26:09'),(211,'admin',1,'Order','','2012-05-20 01:27:10'),(212,'admin',2,'Order','51','2012-05-20 01:27:19'),(213,'admin',2,'Order','51','2012-05-20 01:27:22'),(214,'admin',1,'Order','','2012-05-20 01:27:31'),(215,'admin',1,'Order','','2012-05-20 01:27:38'),(216,'admin',1,'Order','','2012-05-20 01:27:43'),(217,'admin',3,'Order','53','2012-05-20 01:27:50'),(218,'admin',3,'Order','54','2012-05-20 01:27:50'),(219,'admin',3,'Order','52','2012-05-20 01:27:50'),(220,'admin',3,'Order','51','2012-05-20 01:27:50'),(221,'admin',3,'Order','50','2012-05-20 01:27:50'),(222,'admin',3,'Order','48','2012-05-20 01:27:50'),(223,'admin',3,'Order','49','2012-05-20 01:27:50'),(224,'admin',3,'Order','47','2012-05-20 01:27:50'),(225,'admin',3,'Order','45','2012-05-20 01:27:50'),(226,'admin',3,'Order','46','2012-05-20 01:27:50'),(227,'admin',1,'OrderStatus','dfdf','2012-05-20 01:39:20'),(228,'admin',2,'OrderStatus','dfdf','2012-05-20 01:39:23'),(229,'admin',3,'OrderStatus','dfdf','2012-05-20 01:39:27'),(230,'admin',3,'PageCategory','Фантастика','2012-05-20 14:12:12'),(231,'admin',3,'PageCategory','Романы','2012-05-20 14:12:12'),(232,'admin',3,'Page','test  page','2012-05-20 14:12:12'),(233,'admin',3,'PageCategory','Научные книги','2012-05-20 14:12:12'),(234,'admin',3,'PageCategory','Книги','2012-05-20 14:12:12'),(235,'admin',3,'PageCategory','Фантастика','2012-05-20 14:12:12'),(236,'admin',3,'PageCategory','Романы','2012-05-20 14:12:12'),(237,'admin',3,'PageCategory','Научные книги','2012-05-20 14:12:12'),(238,'admin',1,'PageCategory','Новости','2012-05-20 14:12:29'),(239,'admin',2,'PageCategory','Новости','2012-05-20 14:12:29'),(240,'admin',3,'Page','russian page title','2012-05-20 14:12:41'),(241,'admin',1,'Page','Первая новость','2012-05-20 14:13:17'),(242,'admin',2,'Page','Первая новость','2012-05-20 14:13:28'),(243,'admin',1,'Page','Вторая новость','2012-05-20 15:19:28'),(244,'admin',1,'Page','Третья новость','2012-05-20 15:19:41'),(245,'admin',2,'StoreProduct','Calypso CLP-32LE110 32\" LED 720p HDTV','2012-05-20 19:58:08'),(246,'admin',2,'StoreProduct','Calypso CLP-32LE110 32\" LED 720p HDTV','2012-05-20 19:58:14'),(247,'admin',2,'StoreProduct','Epson Stylus R1900 Photo Printer','2012-05-20 19:58:22'),(248,'admin',2,'StoreProduct','Epson Stylus C88+ Inkjet Printer','2012-05-20 19:58:22'),(249,'admin',2,'StoreProduct','Epson Stylus Photo R2880 Color','2012-05-20 19:58:22'),(250,'admin',2,'StoreProduct','Epson Stylus R1900 Photo Printer','2012-05-20 19:58:29'),(251,'admin',2,'StoreProduct','Epson Stylus C88+ Inkjet Printer','2012-05-20 19:58:29'),(252,'admin',2,'StoreProduct','Epson Stylus Photo R2880 Color','2012-05-20 19:58:29'),(253,'admin',2,'StoreProduct','TOMTOM XXL 550M Automobile Portable Navigator','2012-05-20 20:00:35'),(254,'admin',2,'StoreProduct','TomTom XXL 540 S Portable GPS System','2012-05-20 20:00:35'),(255,'admin',2,'StoreProduct','Garmin Forerunner 205 Portable','2012-05-20 20:00:35'),(256,'admin',2,'StoreProduct','Garmin Forerunner 305 Portable Navigator','2012-05-20 20:00:35'),(257,'admin',2,'StoreProduct','JVC - CHX1500RF - FM Modulation','2012-05-20 20:00:35'),(258,'admin',2,'StoreProduct','Panasonic CX-DP880U 8-Disc','2012-05-20 20:00:35'),(259,'admin',2,'StoreProduct','JVC - XCM200 - 12-Disc CD','2012-05-20 20:00:35'),(260,'admin',2,'StoreProduct','Pioneer JD-612V 6-disc CD Magazine','2012-05-20 20:00:35'),(261,'admin',2,'StoreProduct','Pioneer JD-1212S 12-disc CD','2012-05-20 20:00:35'),(262,'admin',2,'StoreProduct','Pioneer TSSW2541D Subwoofer','2012-05-20 20:00:35'),(263,'admin',2,'StoreProduct','Pioneer TS-W251R Subwoofer','2012-05-20 20:00:35'),(264,'admin',2,'StoreProduct','Pyle PLSQ10D Red Label Square','2012-05-20 20:00:35'),(265,'admin',2,'StoreProduct','LG HBM-210 Bluetooth Headset','2012-05-20 20:00:35'),(266,'admin',2,'StoreProduct','Samsung AWEP450PBECSTA Bluetooth Headset Black','2012-05-20 20:00:35'),(267,'admin',2,'StoreProduct','Pioneer TS-SW3041D Shallow-Mount Subwoofer','2012-05-20 20:00:35'),(268,'admin',2,'StoreProduct','Pyle PLT-AB8 Subwoofer - PLTAB8','2012-05-20 20:00:35'),(269,'admin',2,'StoreProduct','Motorola H270 Bluetooth Headset','2012-05-20 20:00:35'),(270,'admin',2,'StoreProduct','Canon PIXMA iP4820 Premium','2012-05-20 20:00:35'),(271,'admin',2,'StoreProduct','Epson Stylus R1900 Photo Printer','2012-05-20 20:00:35'),(272,'admin',2,'StoreProduct','Epson Stylus C88+ Inkjet Printer','2012-05-20 20:00:35'),(273,'admin',2,'StoreProduct','Epson Stylus Photo R2880 Color','2012-05-20 20:00:35'),(274,'admin',2,'StoreProduct','Calypso CLP-32LE110 32\" LED 720p HDTV','2012-05-20 20:00:35'),(275,'admin',2,'StoreProduct','Calypso CLP-32LE110 32\" LED 720p HDTV','2012-05-20 20:00:35'),(276,'admin',2,'StoreProduct','Calypso CLP-32LC1A 32\" LCD 720p LCD','2012-05-20 20:00:35'),(277,'admin',2,'StoreProduct','Samsung LN40C650 40\" LCD TV','2012-05-20 20:00:35'),(278,'admin',2,'StoreProduct','Panasonic Viera TC-L42U22 42\" LCD TV','2012-05-20 20:00:35'),(279,'admin',2,'StoreProduct','Test one configuration','2012-05-20 20:00:35'),(280,'admin',2,'StoreProduct','Sony KDL46EX710 46\" LCD 1080p HDTV','2012-05-20 20:00:35'),(281,'admin',2,'StoreProduct','TOMTOM XL 350 Automobile edited','2012-05-20 20:00:35'),(282,'admin',2,'StoreProduct','TOMTOM XXL 550M Automobile Portable Navigator','2012-05-20 20:00:40'),(283,'admin',2,'StoreProduct','TomTom XXL 540 S Portable GPS System','2012-05-20 20:00:40'),(284,'admin',2,'StoreProduct','Garmin Forerunner 205 Portable','2012-05-20 20:00:40'),(285,'admin',2,'StoreProduct','Garmin Forerunner 305 Portable Navigator','2012-05-20 20:00:40'),(286,'admin',2,'StoreProduct','JVC - CHX1500RF - FM Modulation','2012-05-20 20:00:40'),(287,'admin',2,'StoreProduct','Panasonic CX-DP880U 8-Disc','2012-05-20 20:00:40'),(288,'admin',2,'StoreProduct','JVC - XCM200 - 12-Disc CD','2012-05-20 20:00:40'),(289,'admin',2,'StoreProduct','Pioneer JD-612V 6-disc CD Magazine','2012-05-20 20:00:40'),(290,'admin',2,'StoreProduct','Pioneer JD-1212S 12-disc CD','2012-05-20 20:00:40'),(291,'admin',2,'StoreProduct','Pioneer TSSW2541D Subwoofer','2012-05-20 20:00:40'),(292,'admin',2,'StoreProduct','Pioneer TS-W251R Subwoofer','2012-05-20 20:00:40'),(293,'admin',2,'StoreProduct','Pyle PLSQ10D Red Label Square','2012-05-20 20:00:40'),(294,'admin',2,'StoreProduct','LG HBM-210 Bluetooth Headset','2012-05-20 20:00:40'),(295,'admin',2,'StoreProduct','Samsung AWEP450PBECSTA Bluetooth Headset Black','2012-05-20 20:00:40'),(296,'admin',2,'StoreProduct','Pioneer TS-SW3041D Shallow-Mount Subwoofer','2012-05-20 20:00:40'),(297,'admin',2,'StoreProduct','Pyle PLT-AB8 Subwoofer - PLTAB8','2012-05-20 20:00:40'),(298,'admin',2,'StoreProduct','Motorola H270 Bluetooth Headset','2012-05-20 20:00:40'),(299,'admin',2,'StoreProduct','Canon PIXMA iP4820 Premium','2012-05-20 20:00:40'),(300,'admin',2,'StoreProduct','Epson Stylus R1900 Photo Printer','2012-05-20 20:00:40'),(301,'admin',2,'StoreProduct','Epson Stylus C88+ Inkjet Printer','2012-05-20 20:00:40'),(302,'admin',2,'StoreProduct','Epson Stylus Photo R2880 Color','2012-05-20 20:00:40'),(303,'admin',2,'StoreProduct','Calypso CLP-32LE110 32\" LED 720p HDTV','2012-05-20 20:00:40'),(304,'admin',2,'StoreProduct','Calypso CLP-32LE110 32\" LED 720p HDTV','2012-05-20 20:00:40'),(305,'admin',2,'StoreProduct','Calypso CLP-32LC1A 32\" LCD 720p LCD','2012-05-20 20:00:40'),(306,'admin',2,'StoreProduct','Samsung LN40C650 40\" LCD TV','2012-05-20 20:00:40'),(307,'admin',2,'StoreProduct','Panasonic Viera TC-L42U22 42\" LCD TV','2012-05-20 20:00:40'),(308,'admin',2,'StoreProduct','Test one configuration','2012-05-20 20:00:40'),(309,'admin',2,'StoreProduct','Sony KDL46EX710 46\" LCD 1080p HDTV','2012-05-20 20:00:40'),(310,'admin',2,'StoreProduct','TOMTOM XL 350 Automobile edited','2012-05-20 20:00:40'),(311,'admin',2,'StoreProduct','Panasonic DVD-S58 DVD Player','2012-05-20 20:00:48'),(312,'admin',2,'StoreProduct','Panasonic DVD-S58 DVD Player','2012-05-20 20:00:52'),(313,'admin',2,'StoreProduct','Panasonic DVD-S58 DVD Player','2012-05-20 20:00:59'),(314,'admin',2,'Comment','this is test comment','2012-05-20 20:11:03'),(315,'admin',2,'Comment','this is test comment','2012-05-20 20:11:03'),(316,'admin',2,'Comment','this is second comment','2012-05-20 20:11:03'),(317,'admin',2,'Comment','dsfdsfsdf','2012-05-20 20:11:03'),(318,'admin',2,'Comment','dsfdsfsdf','2012-05-20 20:11:03'),(319,'admin',2,'Comment','dsfdsfsdf','2012-05-20 20:11:03'),(320,'admin',2,'Comment','sdf fs f','2012-05-20 20:11:03'),(321,'admin',3,'Comment','this is test comment','2012-05-20 20:11:08'),(322,'admin',3,'Comment','this is test comment','2012-05-20 20:11:08'),(323,'admin',3,'Comment','this is second comment','2012-05-20 20:11:08'),(324,'admin',3,'Comment','dsfdsfsdf','2012-05-20 20:11:08'),(325,'admin',3,'Comment','dsfdsfsdf','2012-05-20 20:11:08'),(326,'admin',3,'Comment','dsfdsfsdf','2012-05-20 20:11:08'),(327,'admin',3,'Comment','sdf fs f','2012-05-20 20:11:08'),(328,'admin',2,'Comment','test comment text','2012-05-20 21:12:16'),(329,'admin',2,'Comment','test comment text','2012-05-20 21:12:19'),(330,'admin',2,'Comment','test comment text','2012-05-20 21:12:21'),(331,'admin',2,'Comment','test comment text','2012-05-20 21:12:23'),(332,'admin',2,'StoreAttribute','dimension','2012-05-20 21:49:26'),(333,'admin',2,'StoreAttribute','dimension','2012-05-20 21:52:34'),(334,'admin',2,'StoreAttribute','variant','2012-05-20 21:52:42'),(335,'admin',2,'User','admin','2012-05-24 21:52:12'),(336,'admin',2,'User','admin','2012-05-24 23:29:10'),(337,'admin',2,'User','admin','2012-05-24 23:36:34'),(338,'admin',1,'StoreProduct','Test configuration by  Dimension','2012-05-25 22:52:17'),(339,'admin',2,'StoreProduct','Test configuration by  Dimension','2012-05-25 22:57:06'),(340,'admin',2,'StoreProductType','Home Theatre','2012-05-25 22:58:16'),(341,'admin',1,'StoreProduct','Test configuration by  Dimension&Variant','2012-05-25 22:58:59'),(342,'admin',3,'Order','55','2012-05-25 23:36:15'),(343,'admin',3,'Order','56','2012-05-25 23:36:15'),(344,'admin',3,'Order','57','2012-05-25 23:54:28'),(345,'admin',3,'Order','58','2012-05-25 23:54:28'),(346,'admin',3,'Order','59','2012-05-26 00:00:49'),(347,'admin',3,'Order','61','2012-05-26 00:00:49'),(348,'admin',3,'Order','60','2012-05-26 00:00:49'),(349,'admin',2,'StoreProduct','Test configuration by  Dimension&Variant','2012-05-26 13:14:55'),(350,'admin',2,'StoreProduct','Test configuration by  Dimension&Variant','2012-05-26 13:51:15'),(351,'admin',2,'StoreProduct','Test configuration by  Dimension&Variant','2012-05-26 13:51:32'),(352,'admin',2,'StoreProduct','Test configuration by  Dimension&Variant','2012-05-26 13:51:42'),(353,'admin',2,'StoreProduct','Test configuration by  Dimension&Variant','2012-05-26 13:52:03'),(354,'admin',2,'StoreProduct','TOMTOM XL 350 Automobile edited','2012-05-26 15:31:45'),(355,'admin',1,'StoreAttribute','image','2012-05-26 18:19:22'),(356,'admin',2,'StoreProduct','TOMTOM XL 350 Automobile edited','2012-05-26 18:19:22'),(357,'admin',2,'StoreProduct','TOMTOM XL 350 Automobile edited','2012-05-26 18:20:01'),(358,'admin',2,'StoreProduct','TOMTOM XL 350 Automobile edited','2012-05-26 18:20:36'),(359,'admin',2,'StoreProduct','Sony KDL46EX710 46\" LCD 1080p HDTV','2012-05-26 18:20:36'),(360,'admin',2,'StoreProduct','TOMTOM XL 350 Automobile edited','2012-05-26 18:21:23'),(361,'admin',2,'StoreProduct','Sony KDL46EX710 46\" LCD 1080p HDTV','2012-05-26 18:21:23'),(362,'admin',2,'StorePaymentMethod','Russian payment','2012-05-26 20:28:32'),(363,'admin',2,'StorePaymentMethod','Russian payment','2012-05-26 20:28:40'),(364,'admin',2,'StorePaymentMethod','Russian payment','2012-05-26 21:37:20'),(365,'admin',2,'StorePaymentMethod','Russian payment','2012-05-26 21:41:41'),(366,'admin',2,'StorePaymentMethod','Russian payment','2012-05-26 22:05:30'),(367,'admin',2,'StorePaymentMethod','Russian payment','2012-05-26 22:23:17'),(368,'admin',2,'StorePaymentMethod','Russian payment','2012-05-26 22:24:07'),(369,'admin',2,'StorePaymentMethod','Russian payment','2012-05-26 22:24:16'),(370,'admin',2,'StorePaymentMethod','Russian payment','2012-05-26 22:25:18'),(371,'admin',2,'StorePaymentMethod','Russian payment','2012-05-26 22:25:44'),(372,'admin',2,'StorePaymentMethod','Russian payment','2012-05-26 22:26:01'),(373,'admin',2,'StorePaymentMethod','Russian payment','2012-05-26 22:26:13'),(374,'admin',2,'StorePaymentMethod','Russian payment','2012-05-26 22:30:19'),(375,'admin',2,'StorePaymentMethod','Russian payment','2012-05-26 22:30:34'),(376,'admin',2,'StorePaymentMethod','Russian payment','2012-05-26 22:31:34'),(377,'admin',2,'StorePaymentMethod','Russian payment','2012-05-26 22:32:01'),(378,'admin',1,'StorePaymentMethod','Наличка','2012-05-26 23:04:12'),(379,'admin',2,'StoreDeliveryMethod','Russian','2012-05-26 23:04:23'),(380,'admin',2,'StorePaymentMethod','Russian payment','2012-05-27 00:07:51'),(381,'admin',2,'StorePaymentMethod','Russian payment','2012-05-27 00:08:19'),(382,'admin',1,'StorePaymentMethod','Robokassa','2012-05-27 13:24:11'),(383,'admin',2,'StoreDeliveryMethod','Russian','2012-06-02 11:13:38'),(384,'admin',2,'StorePaymentMethod','Russian payment','2012-06-02 11:57:39'),(385,'admin',2,'StorePaymentMethod','Russian payment','2012-06-02 12:03:30'),(386,'admin',2,'StorePaymentMethod','Наличка','2012-06-02 12:03:34'),(387,'admin',2,'StorePaymentMethod','Robokassa','2012-06-02 12:03:38'),(388,'admin',2,'StorePaymentMethod','Russian payment','2012-06-02 12:04:21'),(389,'admin',2,'StorePaymentMethod','Russian payment','2012-06-02 12:04:25'),(390,'admin',2,'StorePaymentMethod','Russian payment','2012-06-02 12:10:49'),(391,'admin',2,'StorePaymentMethod','Russian payment','2012-06-02 12:24:42'),(392,'admin',1,'SystemModules','accounting1c','2012-06-03 13:06:10'),(393,'admin',3,'SystemModules','accounting1c','2012-06-04 00:18:18'),(394,'admin',1,'SystemModules','accounting1c','2012-06-04 00:29:14'),(395,'admin',3,'SystemModules','accounting1c','2012-06-04 00:31:36'),(396,'admin',1,'SystemModules','accounting1c','2012-06-04 00:31:54'),(397,'admin',3,'SystemModules','accounting1c','2012-06-04 00:37:08'),(398,'admin',1,'SystemModules','accounting1c','2012-06-04 00:37:11'),(399,'admin',3,'SystemModules','accounting1c','2012-06-04 00:38:27'),(400,'admin',1,'SystemModules','accounting1c','2012-06-04 00:38:30'),(401,'admin',3,'SystemModules','accounting1c','2012-06-04 00:40:00'),(402,'admin',1,'SystemModules','accounting1c','2012-06-04 00:40:10'),(403,'admin',3,'SystemModules','accounting1c','2012-06-04 00:49:18'),(404,'admin',1,'SystemModules','accounting1c','2012-06-04 00:49:21'),(405,'admin',1,'StoreCategory','sdfsdfsd','2012-06-04 01:16:40'),(406,'admin',3,'StoreCategory','sdfsdfsd','2012-06-04 01:16:53'),(407,'admin',3,'StoreProduct','TOMTOM XXL 550M Automobile Portable Navigator','2012-06-04 01:24:18'),(408,'admin',3,'StoreProduct','TomTom XXL 540 S Portable GPS System','2012-06-04 01:24:19'),(409,'admin',3,'StoreProduct','Garmin Forerunner 205 Portable','2012-06-04 01:24:19'),(410,'admin',3,'StoreProduct','Pioneer JD-612V 6-disc CD Magazine','2012-06-04 01:24:19'),(411,'admin',3,'StoreProduct','Panasonic CX-DP880U 8-Disc','2012-06-04 01:24:19'),(412,'admin',3,'StoreProduct','JVC - XCM200 - 12-Disc CD','2012-06-04 01:24:19'),(413,'admin',3,'StoreProduct','JVC - CHX1500RF - FM Modulation','2012-06-04 01:24:19'),(414,'admin',3,'StoreProduct','Garmin Forerunner 305 Portable Navigator','2012-06-04 01:24:19'),(415,'admin',3,'StoreProduct','Calypso CLP-32LE110 32\" LED 720p HDTV','2012-06-04 01:24:19'),(416,'admin',3,'StoreProduct','Motorola H270 Bluetooth Headset','2012-06-04 01:24:19'),(417,'admin',3,'StoreProduct','LG HBM-210 Bluetooth Headset','2012-06-04 01:24:19'),(418,'admin',3,'StoreProduct','Samsung AWEP450PBECSTA Bluetooth Headset Black','2012-06-04 01:24:19'),(419,'admin',3,'StoreProduct','Pioneer TS-SW3041D Shallow-Mount Subwoofer','2012-06-04 01:24:19'),(420,'admin',3,'StoreProduct','Pyle PLT-AB8 Subwoofer - PLTAB8','2012-06-04 01:24:19'),(421,'admin',3,'StoreProduct','Pyle PLSQ10D Red Label Square','2012-06-04 01:24:19'),(422,'admin',3,'StoreProduct','Pioneer TS-W251R Subwoofer','2012-06-04 01:24:19'),(423,'admin',3,'StoreProduct','Pioneer TSSW2541D Subwoofer','2012-06-04 01:24:19'),(424,'admin',3,'StoreProduct','Pioneer JD-1212S 12-disc CD','2012-06-04 01:24:19'),(425,'admin',3,'StoreProduct','TOMTOM XL 350 Automobile edited','2012-06-04 01:24:19'),(426,'admin',3,'StoreProduct','Sony KDL46EX710 46\" LCD 1080p HDTV','2012-06-04 01:24:19'),(427,'admin',3,'StoreProduct','Test one configuration','2012-06-04 01:24:19'),(428,'admin',3,'StoreProduct','Panasonic Viera TC-L42U22 42\" LCD TV','2012-06-04 01:24:19'),(429,'admin',3,'StoreProduct','Samsung LN40C650 40\" LCD TV','2012-06-04 01:24:19'),(430,'admin',3,'StoreProduct','Calypso CLP-32LC1A 32\" LCD 720p LCD','2012-06-04 01:24:19'),(431,'admin',3,'StoreProduct','Calypso CLP-32LE110 32\" LED 720p HDTV','2012-06-04 01:24:19'),(432,'admin',3,'StoreProduct','Test configuration by  Dimension','2012-06-04 01:24:19'),(433,'admin',3,'StoreProduct','Test configuration by  Dimension&Variant','2012-06-04 01:24:19'),(553,'admin',3,'StoreAttribute','obktiv','2012-06-04 11:15:13'),(552,'admin',3,'StoreAttribute','klas','2012-06-04 11:15:13'),(551,'admin',3,'StoreAttribute','matricya','2012-06-04 11:15:13'),(550,'admin',3,'StoreAttribute','virobnik','2012-06-04 11:15:13'),(549,'admin',3,'StoreAttribute','interfeisi','2012-06-04 11:15:13'),(548,'admin',3,'StoreAttribute','garantiya','2012-06-04 11:15:13'),(547,'admin',3,'StoreAttribute','zum','2012-06-04 11:15:13'),(546,'admin',3,'StoreAttribute','proizvoditel','2012-06-04 11:15:13'),(545,'admin',3,'StoreAttribute','displei','2012-06-04 11:15:13'),(544,'admin',1,'StoreProductType','Simple Product','2012-06-04 11:01:55'),(543,'admin',3,'StoreProductType','Video','2012-06-04 11:01:37'),(542,'admin',3,'StoreProductType','Home Theatre','2012-06-04 11:01:37'),(541,'admin',3,'StoreProductType','Foto','2012-06-04 11:01:37'),(540,'admin',3,'StoreProductType','Phone','2012-06-04 11:01:37'),(539,'admin',3,'StoreProductType','Car music','2012-06-04 11:01:37'),(538,'admin',3,'StoreAttribute','image','2012-06-04 11:01:31'),(537,'admin',3,'StoreAttribute','variant','2012-06-04 11:01:31'),(536,'admin',3,'StoreAttribute','dimension','2012-06-04 11:01:31'),(535,'admin',3,'Order','62','2012-06-04 10:45:03'),(534,'admin',3,'Order','63','2012-06-04 10:45:03'),(533,'admin',3,'Order','64','2012-06-04 10:45:03'),(532,'admin',3,'Order','66','2012-06-04 10:45:03'),(531,'admin',3,'Order','65','2012-06-04 10:45:03'),(530,'admin',3,'StoreCategory','Фото та Відео','2012-06-04 01:39:40'),(529,'admin',3,'StoreCategory','Фото та Відео','2012-06-04 01:39:37'),(528,'admin',3,'StoreCategory','Фото та Відео','2012-06-04 01:39:33'),(527,'admin',3,'StoreCategory','Фотопапір','2012-06-04 01:39:29'),(526,'admin',3,'StoreCategory','Сумки для цифрового обладнання','2012-06-04 01:39:24'),(524,'admin',3,'StoreCategory','Цифрові носії','2012-06-04 01:39:15'),(525,'admin',3,'StoreCategory','Штативи для фото-відео обладнання','2012-06-04 01:39:20'),(592,'admin',3,'StoreAttribute','vidoshukach','2012-06-04 11:37:25'),(591,'admin',3,'StoreAttribute','obktiv','2012-06-04 11:37:25'),(590,'admin',3,'StoreAttribute','ovirobnik','2012-06-04 11:37:25'),(589,'admin',3,'StoreAttribute','makrorezhim','2012-06-04 11:37:25'),(588,'admin',3,'StoreAttribute','opis','2012-06-04 11:37:25'),(587,'admin',3,'StoreAttribute','proizvoditel','2012-06-04 11:37:25'),(586,'admin',3,'StoreAttribute','model','2012-06-04 11:37:25'),(585,'admin',3,'StoreAttribute','garantiya','2012-06-04 11:37:25'),(584,'admin',3,'StoreAttribute','material','2012-06-04 11:37:24'),(583,'admin',3,'StoreAttribute','material','2012-06-04 11:25:32'),(582,'admin',3,'StoreAttribute','interfeisi','2012-06-04 11:25:32'),(580,'admin',3,'StoreAttribute','matricya','2012-06-04 11:25:32'),(581,'admin',3,'StoreAttribute','opis','2012-06-04 11:25:32'),(579,'admin',3,'StoreAttribute','displei','2012-06-04 11:25:32'),(578,'admin',3,'StoreAttribute','garantiya','2012-06-04 11:25:32'),(577,'admin',3,'StoreAttribute','proizvoditel','2012-06-04 11:25:32'),(576,'admin',3,'StoreAttribute','klas','2012-06-04 11:25:32'),(575,'admin',3,'StoreAttribute','svitlochutlivist','2012-06-04 11:25:32'),(574,'admin',3,'StoreAttribute','model','2012-06-04 11:25:32'),(573,'admin',3,'StoreAttribute','makrorezhim','2012-06-04 11:25:32'),(572,'admin',3,'StoreAttribute','ovirobnik','2012-06-04 11:25:32'),(571,'admin',3,'StoreAttribute','obktiv','2012-06-04 11:25:32'),(570,'admin',3,'StoreAttribute','vidoshukach','2012-06-04 11:25:32'),(569,'admin',3,'StoreAttribute','virobnik','2012-06-04 11:25:32'),(568,'admin',3,'StoreAttribute','zum','2012-06-04 11:25:32'),(567,'admin',3,'StoreCategory','Фото та Відео','2012-06-04 11:16:12'),(554,'admin',3,'StoreAttribute','material','2012-06-04 11:15:13'),(555,'admin',3,'StoreAttribute','makrorezhim','2012-06-04 11:15:13'),(556,'admin',3,'StoreAttribute','model','2012-06-04 11:15:13'),(557,'admin',3,'StoreAttribute','svitlochutlivist','2012-06-04 11:15:13'),(558,'admin',3,'StoreAttribute','opis','2012-06-04 11:15:13'),(559,'admin',3,'StoreAttribute','ovirobnik','2012-06-04 11:15:13'),(560,'admin',3,'StoreAttribute','vidoshukach','2012-06-04 11:15:14'),(561,'admin',3,'StoreCategory','Цифрове фото','2012-06-04 11:15:47'),(562,'admin',3,'StoreCategory','Цифрове відео','2012-06-04 11:15:51'),(563,'admin',3,'StoreCategory','Цифрові носії','2012-06-04 11:15:55'),(564,'admin',3,'StoreCategory','Штативи для фото-відео обладнання','2012-06-04 11:15:59'),(565,'admin',3,'StoreCategory','Сумки для цифрового обладнання','2012-06-04 11:16:04'),(566,'admin',3,'StoreCategory','Фотопапір','2012-06-04 11:16:08'),(606,'admin',3,'StoreProduct','Футляр для фото/відео камер PORT Designs Ibiza S Black чорно-оранжева','2012-06-04 12:14:30'),(605,'admin',3,'StoreCategory','Фото та Відео','2012-06-04 11:38:17'),(604,'admin',3,'StoreCategory','Цифрове фото','2012-06-04 11:38:13'),(603,'admin',3,'StoreCategory','Цифрові носії','2012-06-04 11:38:09'),(602,'admin',3,'StoreCategory','Фотопапір','2012-06-04 11:38:05'),(601,'admin',3,'StoreCategory','Сумки для цифрового обладнання','2012-06-04 11:38:01'),(600,'admin',3,'StoreCategory','Цифрове відео','2012-06-04 11:37:57'),(599,'admin',3,'StoreCategory','Штативи для фото-відео обладнання','2012-06-04 11:37:53'),(598,'admin',3,'StoreAttribute','virobnik','2012-06-04 11:37:25'),(596,'admin',3,'StoreAttribute','zum','2012-06-04 11:37:25'),(597,'admin',3,'StoreAttribute','displei','2012-06-04 11:37:25'),(595,'admin',3,'StoreAttribute','svitlochutlivist','2012-06-04 11:37:25'),(594,'admin',3,'StoreAttribute','interfeisi','2012-06-04 11:37:25'),(593,'admin',3,'StoreAttribute','matricya','2012-06-04 11:37:25'),(607,'admin',3,'StoreProduct','Футляр для фото/відео камер PORT Designs Ibiza SLR L Black чорно-оранжева','2012-06-04 12:14:30'),(608,'admin',3,'StoreProduct','Цифр. відеокамера Canon FS306 Legria Blue','2012-06-04 12:14:30'),(609,'admin',3,'StoreProduct','Цифр. відеокамера Canon FS306 Legria Red','2012-06-04 12:14:31'),(610,'admin',3,'StoreProduct','Цифр. відеокамера Canon FS306 Legria Silver','2012-06-04 12:14:31'),(611,'admin',3,'StoreProduct','Цифр. відеокамера Panasonic HDC-SD60EE-K, чорна','2012-06-04 12:14:31'),(612,'admin',3,'StoreProduct','Цифр. відеокамера Panasonic SDR-H85EE-S срібна','2012-06-04 12:14:31'),(613,'admin',3,'StoreProduct','Цифр. відеокамера Panasonic SDR-S50EE-K, чорна','2012-06-04 12:14:31'),(614,'admin',3,'StoreProduct','Цифр. відеокамера Panasonic SDR-T50EE-K, чорна','2012-06-04 12:14:31'),(615,'admin',3,'StoreProduct','Цифр. відеокамера Samsung VP-D381','2012-06-04 12:14:31'),(616,'admin',3,'StoreProduct','Цифр. відеокамера Sony DCR-SX44E, срібна','2012-06-04 12:14:31'),(617,'admin',3,'StoreProduct','Цифр.фотоапарат BenQ DC C1430 Black','2012-06-04 12:14:31'),(618,'admin',3,'StoreProduct','Цифр.фотоапарат BenQ DC C1430 Silver','2012-06-04 12:14:31'),(619,'admin',3,'StoreProduct','Цифр.фотоапарат Canon IXUS 130 IS black','2012-06-04 12:14:31'),(620,'admin',3,'StoreProduct','Цифр.фотоапарат Canon IXUS 130 IS orange','2012-06-04 12:14:31'),(621,'admin',3,'StoreProduct','Цифр.фотоапарат Canon IXUS 210 IS black','2012-06-04 12:14:31'),(622,'admin',3,'StoreProduct','Цифр.фотоапарат Canon IXUS 300 HS black','2012-06-04 12:14:31'),(623,'admin',3,'StoreProduct','Цифр.фотоапарат Canon IXUS 95 IS Blue','2012-06-04 12:14:31'),(624,'admin',3,'StoreProduct','Цифр.фотоапарат Canon PowerShot A1100 IS Silver','2012-06-04 12:14:31'),(625,'admin',3,'StoreProduct','Цифр.фотоапарат Canon PowerShot A2200 IS Silver','2012-06-04 12:14:31'),(626,'admin',3,'StoreProduct','Цифр.фотоапарат Canon PowerShot A3000 IS Silver','2012-06-04 12:14:31'),(627,'admin',3,'StoreProduct','Цифр.фотоапарат Canon PowerShot A3100 IS Silver','2012-06-04 12:14:31'),(628,'admin',3,'StoreProduct','Цифр.фотоапарат Canon PowerShot A490 Silver','2012-06-04 12:14:31'),(629,'admin',3,'StoreProduct','Цифр.фотоапарат Canon PowerShot A495 Silver','2012-06-04 12:14:31'),(630,'admin',3,'StoreProduct','Цифр.фотоапарат Canon PowerShot A800 Black','2012-06-04 12:14:31'),(631,'admin',3,'StoreProduct','Цифр.фотоапарат Canon PowerShot A800 Red','2012-06-04 12:14:31'),(632,'admin',3,'StoreProduct','Цифр.фотоапарат Canon PowerShot A800 Silver','2012-06-04 12:14:31'),(633,'admin',3,'StoreProduct','Цифр.фотоапарат Canon PowerShot SX120 IS чорний','2012-06-04 12:14:31'),(634,'admin',3,'StoreProduct','Цифр.фотоапарат Canon PowerShot SX210 IS Pur','2012-06-04 12:14:31'),(635,'admin',3,'StoreProduct','Цифр.фотоапарат Canon PowerShot SX210 IS чорний','2012-06-04 12:14:31'),(636,'admin',3,'StoreProduct','Фотопапір ColorWay A4, 190 г/м2,   20л, матовий','2012-06-04 12:14:37'),(637,'admin',3,'StoreProduct','Фотопапір ColorWay A4, 210 г/м2,   20л, глянцевий','2012-06-04 12:14:37'),(638,'admin',3,'StoreProduct','Фотопапір ColorWay A4, 210 г/м2,   50л, глянцевий','2012-06-04 12:14:37'),(639,'admin',3,'StoreProduct','Фотопапір ColorWay A4, 220 г/м2,   20л, глянцевий двoсторонній','2012-06-04 12:14:37'),(640,'admin',3,'StoreProduct','Фотопапір ColorWay A4, 220 г/м2,   50л, глянцевий двoсторонній','2012-06-04 12:14:37'),(641,'admin',3,'StoreProduct','Фотопапір ColorWay A4, 220 г/м2,   50л, матовий двосторонній','2012-06-04 12:14:37'),(642,'admin',3,'StoreProduct','Фотопапір ColorWay A4, 240 г/м2,   20л, глянцевий','2012-06-04 12:14:37'),(643,'admin',3,'StoreProduct','Фотопапір ColorWay A4, 240 г/м2,   20л, суперглянцевий','2012-06-04 12:14:37'),(644,'admin',3,'StoreProduct','Фотопапір ColorWay A4, 240 г/м2,   50л, глянцевий','2012-06-04 12:14:37'),(645,'admin',3,'StoreProduct','Фотопапір ColorWay A4, 240 г/м2,   50л, суперглянцевий','2012-06-04 12:14:37'),(646,'admin',3,'StoreProduct','Фотопапір ColorWay A4, 260 г/м2,   20л, сатин мікропористий','2012-06-04 12:14:37'),(647,'admin',3,'StoreProduct','Фотопапір ColorWay A4, 260 г/м2,   20л, суперглянцевий','2012-06-04 12:14:37'),(648,'admin',3,'StoreProduct','Фотопапір ColorWay A4, 260 г/м2,   20л, суперглянцевий шовковий','2012-06-04 12:14:37'),(649,'admin',3,'StoreProduct','Фотопапір ColorWay A4, 260 г/м2,   50л, суперглянцевий','2012-06-04 12:14:37'),(650,'admin',3,'StoreProduct','Фотопапір рулонний ColorWay, 24\"x30m, 135 г/м2, глянцевий','2012-06-04 12:14:37'),(651,'admin',3,'StoreProduct','Фотопапір рулонний ColorWay, 36\"x30m, 135 г/м2, глянцевий','2012-06-04 12:14:37'),(652,'admin',3,'StoreProduct','Футляр для GPS 4,7\" PORT Designs  Pouch LIMA 4 3 4 7','2012-06-04 12:14:37'),(653,'admin',3,'StoreProduct','Футляр для фото камер LC Sport-129, Black чорний','2012-06-04 12:14:37'),(654,'admin',3,'StoreProduct','Футляр для фото камер LC Sport-239, Black чорний','2012-06-04 12:14:37'),(655,'admin',3,'StoreProduct','Футляр для фото камер Sony LCS-TWС/C для T, W серії, світло-коричнева','2012-06-04 12:14:37'),(656,'admin',3,'StoreProduct','Футляр для фото камер VAX 8001 Aribau Black чорний','2012-06-04 12:14:37'),(657,'admin',3,'StoreProduct','Футляр для фото камер VAX 8002 Aribau Orange оранжевий','2012-06-04 12:14:37'),(658,'admin',3,'StoreProduct','Футляр для фото камер VAX 8003 Aribau Red червоний','2012-06-04 12:14:37'),(659,'admin',3,'StoreProduct','Футляр для фото камер VAX 8005 Aribau Grey сірий','2012-06-04 12:14:37'),(660,'admin',3,'StoreProduct','Футляр для фото/відео камер PORT Designs Casablanca L','2012-06-04 12:14:37'),(661,'admin',3,'StoreProduct','Футляр для фото/відео камер PORT Designs Casablanca L Black чорно-сіра','2012-06-04 12:14:37'),(662,'admin',3,'StoreProduct','Футляр для фото/відео камер PORT Designs Casablanca S','2012-06-04 12:14:37'),(663,'admin',3,'StoreProduct','Футляр для фото/відео камер PORT Designs Casablanca S Black чорно-сіра','2012-06-04 12:14:37'),(664,'admin',3,'StoreProduct','Футляр для фото/відео камер PORT Designs Ibiza L Black чорно-оранжева','2012-06-04 12:14:37'),(665,'admin',3,'StoreProduct','Футляр для фото/відео камер PORT Designs Ibiza SLR S Black чорно-оранжева','2012-06-04 12:14:37'),(666,'admin',3,'StoreProduct','Фотопапір ColorWay 10*15, 150 г/м2,   50л, глянцевий','2012-06-04 12:14:43'),(667,'admin',3,'StoreProduct','Фотопапір ColorWay 10*15, 180 г/м2, 500л, глянцевий','2012-06-04 12:14:43'),(668,'admin',3,'StoreProduct','Фотопапір ColorWay 10*15, 180 г/м2, 50л, глянцевий','2012-06-04 12:14:43'),(669,'admin',3,'StoreProduct','Фотопапір ColorWay 10*15, 190 г/м2,  20л, матовий','2012-06-04 12:14:43'),(670,'admin',3,'StoreProduct','Фотопапір ColorWay 10*15, 190 г/м2,  50л, матовий','2012-06-04 12:14:43'),(671,'admin',3,'StoreProduct','Фотопапір ColorWay 10*15, 190 г/м2, 100л, матовий','2012-06-04 12:14:43'),(672,'admin',3,'StoreProduct','Фотопапір ColorWay 10*15, 210 г/м2, 100л, глянцевий','2012-06-04 12:14:43'),(673,'admin',3,'StoreProduct','Фотопапір ColorWay 10*15, 210 г/м2, 500л, глянцевий','2012-06-04 12:14:44'),(674,'admin',3,'StoreProduct','Фотопапір ColorWay 10*15, 240 г/м2,   20л, глянцевий','2012-06-04 12:14:44'),(675,'admin',3,'StoreProduct','Фотопапір ColorWay 10*15, 240 г/м2,   50л, глянцевий','2012-06-04 12:14:44'),(676,'admin',3,'StoreProduct','Фотопапір ColorWay 10*15, 240 г/м2, 100л, глянцевий','2012-06-04 12:14:44'),(677,'admin',3,'StoreProduct','Фотопапір ColorWay 10*15, 260 г/м2,   20л, глянцевий','2012-06-04 12:14:44'),(678,'admin',3,'StoreProduct','Фотопапір ColorWay 10*15, 260 г/м2,   20л, сатин мікропористий','2012-06-04 12:14:44'),(679,'admin',3,'StoreProduct','Фотопапір ColorWay 10*15, 260 г/м2,   20л, суперглянцевий мікропористий','2012-06-04 12:14:44'),(680,'admin',3,'StoreProduct','Фотопапір ColorWay 10*15, 260 г/м2,   20л, суперглянцевий шовковий','2012-06-04 12:14:44'),(681,'admin',3,'StoreProduct','Фотопапір ColorWay 10*15, 260 г/м2,   50л, глянцевий','2012-06-04 12:14:44'),(682,'admin',3,'StoreProduct','Фотопапір ColorWay 10*15, 260 г/м2, 100л, глянцевий','2012-06-04 12:14:44'),(683,'admin',3,'StoreProduct','Фотопапір ColorWay A4, 108 г/м2,   50л, матовий','2012-06-04 12:14:44'),(684,'admin',3,'StoreProduct','Фотопапір ColorWay A4, 108 г/м2, 100л, матовий','2012-06-04 12:14:44'),(685,'admin',3,'StoreProduct','Фотопапір ColorWay A4, 130 г/м2,   100л, глянцевий','2012-06-04 12:14:44'),(686,'admin',3,'StoreProduct','Фотопапір ColorWay A4, 130 г/м2,   20л, глянцевий','2012-06-04 12:14:44'),(687,'admin',3,'StoreProduct','Фотопапір ColorWay A4, 135 г/м2,   20л, матовий','2012-06-04 12:14:44'),(688,'admin',3,'StoreProduct','Фотопапір ColorWay A4, 135 г/м2,  100л, матовий','2012-06-04 12:14:44'),(689,'admin',3,'StoreProduct','Фотопапір ColorWay A4, 140 г/м2,   50л, матовий двосторонній','2012-06-04 12:14:44'),(690,'admin',3,'StoreProduct','Фотопапір ColorWay A4, 150 г/м2,   100л, глянцевий','2012-06-04 12:14:44'),(691,'admin',3,'StoreProduct','Фотопапір ColorWay A4, 150 г/м2,   20л, глянцевий','2012-06-04 12:14:44'),(692,'admin',3,'StoreProduct','Фотопапір ColorWay A4, 150 г/м2,   50л, глянцевий','2012-06-04 12:14:44'),(693,'admin',3,'StoreProduct','Фотопапір ColorWay A4, 155 г/м2,   50л, глянцевий двoсторонній','2012-06-04 12:14:44'),(694,'admin',3,'StoreProduct','Фотопапір ColorWay A4, 180 г/м2,   20л, глянцевий','2012-06-04 12:14:44'),(695,'admin',3,'StoreProduct','Фотопапір ColorWay A4, 180 г/м2,   50л, глянцевий','2012-06-04 12:14:44'),(696,'admin',3,'StoreProduct','Memory card Secure Digital Micro 4Gb Toshiba','2012-06-04 12:14:50'),(697,'admin',3,'StoreProduct','Memory card Secure Digital Micro 4Gb Toshiba + case + SD adapter','2012-06-04 12:14:50'),(698,'admin',3,'StoreProduct','Memory card Secure Digital Micro 4Gb Transcend SDHC with adapter','2012-06-04 12:14:50'),(699,'admin',3,'StoreProduct','Memory card Secure Digital Micro 8Gb GoodRam Retail9 + adapter','2012-06-04 12:14:51'),(700,'admin',3,'StoreProduct','Memory card Secure Digital Micro 8Gb GoodRam SDHC(4)','2012-06-04 12:14:51'),(701,'admin',3,'StoreProduct','Memory card Secure Digital Micro 8Gb Kingston SDHC','2012-06-04 12:14:51'),(702,'admin',3,'StoreProduct','Memory card Secure Digital Micro 8Gb Patriot SDHC(10)','2012-06-04 12:14:51'),(703,'admin',3,'StoreProduct','Memory card Secure Digital Micro 8Gb Patriot SDHC(4)','2012-06-04 12:14:51'),(704,'admin',3,'StoreProduct','Memory card Secure Digital Micro 8Gb TakeMS SDHC(4) Retail','2012-06-04 12:14:51'),(705,'admin',3,'StoreProduct','Memory card Secure Digital Micro 8Gb Toshiba SDHC(4)','2012-06-04 12:14:51'),(706,'admin',3,'StoreProduct','Memory card Secure Digital Micro 8Gb Toshiba SDHC(4) + case + adapter','2012-06-04 12:14:51'),(707,'admin',3,'StoreProduct','Memory card Secure Digital Micro 8Gb Transcend SDHC(6)','2012-06-04 12:14:51'),(708,'admin',3,'StoreProduct','Memory card Secure Digital Micro 8Gb Transcend SDHC(6)+SD adapter','2012-06-04 12:14:51'),(709,'admin',3,'StoreProduct','Memory card Secure Digital XC   64Gb Patriot Cl10','2012-06-04 12:14:51'),(710,'admin',3,'StoreProduct','Захисний чохол iPhone Case, Modecom HANDY, чорний','2012-06-04 12:14:51'),(711,'admin',3,'StoreProduct','Рюкзак для фото/відео камер    PORT Designs Casablanca','2012-06-04 12:14:51'),(712,'admin',3,'StoreProduct','Фотопапір ACME A4 115 г/м2 100л глянцевий (value pack)','2012-06-04 12:14:51'),(713,'admin',3,'StoreProduct','Фотопапір ACME A4 150 г/м2  50л глянцевий (value pack)','2012-06-04 12:14:51'),(714,'admin',3,'StoreProduct','Фотопапір ACME A4 170 г/м2  100л глянцевий  (value pack)','2012-06-04 12:14:51'),(715,'admin',3,'StoreProduct','Фотопапір ACME A4 170 г/м2  20л глянцевий (value pack)','2012-06-04 12:14:51'),(716,'admin',3,'StoreProduct','Фотопапір ACME A6 (10*15) 115 г/м2 100л глянцевий (value pack)','2012-06-04 12:14:51'),(717,'admin',3,'StoreProduct','Фотопапір ACME A6 (10*15) 150 г/м2 100л глянцевий (value pack)','2012-06-04 12:14:51'),(718,'admin',3,'StoreProduct','Фотопапір ACME A6 (10*15) 170 г/м2 20 л глянцевий (value pack)','2012-06-04 12:14:51'),(719,'admin',3,'StoreProduct','Фотопапір Black Point A4, 230г/м2,  63л, глянцевий','2012-06-04 12:14:51'),(720,'admin',3,'StoreProduct','Фотопапір Black Point A4, 260г/м2,  25л, глянцевий','2012-06-04 12:14:51'),(721,'admin',3,'StoreProduct','Фотопапір Black Point A4, 260г/м2,  63л, глянцевий','2012-06-04 12:14:51'),(722,'admin',3,'StoreProduct','Фотопапір Black Point A6(10*15), 260г/м2,  125л, глянцевий','2012-06-04 12:14:51'),(723,'admin',3,'StoreProduct','Фотопапір Black Point A6(10*15), 260г/м2,  32л, глянцевий','2012-06-04 12:14:51'),(724,'admin',3,'StoreProduct','Фотопапір ColorWay 10*15, 180 г/м2, 100л, глянцевий','2012-06-04 12:14:51'),(725,'admin',3,'StoreProduct','Фотопапір ColorWay 10*15, 180 г/м2, 20л, глянцевий','2012-06-04 12:14:51'),(726,'admin',3,'StoreProduct','Memory card Secure Digital Micro 16Gb Toshiba SDHC + SD adapter','2012-06-04 12:14:58'),(727,'admin',3,'StoreProduct','Memory card Secure Digital Micro 16Gb Toshiba + SD adapter','2012-06-04 12:14:58'),(728,'admin',3,'StoreProduct','Memory card Secure Digital Micro 16Gb Patriot SDHC(4) + SD adapter','2012-06-04 12:14:58'),(729,'admin',3,'StoreProduct','Memory card Secure Digital Micro 16Gb GoodRam SDHC(2)','2012-06-04 12:14:58'),(730,'admin',3,'StoreProduct','Memory card Secure Digital Micro 16Gb GoodRam Retail9+ adapter','2012-06-04 12:14:58'),(731,'admin',3,'StoreProduct','Memory card Secure Digital 8Gb, Kingston class4','2012-06-04 12:14:58'),(732,'admin',3,'StoreProduct','Memory card Memory Stick M2 8Gb Goodram +pro Duo adapter','2012-06-04 12:14:58'),(733,'admin',3,'StoreProduct','Memory card Secure Digital 4Gb SDHC Transcend Cl4','2012-06-04 12:14:58'),(734,'admin',3,'StoreProduct','Memory card Secure Digital 4Gb Toshiba Retail SDHC class2','2012-06-04 12:14:58'),(735,'admin',3,'StoreProduct','Memory card Secure Digital 4Gb Toshiba Retail SDHC class4','2012-06-04 12:14:58'),(736,'admin',3,'StoreProduct','Memory card Secure Digital 4Gb, SDHC, Kingston (cl)','2012-06-04 12:14:58'),(737,'admin',3,'StoreProduct','Memory card Secure Digital 8Gb SDHC GoodRam (cl6)','2012-06-04 12:14:58'),(738,'admin',3,'StoreProduct','Memory card Secure Digital 8Gb SDHC GoodRam (cl6) Slim Retail','2012-06-04 12:14:58'),(739,'admin',3,'StoreProduct','Memory card Secure Digital 8Gb SDHC Patriot Class 10','2012-06-04 12:14:58'),(740,'admin',3,'StoreProduct','Memory card Secure Digital 8Gb SDHC Patriot class 6','2012-06-04 12:14:58'),(741,'admin',3,'StoreProduct','Memory card Secure Digital 8Gb SDHC Transcend Cl2','2012-06-04 12:14:58'),(742,'admin',3,'StoreProduct','Memory card Secure Digital 8Gb SDHC Transcend Cl4','2012-06-04 12:14:58'),(743,'admin',3,'StoreProduct','Memory card Secure Digital 8Gb Toshiba Retail SDHC class10','2012-06-04 12:14:59'),(744,'admin',3,'StoreProduct','Memory card Secure Digital 8Gb Toshiba Retail SDHC class2','2012-06-04 12:14:59'),(745,'admin',3,'StoreProduct','Memory card Secure Digital 8Gb Toshiba Retail SDHC class6','2012-06-04 12:14:59'),(746,'admin',3,'StoreProduct','Memory card Secure Digital Micro 2Gb Goodram Retail9+ adapter','2012-06-04 12:14:59'),(747,'admin',3,'StoreProduct','Memory card Secure Digital Micro 2Gb GoodRam Slim Retail','2012-06-04 12:14:59'),(748,'admin',3,'StoreProduct','Memory card Secure Digital Micro 2Gb Kingston','2012-06-04 12:14:59'),(749,'admin',3,'StoreProduct','Memory card Secure Digital Micro 2Gb Patriot 3 in 1','2012-06-04 12:14:59'),(750,'admin',3,'StoreProduct','Memory card Secure Digital Micro 2Gb TakeMS 2 Gb Retail','2012-06-04 12:14:59'),(751,'admin',3,'StoreProduct','Memory card Secure Digital Micro 4Gb GoodRam Retail9 + adapter','2012-06-04 12:14:59'),(752,'admin',3,'StoreProduct','Memory card Secure Digital Micro 4Gb GoodRam SDHC class 4 Slim Retail','2012-06-04 12:14:59'),(753,'admin',3,'StoreProduct','Memory card Secure Digital Micro 4Gb Kingston SDHC','2012-06-04 12:14:59'),(754,'admin',3,'StoreProduct','Memory card Secure Digital Micro 4Gb Patriot SDHC(4)','2012-06-04 12:14:59'),(755,'admin',3,'StoreProduct','Memory card Secure Digital Micro 4Gb TakeMS (class4) Retail','2012-06-04 12:14:59'),(756,'admin',3,'StoreProduct','(у) Цифр.фотоапарат Canon PowerShot A1100 IS Silver','2012-06-04 12:15:05'),(757,'admin',3,'StoreProduct','Epson 10x15см 500л, 225г/м2, Glossy Photo Paper, C13S042201','2012-06-04 12:15:05'),(758,'admin',3,'StoreProduct','Epson 10x15см 500л, 225г/м2, Semi-Glossy Photo Paper, C13S042200','2012-06-04 12:15:05'),(759,'admin',3,'StoreProduct','Epson 10х15см, 100л., Premium Glossy Photo Paper','2012-06-04 12:15:05'),(760,'admin',3,'StoreProduct','Epson A4 20л, 251г/м2, Prem.Semigl.Paper, C13S041332','2012-06-04 12:15:05'),(761,'admin',3,'StoreProduct','HP 24\"x45m, C6035A, Bright White Inkjet Paper','2012-06-04 12:15:05'),(762,'admin',3,'StoreProduct','HP 36\"x30m, C6030С, Heavyweight Coated Paper','2012-06-04 12:15:05'),(763,'admin',3,'StoreProduct','HP 36\"x45m, Q1405A, Coated Paper','2012-06-04 12:15:05'),(764,'admin',3,'StoreProduct','HP 42\"x45m, Q1406A, Coated Paper','2012-06-04 12:15:05'),(765,'admin',3,'StoreProduct','HP A4, C6951A, 20л, Premium Plus Photo Paper satin-matt','2012-06-04 12:15:05'),(766,'admin',3,'StoreProduct','Memory card Compact Flash 16Gb Patriot','2012-06-04 12:15:05'),(767,'admin',3,'StoreProduct','Memory card Compact Flash 16Gb Pretec 233X','2012-06-04 12:15:05'),(768,'admin',3,'StoreProduct','Memory card Compact Flash 32Gb Patriot','2012-06-04 12:15:05'),(769,'admin',3,'StoreProduct','Memory card Compact Flash 32Gb Patriot','2012-06-04 12:15:05'),(770,'admin',3,'StoreProduct','Memory card Compact Flash 4G Pretec 40x','2012-06-04 12:15:05'),(771,'admin',3,'StoreProduct','Memory card Compact Flash 4Gb Patriot','2012-06-04 12:15:05'),(772,'admin',3,'StoreProduct','Memory card Compact Flash 64Gb Patriot','2012-06-04 12:15:05'),(773,'admin',3,'StoreProduct','Memory card Compact Flash 8Gb Patriot','2012-06-04 12:15:05'),(774,'admin',3,'StoreProduct','Memory card Compact Flash 8Gb Patriot','2012-06-04 12:15:05'),(775,'admin',3,'StoreProduct','Memory card Memory Stick M2 2Gb Goodram +pro Duo adapter','2012-06-04 12:15:05'),(776,'admin',3,'StoreProduct','Memory card Memory Stick M2 4Gb Goodram +pro Duo adapter','2012-06-04 12:15:05'),(777,'admin',3,'StoreProduct','Memory card Secure Digital 16Gb SDHC GoodRam (cl4)','2012-06-04 12:15:05'),(778,'admin',3,'StoreProduct','Memory card Secure Digital 16Gb Toshiba Retail SDHC class10','2012-06-04 12:15:05'),(779,'admin',3,'StoreProduct','Memory card Secure Digital 16Gb Transcend 600X','2012-06-04 12:15:05'),(780,'admin',3,'StoreProduct','Memory card Secure Digital 1Gb TakeMS 60x','2012-06-04 12:15:05'),(781,'admin',3,'StoreProduct','Memory card Secure Digital 2Gb GoodRam New Retail 9','2012-06-04 12:15:05'),(782,'admin',3,'StoreProduct','Memory card Secure Digital 32Gb SDHC Patriot class 10','2012-06-04 12:15:06'),(783,'admin',3,'StoreProduct','Memory card Secure Digital 4Gb SDHC GoodRam - New Retail (cl6)','2012-06-04 12:15:06'),(784,'admin',3,'StoreProduct','Memory card Secure Digital 4Gb SDHC GoodRam (cl6)','2012-06-04 12:15:06'),(785,'admin',3,'StoreProduct','Memory card Secure Digital 4Gb SDHC Patriot Cl 6','2012-06-04 12:15:06'),(786,'admin',3,'StoreProduct','Epson A4 Photo Paper,','2012-06-04 12:15:09'),(787,'admin',3,'StoreProduct','HP 24\"x30m, C6029С, Heavyweight Coated Paper -- 130 г/м2,','2012-06-04 12:15:09'),(788,'admin',3,'StoreProduct','Цифр.фотоапарат SONY Cyber-Shot S2100 Black','2012-06-04 12:15:14'),(789,'admin',3,'StoreProduct','Цифр.фотоапарат Olympus SP-600 UltraZoom Black','2012-06-04 12:15:14'),(790,'admin',3,'StoreProduct','Цифр.фотоапарат Olympus SP-800 UltraZoom Silver','2012-06-04 12:15:14'),(791,'admin',3,'StoreProduct','Цифр.фотоапарат PANASONIC DMC-FH25 Black','2012-06-04 12:15:14'),(792,'admin',3,'StoreProduct','Цифр.фотоапарат Ricoh Caplio R4 Silver','2012-06-04 12:15:14'),(793,'admin',3,'StoreProduct','Цифр.фотоапарат Nikon D-3100 KIT AF-S DX 18-55 VR','2012-06-04 12:15:15'),(794,'admin',3,'StoreProduct','Цифр.фотоапарат Nikon D-5000 KIT AF-S DX 18-55 VR','2012-06-04 12:15:15'),(795,'admin',3,'StoreProduct','Цифр.фотоапарат Nikon D3100 KIT 18-105 VR 2коробки!!!','2012-06-04 12:15:15'),(796,'admin',3,'StoreProduct','Цифр.фотоапарат Nikon Coolpix S3100 Black','2012-06-04 12:15:15'),(797,'admin',3,'StoreProduct','Цифр.фотоапарат Nikon Coolpix S4000 Black','2012-06-04 12:15:15'),(798,'admin',3,'StoreProduct','Цифр.фотоапарат Nikon Coolpix S5100 Black','2012-06-04 12:15:15'),(799,'admin',3,'StoreProduct','Цифр.фотоапарат Nikon Coolpix S3000 Green','2012-06-04 12:15:15'),(800,'admin',3,'StoreProduct','Цифр.фотоапарат Nikon Coolpix S3000 Magenta','2012-06-04 12:15:15'),(801,'admin',3,'StoreProduct','Цифр.фотоапарат Nikon Coolpix S3000 Orange','2012-06-04 12:15:15'),(802,'admin',3,'StoreProduct','Цифр.фотоапарат Nikon Coolpix S3000 Silver','2012-06-04 12:15:15'),(803,'admin',3,'StoreProduct','Цифр.фотоапарат Nikon Coolpix S2500 Silver','2012-06-04 12:15:15'),(804,'admin',3,'StoreProduct','Цифр.фотоапарат Nikon Coolpix S3000 Black','2012-06-04 12:15:15'),(805,'admin',3,'StoreProduct','Цифр.фотоапарат Nikon Coolpix S3000 Blue','2012-06-04 12:15:15'),(806,'admin',3,'StoreProduct','Цифр.фотоапарат Nikon CoolPix P300, чорний','2012-06-04 12:15:15'),(807,'admin',3,'StoreProduct','Цифр.фотоапарат Nikon CoolPix P500, чорний','2012-06-04 12:15:15'),(808,'admin',3,'StoreProduct','Цифр.фотоапарат Nikon Coolpix S2500 Black','2012-06-04 12:15:15'),(809,'admin',3,'StoreProduct','Цифр.фотоапарат Nikon Coolpix S2500 Pink','2012-06-04 12:15:15'),(810,'admin',3,'StoreProduct','Цифр.фотоапарат Nikon Coolpix L22 Silver','2012-06-04 12:15:15'),(811,'admin',3,'StoreProduct','Цифр.фотоапарат Nikon Coolpix L23 Black','2012-06-04 12:15:15'),(812,'admin',3,'StoreProduct','Цифр.фотоапарат Nikon Coolpix L23 Pink','2012-06-04 12:15:15'),(813,'admin',3,'StoreProduct','Цифр.фотоапарат FUJI FinePix S2950 ,чорний','2012-06-04 12:15:15'),(814,'admin',3,'StoreProduct','Цифр.фотоапарат KODAK  C122, срібний','2012-06-04 12:15:15'),(815,'admin',3,'StoreProduct','Цифр.фотоапарат Nikon Coolpix L21 Silver','2012-06-04 12:15:15'),(816,'admin',3,'StoreProduct','Цифр.фотоапарат Canon PowerShot SX130 IS срібний','2012-06-04 12:15:15'),(817,'admin',3,'StoreProduct','Цифр.фотоапарат Canon PowerShot SX210 IS Gold','2012-06-04 12:15:15'),(818,'admin',3,'StoreProduct','Штатив Velbon CX-440/F','2012-06-04 12:15:22'),(819,'admin',3,'StoreProduct','Штатив Velbon CX-444F','2012-06-04 12:15:22'),(820,'admin',3,'StoreProduct','Штатив Velbon CX-888/F','2012-06-04 12:15:22'),(821,'admin',3,'StoreProduct','Штатив Velbon C-500/F','2012-06-04 12:15:22'),(822,'admin',3,'StoreProduct','Штатив Velbon C-600/F','2012-06-04 12:15:22'),(823,'admin',3,'StoreProduct','Штатив Velbon CX-200T/F','2012-06-04 12:15:22'),(824,'admin',3,'StoreProduct','Штатив Velbon CX-300T/F','2012-06-04 12:15:22'),(825,'admin',3,'StoreProduct','Штатив Slik Pro 700 DX','2012-06-04 12:15:22'),(826,'admin',3,'StoreProduct','Штатив Slik S-Pod S-100 BKS-100 чорний','2012-06-04 12:15:22'),(827,'admin',3,'StoreProduct','Штатив Slik S-Pod S-200 black мині','2012-06-04 12:15:22'),(828,'admin',3,'StoreProduct','Штатив Slik S-Pod S-200 SL мині','2012-06-04 12:15:22'),(829,'admin',3,'StoreProduct','Штатив Slik S-Pod SJ-32GM','2012-06-04 12:15:22'),(830,'admin',3,'StoreProduct','Цифр.фотоапарат SONY Cyber-Shot W510 чорний','2012-06-04 12:15:22'),(831,'admin',3,'StoreProduct','Чохол для фото/відео камер PORT Designs Casablanca Bag Camcorder','2012-06-04 12:15:22'),(832,'admin',3,'StoreProduct','Штатив Slik Mirage Light blue міні','2012-06-04 12:15:22'),(833,'admin',3,'StoreProduct','Цифр.фотоапарат SONY Cyber-Shot W320 чорний','2012-06-04 12:15:22'),(834,'admin',3,'StoreProduct','Цифр.фотоапарат SONY Cyber-Shot W330 чорний','2012-06-04 12:15:22'),(835,'admin',3,'StoreProduct','Цифр.фотоапарат SONY Cyber-Shot W510 Pink','2012-06-04 12:15:22'),(836,'admin',3,'StoreProduct','Цифр.фотоапарат SONY Cyber-Shot W310 чорний','2012-06-04 12:15:22'),(837,'admin',3,'StoreProduct','Цифр.фотоапарат SONY Cyber-Shot W320 Pink','2012-06-04 12:15:22'),(838,'admin',3,'StoreProduct','Цифр.фотоапарат SONY Cyber-Shot W320 срібний','2012-06-04 12:15:23'),(839,'admin',3,'StoreProduct','Цифр.фотоапарат SONY Cyber-Shot S3000 Silver','2012-06-04 12:15:23'),(840,'admin',3,'StoreProduct','Цифр.фотоапарат SONY Cyber-Shot T99 Violet','2012-06-04 12:15:23'),(841,'admin',3,'StoreProduct','Цифр.фотоапарат SONY Cyber-Shot W310 Pink','2012-06-04 12:15:23'),(842,'admin',3,'StoreProduct','Цифр.фотоапарат SONY Cyber-Shot W310 срібний','2012-06-04 12:15:23'),(843,'admin',3,'StoreProduct','Цифр.фотоапарат SONY Cyber-Shot S2100 Orange','2012-06-04 12:15:23'),(844,'admin',3,'StoreProduct','Цифр.фотоапарат SONY Cyber-Shot S2100 Silver','2012-06-04 12:15:23'),(845,'admin',3,'StoreProduct','Цифр.фотоапарат SONY Cyber-Shot S3000 Black','2012-06-04 12:15:23'),(846,'admin',3,'StoreProduct','Цифр.фотоапарат SONY Cyber-Shot S2000 Black','2012-06-04 12:15:23'),(847,'admin',3,'StoreProduct','Цифр.фотоапарат SONY Cyber-Shot S2000 Silver','2012-06-04 12:15:23'),(848,'admin',3,'StoreAttribute','material','2012-06-04 12:15:46'),(849,'admin',3,'StoreAttribute','matricya','2012-06-04 12:15:46'),(850,'admin',3,'StoreAttribute','model','2012-06-04 12:15:46'),(851,'admin',3,'StoreAttribute','interfeisi','2012-06-04 12:15:46'),(852,'admin',3,'StoreAttribute','opis','2012-06-04 12:15:46'),(853,'admin',3,'StoreAttribute','zum','2012-06-04 12:15:46'),(854,'admin',3,'StoreAttribute','ovirobnik','2012-06-04 12:15:46'),(855,'admin',3,'StoreAttribute','displei','2012-06-04 12:15:46'),(856,'admin',3,'StoreAttribute','vidoshukach','2012-06-04 12:15:46'),(857,'admin',3,'StoreAttribute','proizvoditel','2012-06-04 12:15:46'),(858,'admin',3,'StoreAttribute','garantiya','2012-06-04 12:15:46'),(859,'admin',3,'StoreAttribute','svitlochutlivist','2012-06-04 12:15:46'),(860,'admin',3,'StoreAttribute','virobnik','2012-06-04 12:15:46'),(861,'admin',3,'StoreAttribute','makrorezhim','2012-06-04 12:15:46'),(862,'admin',3,'StoreAttribute','klas','2012-06-04 12:15:46'),(863,'admin',3,'StoreAttribute','obktiv','2012-06-04 12:15:46'),(864,'admin',3,'StoreCategory','Фотопапір','2012-06-04 12:16:05'),(865,'admin',3,'StoreCategory','Сумки для цифрового обладнання','2012-06-04 12:16:10'),(866,'admin',3,'StoreCategory','Штативи для фото-відео обладнання','2012-06-04 12:16:14'),(867,'admin',3,'StoreCategory','Цифрові носії','2012-06-04 12:16:20'),(868,'admin',3,'StoreCategory','Цифрове відео','2012-06-04 12:16:24'),(869,'admin',3,'StoreCategory','Цифрове фото','2012-06-04 12:16:28'),(870,'admin',3,'StoreCategory','Фото та Відео','2012-06-04 12:16:33'),(871,'admin',3,'StoreProduct','Memory card Secure Digital 16Gb Transcend 600X','2012-06-04 12:26:37'),(872,'admin',3,'StoreProduct','Memory card Secure Digital 1Gb TakeMS 60x','2012-06-04 12:26:37'),(873,'admin',3,'StoreProduct','Memory card Secure Digital 2Gb GoodRam New Retail 9','2012-06-04 12:26:37'),(874,'admin',3,'StoreProduct','Memory card Secure Digital 32Gb SDHC Patriot class 10','2012-06-04 12:26:37'),(875,'admin',3,'StoreProduct','Memory card Secure Digital 4Gb SDHC GoodRam - New Retail (cl6)','2012-06-04 12:26:37'),(876,'admin',3,'StoreProduct','Memory card Secure Digital 4Gb SDHC GoodRam (cl6)','2012-06-04 12:26:37'),(877,'admin',3,'StoreProduct','Memory card Secure Digital 4Gb SDHC Patriot Cl 6','2012-06-04 12:26:37'),(878,'admin',3,'StoreProduct','Memory card Secure Digital 16Gb Toshiba Retail SDHC class10','2012-06-04 12:26:37'),(879,'admin',3,'StoreProduct','Epson 10х15см, 100л., Premium Glossy Photo Paper','2012-06-04 12:26:37'),(880,'admin',3,'StoreProduct','Epson A4 20л, 251г/м2, Prem.Semigl.Paper, C13S041332','2012-06-04 12:26:37'),(881,'admin',3,'StoreProduct','Epson A4 Photo Paper,','2012-06-04 12:26:37'),(882,'admin',3,'StoreProduct','HP 24\"x30m, C6029С, Heavyweight Coated Paper -- 130 г/м2,','2012-06-04 12:26:37'),(883,'admin',3,'StoreProduct','HP 24\"x45m, C6035A, Bright White Inkjet Paper','2012-06-04 12:26:37'),(884,'admin',3,'StoreProduct','HP 36\"x30m, C6030С, Heavyweight Coated Paper','2012-06-04 12:26:37'),(885,'admin',3,'StoreProduct','HP 36\"x45m, Q1405A, Coated Paper','2012-06-04 12:26:37'),(886,'admin',3,'StoreProduct','HP 42\"x45m, Q1406A, Coated Paper','2012-06-04 12:26:37'),(887,'admin',3,'StoreProduct','HP A4, C6951A, 20л, Premium Plus Photo Paper satin-matt','2012-06-04 12:26:37'),(888,'admin',3,'StoreProduct','Memory card Compact Flash 16Gb Patriot','2012-06-04 12:26:37'),(889,'admin',3,'StoreProduct','Memory card Compact Flash 16Gb Pretec 233X','2012-06-04 12:26:37'),(890,'admin',3,'StoreProduct','Memory card Compact Flash 32Gb Patriot','2012-06-04 12:26:37'),(891,'admin',3,'StoreProduct','Memory card Compact Flash 32Gb Patriot','2012-06-04 12:26:37'),(892,'admin',3,'StoreProduct','Memory card Compact Flash 4G Pretec 40x','2012-06-04 12:26:37'),(893,'admin',3,'StoreProduct','Memory card Compact Flash 4Gb Patriot','2012-06-04 12:26:38'),(894,'admin',3,'StoreProduct','Memory card Compact Flash 64Gb Patriot','2012-06-04 12:26:38'),(895,'admin',3,'StoreProduct','Memory card Compact Flash 8Gb Patriot','2012-06-04 12:26:38'),(896,'admin',3,'StoreProduct','Memory card Compact Flash 8Gb Patriot','2012-06-04 12:26:38'),(897,'admin',3,'StoreProduct','Memory card Memory Stick M2 2Gb Goodram +pro Duo adapter','2012-06-04 12:26:38'),(898,'admin',3,'StoreProduct','Memory card Memory Stick M2 4Gb Goodram +pro Duo adapter','2012-06-04 12:26:38'),(899,'admin',3,'StoreProduct','Memory card Memory Stick M2 8Gb Goodram +pro Duo adapter','2012-06-04 12:26:38'),(900,'admin',3,'StoreProduct','Memory card Secure Digital 16Gb SDHC GoodRam (cl4)','2012-06-04 12:26:38'),(901,'admin',3,'StoreProduct','Штатив Slik Mirage Light blue міні','2012-06-04 12:26:44'),(902,'admin',3,'StoreProduct','Цифр.фотоапарат SONY Cyber-Shot W510 чорний','2012-06-04 12:26:44'),(903,'admin',3,'StoreProduct','Чохол для фото/відео камер PORT Designs Casablanca Bag Camcorder','2012-06-04 12:26:44'),(904,'admin',3,'StoreProduct','Цифр.фотоапарат SONY Cyber-Shot W330 чорний','2012-06-04 12:26:44'),(905,'admin',3,'StoreProduct','Цифр.фотоапарат SONY Cyber-Shot W510 Pink','2012-06-04 12:26:44'),(906,'admin',3,'StoreProduct','Цифр.фотоапарат SONY Cyber-Shot W320 чорний','2012-06-04 12:26:44'),(907,'admin',3,'StoreProduct','Цифр.фотоапарат SONY Cyber-Shot W320 Pink','2012-06-04 12:26:44'),(908,'admin',3,'StoreProduct','Цифр.фотоапарат SONY Cyber-Shot W320 срібний','2012-06-04 12:26:44'),(909,'admin',3,'StoreProduct','Цифр.фотоапарат SONY Cyber-Shot W310 чорний','2012-06-04 12:26:44'),(910,'admin',3,'StoreProduct','Цифр.фотоапарат SONY Cyber-Shot W310 срібний','2012-06-04 12:26:44'),(911,'admin',3,'StoreProduct','Цифр.фотоапарат SONY Cyber-Shot W310 Pink','2012-06-04 12:26:44'),(912,'admin',3,'StoreProduct','Цифр.фотоапарат SONY Cyber-Shot T99 Violet','2012-06-04 12:26:44'),(913,'admin',3,'StoreProduct','Цифр.фотоапарат SONY Cyber-Shot S3000 Silver','2012-06-04 12:26:44'),(914,'admin',3,'StoreProduct','Цифр.фотоапарат SONY Cyber-Shot S3000 Black','2012-06-04 12:26:44'),(915,'admin',3,'StoreProduct','Цифр.фотоапарат SONY Cyber-Shot S2100 Silver','2012-06-04 12:26:44'),(916,'admin',3,'StoreProduct','(у) Цифр.фотоапарат Canon PowerShot A1100 IS Silver','2012-06-04 12:26:44'),(917,'admin',3,'StoreProduct','Epson 10x15см 500л, 225г/м2, Glossy Photo Paper, C13S042201','2012-06-04 12:26:44'),(918,'admin',3,'StoreProduct','Epson 10x15см 500л, 225г/м2, Semi-Glossy Photo Paper, C13S042200','2012-06-04 12:26:44'),(919,'admin',3,'StoreProduct','Штатив Slik Pro 700 DX','2012-06-04 12:26:44'),(920,'admin',3,'StoreProduct','Штатив Slik S-Pod S-100 BKS-100 чорний','2012-06-04 12:26:44'),(921,'admin',3,'StoreProduct','Штатив Slik S-Pod S-200 black мині','2012-06-04 12:26:44'),(922,'admin',3,'StoreProduct','Штатив Slik S-Pod S-200 SL мині','2012-06-04 12:26:44'),(923,'admin',3,'StoreProduct','Штатив Slik S-Pod SJ-32GM','2012-06-04 12:26:44'),(924,'admin',3,'StoreProduct','Штатив Velbon C-500/F','2012-06-04 12:26:44'),(925,'admin',3,'StoreProduct','Штатив Velbon C-600/F','2012-06-04 12:26:44'),(926,'admin',3,'StoreProduct','Штатив Velbon CX-200T/F','2012-06-04 12:26:44'),(927,'admin',3,'StoreProduct','Штатив Velbon CX-300T/F','2012-06-04 12:26:44'),(928,'admin',3,'StoreProduct','Штатив Velbon CX-440/F','2012-06-04 12:26:44'),(929,'admin',3,'StoreProduct','Штатив Velbon CX-444F','2012-06-04 12:26:44'),(930,'admin',3,'StoreProduct','Штатив Velbon CX-888/F','2012-06-04 12:26:44'),(931,'admin',3,'StoreProduct','Memory card Secure Digital Micro 16Gb Toshiba + SD adapter','2012-06-04 12:26:51'),(932,'admin',3,'StoreProduct','Memory card Secure Digital Micro 16Gb Toshiba SDHC + SD adapter','2012-06-04 12:26:51'),(933,'admin',3,'StoreProduct','Memory card Secure Digital Micro 2Gb Goodram Retail9+ adapter','2012-06-04 12:26:51'),(934,'admin',3,'StoreProduct','Memory card Secure Digital Micro 2Gb GoodRam Slim Retail','2012-06-04 12:26:51'),(935,'admin',3,'StoreProduct','Memory card Secure Digital Micro 2Gb Kingston','2012-06-04 12:26:51'),(936,'admin',3,'StoreProduct','Memory card Secure Digital Micro 2Gb Patriot 3 in 1','2012-06-04 12:26:51'),(937,'admin',3,'StoreProduct','Memory card Secure Digital Micro 2Gb TakeMS 2 Gb Retail','2012-06-04 12:26:51'),(938,'admin',3,'StoreProduct','Memory card Secure Digital Micro 4Gb GoodRam Retail9 + adapter','2012-06-04 12:26:51'),(939,'admin',3,'StoreProduct','Memory card Secure Digital Micro 4Gb GoodRam SDHC class 4 Slim Retail','2012-06-04 12:26:51'),(940,'admin',3,'StoreProduct','Memory card Secure Digital Micro 4Gb Kingston SDHC','2012-06-04 12:26:51'),(941,'admin',3,'StoreProduct','Memory card Secure Digital Micro 4Gb Patriot SDHC(4)','2012-06-04 12:26:51'),(942,'admin',3,'StoreProduct','Memory card Secure Digital Micro 4Gb TakeMS (class4) Retail','2012-06-04 12:26:51'),(943,'admin',3,'StoreProduct','Memory card Secure Digital Micro 4Gb Toshiba','2012-06-04 12:26:51'),(944,'admin',3,'StoreProduct','Memory card Secure Digital Micro 16Gb Patriot SDHC(4) + SD adapter','2012-06-04 12:26:51'),(945,'admin',3,'StoreProduct','Memory card Secure Digital 4Gb SDHC Transcend Cl4','2012-06-04 12:26:51'),(946,'admin',3,'StoreProduct','Memory card Secure Digital 4Gb Toshiba Retail SDHC class2','2012-06-04 12:26:51'),(947,'admin',3,'StoreProduct','Memory card Secure Digital 4Gb Toshiba Retail SDHC class4','2012-06-04 12:26:51'),(948,'admin',3,'StoreProduct','Memory card Secure Digital 4Gb, SDHC, Kingston (cl)','2012-06-04 12:26:51'),(949,'admin',3,'StoreProduct','Memory card Secure Digital 8Gb SDHC GoodRam (cl6)','2012-06-04 12:26:51'),(950,'admin',3,'StoreProduct','Memory card Secure Digital 8Gb SDHC GoodRam (cl6) Slim Retail','2012-06-04 12:26:51'),(951,'admin',3,'StoreProduct','Memory card Secure Digital 8Gb SDHC Patriot Class 10','2012-06-04 12:26:51'),(952,'admin',3,'StoreProduct','Memory card Secure Digital 8Gb SDHC Patriot class 6','2012-06-04 12:26:51'),(953,'admin',3,'StoreProduct','Memory card Secure Digital 8Gb SDHC Transcend Cl2','2012-06-04 12:26:51'),(954,'admin',3,'StoreProduct','Memory card Secure Digital 8Gb SDHC Transcend Cl4','2012-06-04 12:26:51'),(955,'admin',3,'StoreProduct','Memory card Secure Digital 8Gb Toshiba Retail SDHC class10','2012-06-04 12:26:51'),(956,'admin',3,'StoreProduct','Memory card Secure Digital 8Gb Toshiba Retail SDHC class2','2012-06-04 12:26:51'),(957,'admin',3,'StoreProduct','Memory card Secure Digital 8Gb Toshiba Retail SDHC class6','2012-06-04 12:26:51'),(958,'admin',3,'StoreProduct','Memory card Secure Digital 8Gb, Kingston class4','2012-06-04 12:26:51'),(959,'admin',3,'StoreProduct','Memory card Secure Digital Micro 16Gb GoodRam Retail9+ adapter','2012-06-04 12:26:51'),(960,'admin',3,'StoreProduct','Memory card Secure Digital Micro 16Gb GoodRam SDHC(2)','2012-06-04 12:26:51'),(961,'admin',3,'StoreProduct','Memory card Secure Digital Micro 4Gb Toshiba + case + SD adapter','2012-06-04 12:26:56'),(962,'admin',3,'StoreProduct','Memory card Secure Digital Micro 4Gb Transcend SDHC with adapter','2012-06-04 12:26:56'),(963,'admin',3,'StoreProduct','Memory card Secure Digital Micro 8Gb GoodRam Retail9 + adapter','2012-06-04 12:26:57'),(964,'admin',3,'StoreProduct','Memory card Secure Digital Micro 8Gb GoodRam SDHC(4)','2012-06-04 12:26:57'),(965,'admin',3,'StoreProduct','Memory card Secure Digital Micro 8Gb Kingston SDHC','2012-06-04 12:26:57'),(966,'admin',3,'StoreProduct','Memory card Secure Digital Micro 8Gb Patriot SDHC(10)','2012-06-04 12:26:57'),(967,'admin',3,'StoreProduct','Memory card Secure Digital Micro 8Gb Patriot SDHC(4)','2012-06-04 12:26:57'),(968,'admin',3,'StoreProduct','Memory card Secure Digital Micro 8Gb TakeMS SDHC(4) Retail','2012-06-04 12:26:57'),(969,'admin',3,'StoreProduct','Memory card Secure Digital Micro 8Gb Toshiba SDHC(4)','2012-06-04 12:26:57'),(970,'admin',3,'StoreProduct','Memory card Secure Digital Micro 8Gb Toshiba SDHC(4) + case + adapter','2012-06-04 12:26:57'),(971,'admin',3,'StoreProduct','Memory card Secure Digital Micro 8Gb Transcend SDHC(6)','2012-06-04 12:26:57'),(972,'admin',3,'StoreProduct','Memory card Secure Digital Micro 8Gb Transcend SDHC(6)+SD adapter','2012-06-04 12:26:57'),(973,'admin',3,'StoreProduct','Memory card Secure Digital XC   64Gb Patriot Cl10','2012-06-04 12:26:57'),(974,'admin',3,'StoreProduct','Захисний чохол iPhone Case, Modecom HANDY, чорний','2012-06-04 12:26:57'),(975,'admin',3,'StoreProduct','Рюкзак для фото/відео камер    PORT Designs Casablanca','2012-06-04 12:26:57'),(976,'admin',3,'StoreProduct','Фотопапір ACME A4 115 г/м2 100л глянцевий (value pack)','2012-06-04 12:26:57'),(977,'admin',3,'StoreProduct','Фотопапір ACME A4 150 г/м2  50л глянцевий (value pack)','2012-06-04 12:26:57'),(978,'admin',3,'StoreProduct','Фотопапір ACME A4 170 г/м2  100л глянцевий  (value pack)','2012-06-04 12:26:57'),(979,'admin',3,'StoreProduct','Фотопапір ACME A4 170 г/м2  20л глянцевий (value pack)','2012-06-04 12:26:57'),(980,'admin',3,'StoreProduct','Фотопапір ACME A6 (10*15) 115 г/м2 100л глянцевий (value pack)','2012-06-04 12:26:57'),(981,'admin',3,'StoreProduct','Фотопапір ACME A6 (10*15) 150 г/м2 100л глянцевий (value pack)','2012-06-04 12:26:57'),(982,'admin',3,'StoreProduct','Фотопапір ACME A6 (10*15) 170 г/м2 20 л глянцевий (value pack)','2012-06-04 12:26:57'),(983,'admin',3,'StoreProduct','Фотопапір Black Point A4, 230г/м2,  63л, глянцевий','2012-06-04 12:26:57'),(984,'admin',3,'StoreProduct','Фотопапір Black Point A4, 260г/м2,  25л, глянцевий','2012-06-04 12:26:57'),(985,'admin',3,'StoreProduct','Фотопапір Black Point A4, 260г/м2,  63л, глянцевий','2012-06-04 12:26:57'),(986,'admin',3,'StoreProduct','Фотопапір Black Point A6(10*15), 260г/м2,  125л, глянцевий','2012-06-04 12:26:57'),(987,'admin',3,'StoreProduct','Фотопапір Black Point A6(10*15), 260г/м2,  32л, глянцевий','2012-06-04 12:26:57'),(988,'admin',3,'StoreProduct','Фотопапір ColorWay 10*15, 150 г/м2,   50л, глянцевий','2012-06-04 12:26:57'),(989,'admin',3,'StoreProduct','Фотопапір ColorWay 10*15, 180 г/м2, 100л, глянцевий','2012-06-04 12:26:57'),(990,'admin',3,'StoreProduct','Фотопапір ColorWay 10*15, 180 г/м2, 20л, глянцевий','2012-06-04 12:26:57'),(991,'admin',3,'StoreProduct','Фотопапір ColorWay 10*15, 180 г/м2, 500л, глянцевий','2012-06-04 12:27:02'),(992,'admin',3,'StoreProduct','Фотопапір ColorWay 10*15, 180 г/м2, 50л, глянцевий','2012-06-04 12:27:02'),(993,'admin',3,'StoreProduct','Фотопапір ColorWay 10*15, 190 г/м2,  20л, матовий','2012-06-04 12:27:02'),(994,'admin',3,'StoreProduct','Фотопапір ColorWay 10*15, 190 г/м2,  50л, матовий','2012-06-04 12:27:02'),(995,'admin',3,'StoreProduct','Фотопапір ColorWay 10*15, 190 г/м2, 100л, матовий','2012-06-04 12:27:02'),(996,'admin',3,'StoreProduct','Фотопапір ColorWay 10*15, 210 г/м2, 100л, глянцевий','2012-06-04 12:27:02'),(997,'admin',3,'StoreProduct','Фотопапір ColorWay 10*15, 210 г/м2, 500л, глянцевий','2012-06-04 12:27:02'),(998,'admin',3,'StoreProduct','Фотопапір ColorWay 10*15, 240 г/м2,   20л, глянцевий','2012-06-04 12:27:02'),(999,'admin',3,'StoreProduct','Фотопапір ColorWay 10*15, 240 г/м2,   50л, глянцевий','2012-06-04 12:27:02'),(1000,'admin',3,'StoreProduct','Фотопапір ColorWay 10*15, 240 г/м2, 100л, глянцевий','2012-06-04 12:27:02'),(1001,'admin',3,'StoreProduct','Фотопапір ColorWay 10*15, 260 г/м2,   20л, глянцевий','2012-06-04 12:27:02'),(1002,'admin',3,'StoreProduct','Фотопапір ColorWay 10*15, 260 г/м2,   20л, сатин мікропористий','2012-06-04 12:27:02'),(1003,'admin',3,'StoreProduct','Фотопапір ColorWay 10*15, 260 г/м2,   20л, суперглянцевий мікропористий','2012-06-04 12:27:02'),(1004,'admin',3,'StoreProduct','Фотопапір ColorWay 10*15, 260 г/м2,   20л, суперглянцевий шовковий','2012-06-04 12:27:02'),(1005,'admin',3,'StoreProduct','Фотопапір ColorWay 10*15, 260 г/м2,   50л, глянцевий','2012-06-04 12:27:02'),(1006,'admin',3,'StoreProduct','Фотопапір ColorWay 10*15, 260 г/м2, 100л, глянцевий','2012-06-04 12:27:03'),(1007,'admin',3,'StoreProduct','Фотопапір ColorWay A4, 108 г/м2,   50л, матовий','2012-06-04 12:27:03'),(1008,'admin',3,'StoreProduct','Фотопапір ColorWay A4, 108 г/м2, 100л, матовий','2012-06-04 12:27:03'),(1009,'admin',3,'StoreProduct','Фотопапір ColorWay A4, 130 г/м2,   100л, глянцевий','2012-06-04 12:27:03'),(1010,'admin',3,'StoreProduct','Фотопапір ColorWay A4, 130 г/м2,   20л, глянцевий','2012-06-04 12:27:03'),(1011,'admin',3,'StoreProduct','Фотопапір ColorWay A4, 135 г/м2,   20л, матовий','2012-06-04 12:27:03'),(1012,'admin',3,'StoreProduct','Фотопапір ColorWay A4, 135 г/м2,  100л, матовий','2012-06-04 12:27:03'),(1013,'admin',3,'StoreProduct','Фотопапір ColorWay A4, 140 г/м2,   50л, матовий двосторонній','2012-06-04 12:27:03'),(1014,'admin',3,'StoreProduct','Фотопапір ColorWay A4, 150 г/м2,   100л, глянцевий','2012-06-04 12:27:03'),(1015,'admin',3,'StoreProduct','Фотопапір ColorWay A4, 150 г/м2,   20л, глянцевий','2012-06-04 12:27:03'),(1016,'admin',3,'StoreProduct','Фотопапір ColorWay A4, 150 г/м2,   50л, глянцевий','2012-06-04 12:27:03'),(1017,'admin',3,'StoreProduct','Фотопапір ColorWay A4, 155 г/м2,   50л, глянцевий двoсторонній','2012-06-04 12:27:03'),(1018,'admin',3,'StoreProduct','Фотопапір ColorWay A4, 180 г/м2,   20л, глянцевий','2012-06-04 12:27:03'),(1019,'admin',3,'StoreProduct','Фотопапір ColorWay A4, 180 г/м2,   50л, глянцевий','2012-06-04 12:27:03'),(1020,'admin',3,'StoreProduct','Фотопапір ColorWay A4, 190 г/м2,   20л, матовий','2012-06-04 12:27:03'),(1021,'admin',3,'StoreProduct','Фотопапір ColorWay A4, 210 г/м2,   20л, глянцевий','2012-06-04 12:27:08'),(1022,'admin',3,'StoreProduct','Фотопапір ColorWay A4, 210 г/м2,   50л, глянцевий','2012-06-04 12:27:08'),(1023,'admin',3,'StoreProduct','Фотопапір ColorWay A4, 220 г/м2,   20л, глянцевий двoсторонній','2012-06-04 12:27:08'),(1024,'admin',3,'StoreProduct','Фотопапір ColorWay A4, 220 г/м2,   50л, глянцевий двoсторонній','2012-06-04 12:27:08'),(1025,'admin',3,'StoreProduct','Фотопапір ColorWay A4, 220 г/м2,   50л, матовий двосторонній','2012-06-04 12:27:08'),(1026,'admin',3,'StoreProduct','Фотопапір ColorWay A4, 240 г/м2,   20л, глянцевий','2012-06-04 12:27:08'),(1027,'admin',3,'StoreProduct','Фотопапір ColorWay A4, 240 г/м2,   20л, суперглянцевий','2012-06-04 12:27:08'),(1028,'admin',3,'StoreProduct','Фотопапір ColorWay A4, 240 г/м2,   50л, глянцевий','2012-06-04 12:27:08'),(1029,'admin',3,'StoreProduct','Фотопапір ColorWay A4, 240 г/м2,   50л, суперглянцевий','2012-06-04 12:27:08'),(1030,'admin',3,'StoreProduct','Фотопапір ColorWay A4, 260 г/м2,   20л, сатин мікропористий','2012-06-04 12:27:08'),(1031,'admin',3,'StoreProduct','Фотопапір ColorWay A4, 260 г/м2,   20л, суперглянцевий','2012-06-04 12:27:08'),(1032,'admin',3,'StoreProduct','Фотопапір ColorWay A4, 260 г/м2,   20л, суперглянцевий шовковий','2012-06-04 12:27:08'),(1033,'admin',3,'StoreProduct','Фотопапір ColorWay A4, 260 г/м2,   50л, суперглянцевий','2012-06-04 12:27:08'),(1034,'admin',3,'StoreProduct','Фотопапір рулонний ColorWay, 24\"x30m, 135 г/м2, глянцевий','2012-06-04 12:27:08'),(1035,'admin',3,'StoreProduct','Фотопапір рулонний ColorWay, 36\"x30m, 135 г/м2, глянцевий','2012-06-04 12:27:08'),(1036,'admin',3,'StoreProduct','Футляр для GPS 4,7\" PORT Designs  Pouch LIMA 4 3 4 7','2012-06-04 12:27:08'),(1037,'admin',3,'StoreProduct','Футляр для фото камер LC Sport-129, Black чорний','2012-06-04 12:27:08'),(1038,'admin',3,'StoreProduct','Футляр для фото камер LC Sport-239, Black чорний','2012-06-04 12:27:08'),(1039,'admin',3,'StoreProduct','Футляр для фото камер Sony LCS-TWС/C для T, W серії, світло-коричнева','2012-06-04 12:27:08'),(1040,'admin',3,'StoreProduct','Футляр для фото камер VAX 8001 Aribau Black чорний','2012-06-04 12:27:08'),(1041,'admin',3,'StoreProduct','Футляр для фото камер VAX 8002 Aribau Orange оранжевий','2012-06-04 12:27:08'),(1042,'admin',3,'StoreProduct','Футляр для фото камер VAX 8003 Aribau Red червоний','2012-06-04 12:27:08'),(1043,'admin',3,'StoreProduct','Футляр для фото камер VAX 8005 Aribau Grey сірий','2012-06-04 12:27:08'),(1044,'admin',3,'StoreProduct','Футляр для фото/відео камер PORT Designs Casablanca L','2012-06-04 12:27:08'),(1045,'admin',3,'StoreProduct','Футляр для фото/відео камер PORT Designs Casablanca L Black чорно-сіра','2012-06-04 12:27:08'),(1046,'admin',3,'StoreProduct','Футляр для фото/відео камер PORT Designs Casablanca S','2012-06-04 12:27:08'),(1047,'admin',3,'StoreProduct','Футляр для фото/відео камер PORT Designs Casablanca S Black чорно-сіра','2012-06-04 12:27:08'),(1048,'admin',3,'StoreProduct','Футляр для фото/відео камер PORT Designs Ibiza L Black чорно-оранжева','2012-06-04 12:27:08'),(1049,'admin',3,'StoreProduct','Футляр для фото/відео камер PORT Designs Ibiza S Black чорно-оранжева','2012-06-04 12:27:08'),(1050,'admin',3,'StoreProduct','Футляр для фото/відео камер PORT Designs Ibiza SLR L Black чорно-оранжева','2012-06-04 12:27:08'),(1051,'admin',3,'StoreProduct','Футляр для фото/відео камер PORT Designs Ibiza SLR S Black чорно-оранжева','2012-06-04 12:27:13'),(1052,'admin',3,'StoreProduct','Цифр. відеокамера Canon FS306 Legria Blue','2012-06-04 12:27:13'),(1053,'admin',3,'StoreProduct','Цифр. відеокамера Canon FS306 Legria Red','2012-06-04 12:27:14'),(1054,'admin',3,'StoreProduct','Цифр. відеокамера Canon FS306 Legria Silver','2012-06-04 12:27:14'),(1055,'admin',3,'StoreProduct','Цифр. відеокамера Panasonic HDC-SD60EE-K, чорна','2012-06-04 12:27:14'),(1056,'admin',3,'StoreProduct','Цифр. відеокамера Panasonic SDR-H85EE-S срібна','2012-06-04 12:27:14'),(1057,'admin',3,'StoreProduct','Цифр. відеокамера Panasonic SDR-S50EE-K, чорна','2012-06-04 12:27:14'),(1058,'admin',3,'StoreProduct','Цифр. відеокамера Panasonic SDR-T50EE-K, чорна','2012-06-04 12:27:14'),(1059,'admin',3,'StoreProduct','Цифр. відеокамера Samsung VP-D381','2012-06-04 12:27:14'),(1060,'admin',3,'StoreProduct','Цифр. відеокамера Sony DCR-SX44E, срібна','2012-06-04 12:27:14'),(1061,'admin',3,'StoreProduct','Цифр.фотоапарат BenQ DC C1430 Black','2012-06-04 12:27:14'),(1062,'admin',3,'StoreProduct','Цифр.фотоапарат BenQ DC C1430 Silver','2012-06-04 12:27:14'),(1063,'admin',3,'StoreProduct','Цифр.фотоапарат Canon IXUS 130 IS black','2012-06-04 12:27:14'),(1064,'admin',3,'StoreProduct','Цифр.фотоапарат Canon IXUS 130 IS orange','2012-06-04 12:27:14'),(1065,'admin',3,'StoreProduct','Цифр.фотоапарат Canon IXUS 210 IS black','2012-06-04 12:27:14'),(1066,'admin',3,'StoreProduct','Цифр.фотоапарат Canon IXUS 300 HS black','2012-06-04 12:27:14'),(1067,'admin',3,'StoreProduct','Цифр.фотоапарат Canon IXUS 95 IS Blue','2012-06-04 12:27:14'),(1068,'admin',3,'StoreProduct','Цифр.фотоапарат Canon PowerShot A1100 IS Silver','2012-06-04 12:27:14'),(1069,'admin',3,'StoreProduct','Цифр.фотоапарат Canon PowerShot A2200 IS Silver','2012-06-04 12:27:14'),(1070,'admin',3,'StoreProduct','Цифр.фотоапарат Canon PowerShot A3000 IS Silver','2012-06-04 12:27:14'),(1071,'admin',3,'StoreProduct','Цифр.фотоапарат Canon PowerShot A3100 IS Silver','2012-06-04 12:27:14'),(1072,'admin',3,'StoreProduct','Цифр.фотоапарат Canon PowerShot A490 Silver','2012-06-04 12:27:14'),(1073,'admin',3,'StoreProduct','Цифр.фотоапарат Canon PowerShot A495 Silver','2012-06-04 12:27:14'),(1074,'admin',3,'StoreProduct','Цифр.фотоапарат Canon PowerShot A800 Black','2012-06-04 12:27:14'),(1075,'admin',3,'StoreProduct','Цифр.фотоапарат Canon PowerShot A800 Red','2012-06-04 12:27:14'),(1076,'admin',3,'StoreProduct','Цифр.фотоапарат Canon PowerShot A800 Silver','2012-06-04 12:27:14'),(1077,'admin',3,'StoreProduct','Цифр.фотоапарат Canon PowerShot SX120 IS чорний','2012-06-04 12:27:14'),(1078,'admin',3,'StoreProduct','Цифр.фотоапарат Canon PowerShot SX130 IS срібний','2012-06-04 12:27:14'),(1079,'admin',3,'StoreProduct','Цифр.фотоапарат Canon PowerShot SX210 IS Gold','2012-06-04 12:27:14'),(1080,'admin',3,'StoreProduct','Цифр.фотоапарат Canon PowerShot SX210 IS Pur','2012-06-04 12:27:14'),(1081,'admin',3,'StoreProduct','Цифр.фотоапарат Canon PowerShot SX210 IS чорний','2012-06-04 12:27:19'),(1082,'admin',3,'StoreProduct','Цифр.фотоапарат FUJI FinePix S2950 ,чорний','2012-06-04 12:27:19'),(1083,'admin',3,'StoreProduct','Цифр.фотоапарат KODAK  C122, срібний','2012-06-04 12:27:19'),(1084,'admin',3,'StoreProduct','Цифр.фотоапарат Nikon Coolpix L21 Silver','2012-06-04 12:27:19'),(1085,'admin',3,'StoreProduct','Цифр.фотоапарат Nikon Coolpix L22 Silver','2012-06-04 12:27:19'),(1086,'admin',3,'StoreProduct','Цифр.фотоапарат Nikon Coolpix L23 Black','2012-06-04 12:27:20'),(1087,'admin',3,'StoreProduct','Цифр.фотоапарат Nikon Coolpix L23 Pink','2012-06-04 12:27:20'),(1088,'admin',3,'StoreProduct','Цифр.фотоапарат Nikon CoolPix P300, чорний','2012-06-04 12:27:20'),(1089,'admin',3,'StoreProduct','Цифр.фотоапарат Nikon CoolPix P500, чорний','2012-06-04 12:27:20'),(1090,'admin',3,'StoreProduct','Цифр.фотоапарат Nikon Coolpix S2500 Black','2012-06-04 12:27:20'),(1091,'admin',3,'StoreProduct','Цифр.фотоапарат Nikon Coolpix S2500 Pink','2012-06-04 12:27:20'),(1092,'admin',3,'StoreProduct','Цифр.фотоапарат Nikon Coolpix S2500 Silver','2012-06-04 12:27:20'),(1093,'admin',3,'StoreProduct','Цифр.фотоапарат Nikon Coolpix S3000 Black','2012-06-04 12:27:20'),(1094,'admin',3,'StoreProduct','Цифр.фотоапарат Nikon Coolpix S3000 Blue','2012-06-04 12:27:20'),(1095,'admin',3,'StoreProduct','Цифр.фотоапарат Nikon Coolpix S3000 Green','2012-06-04 12:27:20'),(1096,'admin',3,'StoreProduct','Цифр.фотоапарат Nikon Coolpix S3000 Magenta','2012-06-04 12:27:20'),(1097,'admin',3,'StoreProduct','Цифр.фотоапарат Nikon Coolpix S3000 Orange','2012-06-04 12:27:20'),(1098,'admin',3,'StoreProduct','Цифр.фотоапарат Nikon Coolpix S3000 Silver','2012-06-04 12:27:20'),(1099,'admin',3,'StoreProduct','Цифр.фотоапарат Nikon Coolpix S3100 Black','2012-06-04 12:27:20'),(1100,'admin',3,'StoreProduct','Цифр.фотоапарат Nikon Coolpix S4000 Black','2012-06-04 12:27:20'),(1101,'admin',3,'StoreProduct','Цифр.фотоапарат Nikon Coolpix S5100 Black','2012-06-04 12:27:20'),(1102,'admin',3,'StoreProduct','Цифр.фотоапарат Nikon D-3100 KIT AF-S DX 18-55 VR','2012-06-04 12:27:20'),(1103,'admin',3,'StoreProduct','Цифр.фотоапарат Nikon D-5000 KIT AF-S DX 18-55 VR','2012-06-04 12:27:20'),(1104,'admin',3,'StoreProduct','Цифр.фотоапарат Nikon D3100 KIT 18-105 VR 2коробки!!!','2012-06-04 12:27:20'),(1105,'admin',3,'StoreProduct','Цифр.фотоапарат Olympus SP-600 UltraZoom Black','2012-06-04 12:27:20'),(1106,'admin',3,'StoreProduct','Цифр.фотоапарат Olympus SP-800 UltraZoom Silver','2012-06-04 12:27:20'),(1107,'admin',3,'StoreProduct','Цифр.фотоапарат PANASONIC DMC-FH25 Black','2012-06-04 12:27:20'),(1108,'admin',3,'StoreProduct','Цифр.фотоапарат Ricoh Caplio R4 Silver','2012-06-04 12:27:20'),(1109,'admin',3,'StoreProduct','Цифр.фотоапарат SONY Cyber-Shot S2000 Black','2012-06-04 12:27:20'),(1110,'admin',3,'StoreProduct','Цифр.фотоапарат SONY Cyber-Shot S2000 Silver','2012-06-04 12:27:20'),(1111,'admin',3,'StoreProduct','Цифр.фотоапарат SONY Cyber-Shot S2100 Black','2012-06-04 12:27:33'),(1112,'admin',3,'StoreProduct','Цифр.фотоапарат SONY Cyber-Shot S2100 Orange','2012-06-04 12:27:33'),(1113,'admin',3,'StoreManufacturer','Panasonic','2012-06-04 12:27:48'),(1114,'admin',3,'StoreManufacturer','LG','2012-06-04 12:27:48'),(1115,'admin',3,'StoreManufacturer','Sony','2012-06-04 12:27:48'),(1116,'admin',3,'StoreManufacturer','Samsung','2012-06-04 12:27:48'),(1117,'admin',3,'StoreManufacturer','Calypso','2012-06-04 12:27:48'),(1118,'admin',3,'StoreManufacturer','Yamaha','2012-06-04 12:27:48'),(1119,'admin',3,'StoreManufacturer','Canon','2012-06-04 12:27:48'),(1120,'admin',3,'StoreManufacturer','Epson','2012-06-04 12:27:48'),(1121,'admin',3,'StoreManufacturer','Plantronics','2012-06-04 12:27:48'),(1122,'admin',3,'StoreManufacturer','Motorola','2012-06-04 12:27:48'),(1123,'admin',3,'StoreManufacturer','Pioneer','2012-06-04 12:27:48'),(1124,'admin',3,'StoreManufacturer','Pyle','2012-06-04 12:27:48'),(1125,'admin',3,'StoreManufacturer','JVC','2012-06-04 12:27:48'),(1126,'admin',3,'StoreManufacturer','Garmin','2012-06-04 12:27:48'),(1127,'admin',3,'StoreManufacturer','TomTom','2012-06-04 12:27:48'),(1128,'admin',3,'StoreManufacturer','manufacturer','2012-06-04 12:27:48'),(1129,'admin',3,'StoreCategory','Цифрове фото','2012-06-04 12:27:56'),(1130,'admin',3,'StoreCategory','Цифрові носії','2012-06-04 12:28:00'),(1131,'admin',3,'StoreCategory','Штативи для фото-відео обладнання','2012-06-04 12:28:04'),(1132,'admin',3,'StoreCategory','Сумки для цифрового обладнання','2012-06-04 12:28:08'),(1133,'admin',3,'StoreCategory','Цифрове відео','2012-06-04 12:28:15'),(1134,'admin',3,'StoreCategory','Фотопапір','2012-06-04 12:28:19'),(1135,'admin',3,'StoreCategory','Фото та Відео','2012-06-04 12:28:23'),(1136,'admin',3,'StoreProduct','Цифр.фотоапарат PANASONIC DMC-FH25 Black','2012-06-04 12:32:01'),(1137,'admin',3,'StoreProduct','Цифр.фотоапарат SONY Cyber-Shot S2100 Black','2012-06-04 12:32:01'),(1138,'admin',3,'StoreProduct','Цифр.фотоапарат SONY Cyber-Shot S2100 Orange','2012-06-04 12:32:01'),(1139,'admin',3,'StoreProduct','Цифр.фотоапарат SONY Cyber-Shot S2100 Silver','2012-06-04 12:32:01'),(1140,'admin',3,'StoreProduct','Цифр.фотоапарат SONY Cyber-Shot S3000 Black','2012-06-04 12:32:01'),(1141,'admin',3,'StoreProduct','Цифр.фотоапарат SONY Cyber-Shot S3000 Silver','2012-06-04 12:32:01'),(1142,'admin',3,'StoreProduct','Цифр.фотоапарат SONY Cyber-Shot T99 Violet','2012-06-04 12:32:01'),(1143,'admin',3,'StoreProduct','Цифр.фотоапарат SONY Cyber-Shot W310 Pink','2012-06-04 12:32:01'),(1144,'admin',3,'StoreProduct','Цифр.фотоапарат SONY Cyber-Shot W310 срібний','2012-06-04 12:32:01'),(1145,'admin',3,'StoreProduct','Цифр.фотоапарат SONY Cyber-Shot W310 чорний','2012-06-04 12:32:01'),(1146,'admin',3,'StoreProduct','Цифр.фотоапарат SONY Cyber-Shot W320 Pink','2012-06-04 12:32:01'),(1147,'admin',3,'StoreProduct','Цифр.фотоапарат SONY Cyber-Shot W320 срібний','2012-06-04 12:32:01'),(1148,'admin',3,'StoreProduct','Цифр.фотоапарат SONY Cyber-Shot W320 чорний','2012-06-04 12:32:01'),(1149,'admin',3,'StoreProduct','Цифр.фотоапарат SONY Cyber-Shot W330 чорний','2012-06-04 12:32:01'),(1150,'admin',3,'StoreProduct','Цифр.фотоапарат SONY Cyber-Shot W510 Pink','2012-06-04 12:32:01'),(1151,'admin',3,'StoreProduct','Цифр.фотоапарат SONY Cyber-Shot W510 чорний','2012-06-04 12:32:01'),(1152,'admin',3,'StoreProduct','Чохол для фото/відео камер PORT Designs Casablanca Bag Camcorder','2012-06-04 12:32:01'),(1153,'admin',3,'StoreProduct','Штатив Slik Mirage Light blue міні','2012-06-04 12:32:01'),(1154,'admin',3,'StoreProduct','Штатив Slik Pro 700 DX','2012-06-04 12:32:01'),(1155,'admin',3,'StoreProduct','Штатив Slik S-Pod S-100 BKS-100 чорний','2012-06-04 12:32:01'),(1156,'admin',3,'StoreProduct','Штатив Slik S-Pod S-200 black мині','2012-06-04 12:32:01'),(1157,'admin',3,'StoreProduct','Штатив Slik S-Pod S-200 SL мині','2012-06-04 12:32:01'),(1158,'admin',3,'StoreProduct','Штатив Slik S-Pod SJ-32GM','2012-06-04 12:32:01'),(1159,'admin',3,'StoreProduct','Штатив Velbon C-500/F','2012-06-04 12:32:01'),(1160,'admin',3,'StoreProduct','Штатив Velbon C-600/F','2012-06-04 12:32:01'),(1161,'admin',3,'StoreProduct','Штатив Velbon CX-200T/F','2012-06-04 12:32:01'),(1162,'admin',3,'StoreProduct','Штатив Velbon CX-300T/F','2012-06-04 12:32:01'),(1163,'admin',3,'StoreProduct','Штатив Velbon CX-440/F','2012-06-04 12:32:01'),(1164,'admin',3,'StoreProduct','Штатив Velbon CX-444F','2012-06-04 12:32:01'),(1165,'admin',3,'StoreProduct','Штатив Velbon CX-888/F','2012-06-04 12:32:01'),(1166,'admin',3,'StoreProduct','Цифр.фотоапарат Canon PowerShot SX210 IS Pur','2012-06-04 12:32:06'),(1167,'admin',3,'StoreProduct','Цифр.фотоапарат Canon PowerShot SX210 IS чорний','2012-06-04 12:32:06'),(1168,'admin',3,'StoreProduct','Цифр.фотоапарат FUJI FinePix S2950 ,чорний','2012-06-04 12:32:06'),(1169,'admin',3,'StoreProduct','Цифр.фотоапарат KODAK  C122, срібний','2012-06-04 12:32:06'),(1170,'admin',3,'StoreProduct','Цифр.фотоапарат Nikon Coolpix L21 Silver','2012-06-04 12:32:06'),(1171,'admin',3,'StoreProduct','Цифр.фотоапарат Nikon Coolpix L22 Silver','2012-06-04 12:32:06'),(1172,'admin',3,'StoreProduct','Цифр.фотоапарат Nikon Coolpix L23 Black','2012-06-04 12:32:06'),(1173,'admin',3,'StoreProduct','Цифр.фотоапарат Nikon Coolpix L23 Pink','2012-06-04 12:32:06'),(1174,'admin',3,'StoreProduct','Цифр.фотоапарат Nikon CoolPix P300, чорний','2012-06-04 12:32:06'),(1175,'admin',3,'StoreProduct','Цифр.фотоапарат Nikon CoolPix P500, чорний','2012-06-04 12:32:06'),(1176,'admin',3,'StoreProduct','Цифр.фотоапарат Nikon Coolpix S2500 Black','2012-06-04 12:32:07'),(1177,'admin',3,'StoreProduct','Цифр.фотоапарат Nikon Coolpix S2500 Pink','2012-06-04 12:32:07'),(1178,'admin',3,'StoreProduct','Цифр.фотоапарат Nikon Coolpix S2500 Silver','2012-06-04 12:32:07'),(1179,'admin',3,'StoreProduct','Цифр.фотоапарат Nikon Coolpix S3000 Black','2012-06-04 12:32:07'),(1180,'admin',3,'StoreProduct','Цифр.фотоапарат Nikon Coolpix S3000 Blue','2012-06-04 12:32:07'),(1181,'admin',3,'StoreProduct','Цифр.фотоапарат Nikon Coolpix S3000 Green','2012-06-04 12:32:07'),(1182,'admin',3,'StoreProduct','Цифр.фотоапарат Nikon Coolpix S3000 Magenta','2012-06-04 12:32:07'),(1183,'admin',3,'StoreProduct','Цифр.фотоапарат Nikon Coolpix S3000 Orange','2012-06-04 12:32:07'),(1184,'admin',3,'StoreProduct','Цифр.фотоапарат Nikon Coolpix S3000 Silver','2012-06-04 12:32:07'),(1185,'admin',3,'StoreProduct','Цифр.фотоапарат Nikon Coolpix S3100 Black','2012-06-04 12:32:07'),(1186,'admin',3,'StoreProduct','Цифр.фотоапарат Nikon Coolpix S4000 Black','2012-06-04 12:32:07'),(1187,'admin',3,'StoreProduct','Цифр.фотоапарат Nikon Coolpix S5100 Black','2012-06-04 12:32:07'),(1188,'admin',3,'StoreProduct','Цифр.фотоапарат Nikon D-3100 KIT AF-S DX 18-55 VR','2012-06-04 12:32:07'),(1189,'admin',3,'StoreProduct','Цифр.фотоапарат Nikon D-5000 KIT AF-S DX 18-55 VR','2012-06-04 12:32:07'),(1190,'admin',3,'StoreProduct','Цифр.фотоапарат Nikon D3100 KIT 18-105 VR 2коробки!!!','2012-06-04 12:32:07'),(1191,'admin',3,'StoreProduct','Цифр.фотоапарат Olympus SP-600 UltraZoom Black','2012-06-04 12:32:07'),(1192,'admin',3,'StoreProduct','Цифр.фотоапарат Olympus SP-800 UltraZoom Silver','2012-06-04 12:32:07'),(1193,'admin',3,'StoreProduct','Цифр.фотоапарат Ricoh Caplio R4 Silver','2012-06-04 12:32:07'),(1194,'admin',3,'StoreProduct','Цифр.фотоапарат SONY Cyber-Shot S2000 Black','2012-06-04 12:32:07'),(1195,'admin',3,'StoreProduct','Цифр.фотоапарат SONY Cyber-Shot S2000 Silver','2012-06-04 12:32:07'),(1196,'admin',3,'StoreProduct','Футляр для фото/відео камер PORT Designs Ibiza L Black чорно-оранжева','2012-06-04 12:32:13'),(1197,'admin',3,'StoreProduct','Футляр для фото/відео камер PORT Designs Ibiza SLR S Black чорно-оранжева','2012-06-04 12:32:13'),(1198,'admin',3,'StoreProduct','Цифр. відеокамера Canon FS306 Legria Blue','2012-06-04 12:32:13'),(1199,'admin',3,'StoreProduct','Цифр. відеокамера Canon FS306 Legria Red','2012-06-04 12:32:13'),(1200,'admin',3,'StoreProduct','Цифр. відеокамера Canon FS306 Legria Silver','2012-06-04 12:32:13'),(1201,'admin',3,'StoreProduct','Цифр. відеокамера Panasonic HDC-SD60EE-K, чорна','2012-06-04 12:32:13'),(1202,'admin',3,'StoreProduct','Цифр. відеокамера Panasonic SDR-H85EE-S срібна','2012-06-04 12:32:13'),(1203,'admin',3,'StoreProduct','Цифр. відеокамера Panasonic SDR-S50EE-K, чорна','2012-06-04 12:32:13'),(1204,'admin',3,'StoreProduct','Цифр. відеокамера Panasonic SDR-T50EE-K, чорна','2012-06-04 12:32:13'),(1205,'admin',3,'StoreProduct','Цифр. відеокамера Samsung VP-D381','2012-06-04 12:32:13'),(1206,'admin',3,'StoreProduct','Цифр. відеокамера Sony DCR-SX44E, срібна','2012-06-04 12:32:13'),(1207,'admin',3,'StoreProduct','Цифр.фотоапарат BenQ DC C1430 Black','2012-06-04 12:32:13'),(1208,'admin',3,'StoreProduct','Цифр.фотоапарат BenQ DC C1430 Silver','2012-06-04 12:32:13'),(1209,'admin',3,'StoreProduct','Цифр.фотоапарат Canon IXUS 130 IS black','2012-06-04 12:32:13'),(1210,'admin',3,'StoreProduct','Цифр.фотоапарат Canon IXUS 130 IS orange','2012-06-04 12:32:13'),(1211,'admin',3,'StoreProduct','Цифр.фотоапарат Canon IXUS 210 IS black','2012-06-04 12:32:13'),(1212,'admin',3,'StoreProduct','Цифр.фотоапарат Canon IXUS 300 HS black','2012-06-04 12:32:13'),(1213,'admin',3,'StoreProduct','Цифр.фотоапарат Canon IXUS 95 IS Blue','2012-06-04 12:32:13'),(1214,'admin',3,'StoreProduct','Цифр.фотоапарат Canon PowerShot A1100 IS Silver','2012-06-04 12:32:13'),(1215,'admin',3,'StoreProduct','Цифр.фотоапарат Canon PowerShot A2200 IS Silver','2012-06-04 12:32:13'),(1216,'admin',3,'StoreProduct','Цифр.фотоапарат Canon PowerShot A3000 IS Silver','2012-06-04 12:32:13'),(1217,'admin',3,'StoreProduct','Цифр.фотоапарат Canon PowerShot A3100 IS Silver','2012-06-04 12:32:13'),(1218,'admin',3,'StoreProduct','Цифр.фотоапарат Canon PowerShot A490 Silver','2012-06-04 12:32:13'),(1219,'admin',3,'StoreProduct','Цифр.фотоапарат Canon PowerShot A495 Silver','2012-06-04 12:32:13'),(1220,'admin',3,'StoreProduct','Цифр.фотоапарат Canon PowerShot A800 Black','2012-06-04 12:32:13'),(1221,'admin',3,'StoreProduct','Цифр.фотоапарат Canon PowerShot A800 Red','2012-06-04 12:32:13'),(1222,'admin',3,'StoreProduct','Цифр.фотоапарат Canon PowerShot A800 Silver','2012-06-04 12:32:13'),(1223,'admin',3,'StoreProduct','Цифр.фотоапарат Canon PowerShot SX120 IS чорний','2012-06-04 12:32:13'),(1224,'admin',3,'StoreProduct','Цифр.фотоапарат Canon PowerShot SX130 IS срібний','2012-06-04 12:32:13'),(1225,'admin',3,'StoreProduct','Цифр.фотоапарат Canon PowerShot SX210 IS Gold','2012-06-04 12:32:13'),(1226,'admin',3,'StoreProduct','Фотопапір ColorWay A4, 180 г/м2,   20л, глянцевий','2012-06-04 12:32:18'),(1227,'admin',3,'StoreProduct','Фотопапір ColorWay A4, 210 г/м2,   20л, глянцевий','2012-06-04 12:32:18'),(1228,'admin',3,'StoreProduct','Фотопапір ColorWay A4, 210 г/м2,   50л, глянцевий','2012-06-04 12:32:18'),(1229,'admin',3,'StoreProduct','Фотопапір ColorWay A4, 220 г/м2,   20л, глянцевий двoсторонній','2012-06-04 12:32:18'),(1230,'admin',3,'StoreProduct','Фотопапір ColorWay A4, 220 г/м2,   50л, глянцевий двoсторонній','2012-06-04 12:32:18'),(1231,'admin',3,'StoreProduct','Фотопапір ColorWay A4, 220 г/м2,   50л, матовий двосторонній','2012-06-04 12:32:18'),(1232,'admin',3,'StoreProduct','Фотопапір ColorWay A4, 240 г/м2,   20л, глянцевий','2012-06-04 12:32:18'),(1233,'admin',3,'StoreProduct','Фотопапір ColorWay A4, 240 г/м2,   20л, суперглянцевий','2012-06-04 12:32:18'),(1234,'admin',3,'StoreProduct','Фотопапір ColorWay A4, 240 г/м2,   50л, глянцевий','2012-06-04 12:32:18'),(1235,'admin',3,'StoreProduct','Фотопапір ColorWay A4, 240 г/м2,   50л, суперглянцевий','2012-06-04 12:32:18'),(1236,'admin',3,'StoreProduct','Фотопапір ColorWay A4, 260 г/м2,   20л, сатин мікропористий','2012-06-04 12:32:18'),(1237,'admin',3,'StoreProduct','Фотопапір ColorWay A4, 260 г/м2,   20л, суперглянцевий','2012-06-04 12:32:18'),(1238,'admin',3,'StoreProduct','Фотопапір ColorWay A4, 260 г/м2,   20л, суперглянцевий шовковий','2012-06-04 12:32:18'),(1239,'admin',3,'StoreProduct','Фотопапір ColorWay A4, 260 г/м2,   50л, суперглянцевий','2012-06-04 12:32:18'),(1240,'admin',3,'StoreProduct','Фотопапір рулонний ColorWay, 24\"x30m, 135 г/м2, глянцевий','2012-06-04 12:32:18'),(1241,'admin',3,'StoreProduct','Фотопапір рулонний ColorWay, 36\"x30m, 135 г/м2, глянцевий','2012-06-04 12:32:18'),(1242,'admin',3,'StoreProduct','Футляр для GPS 4,7\" PORT Designs  Pouch LIMA 4 3 4 7','2012-06-04 12:32:18'),(1243,'admin',3,'StoreProduct','Футляр для фото камер LC Sport-129, Black чорний','2012-06-04 12:32:18'),(1244,'admin',3,'StoreProduct','Футляр для фото камер LC Sport-239, Black чорний','2012-06-04 12:32:18'),(1245,'admin',3,'StoreProduct','Футляр для фото камер Sony LCS-TWС/C для T, W серії, світло-коричнева','2012-06-04 12:32:18'),(1246,'admin',3,'StoreProduct','Футляр для фото камер VAX 8001 Aribau Black чорний','2012-06-04 12:32:18'),(1247,'admin',3,'StoreProduct','Футляр для фото камер VAX 8002 Aribau Orange оранжевий','2012-06-04 12:32:18'),(1248,'admin',3,'StoreProduct','Футляр для фото камер VAX 8003 Aribau Red червоний','2012-06-04 12:32:18'),(1249,'admin',3,'StoreProduct','Футляр для фото камер VAX 8005 Aribau Grey сірий','2012-06-04 12:32:18'),(1250,'admin',3,'StoreProduct','Футляр для фото/відео камер PORT Designs Casablanca L','2012-06-04 12:32:19'),(1251,'admin',3,'StoreProduct','Футляр для фото/відео камер PORT Designs Casablanca L Black чорно-сіра','2012-06-04 12:32:19'),(1252,'admin',3,'StoreProduct','Футляр для фото/відео камер PORT Designs Casablanca S','2012-06-04 12:32:19'),(1253,'admin',3,'StoreProduct','Футляр для фото/відео камер PORT Designs Casablanca S Black чорно-сіра','2012-06-04 12:32:19'),(1254,'admin',3,'StoreProduct','Футляр для фото/відео камер PORT Designs Ibiza S Black чорно-оранжева','2012-06-04 12:32:19'),(1255,'admin',3,'StoreProduct','Футляр для фото/відео камер PORT Designs Ibiza SLR L Black чорно-оранжева','2012-06-04 12:32:19'),(1256,'admin',3,'StoreProduct','Фотопапір ColorWay 10*15, 150 г/м2,   50л, глянцевий','2012-06-04 12:32:24'),(1257,'admin',3,'StoreProduct','Фотопапір ColorWay 10*15, 180 г/м2, 500л, глянцевий','2012-06-04 12:32:24'),(1258,'admin',3,'StoreProduct','Фотопапір ColorWay 10*15, 180 г/м2, 50л, глянцевий','2012-06-04 12:32:24'),(1259,'admin',3,'StoreProduct','Фотопапір ColorWay 10*15, 190 г/м2,  20л, матовий','2012-06-04 12:32:24'),(1260,'admin',3,'StoreProduct','Фотопапір ColorWay 10*15, 190 г/м2,  50л, матовий','2012-06-04 12:32:24'),(1261,'admin',3,'StoreProduct','Фотопапір ColorWay 10*15, 190 г/м2, 100л, матовий','2012-06-04 12:32:24'),(1262,'admin',3,'StoreProduct','Фотопапір ColorWay 10*15, 210 г/м2, 100л, глянцевий','2012-06-04 12:32:24'),(1263,'admin',3,'StoreProduct','Фотопапір ColorWay 10*15, 210 г/м2, 500л, глянцевий','2012-06-04 12:32:24'),(1264,'admin',3,'StoreProduct','Фотопапір ColorWay 10*15, 240 г/м2,   20л, глянцевий','2012-06-04 12:32:24'),(1265,'admin',3,'StoreProduct','Фотопапір ColorWay 10*15, 240 г/м2,   50л, глянцевий','2012-06-04 12:32:24'),(1266,'admin',3,'StoreProduct','Фотопапір ColorWay 10*15, 240 г/м2, 100л, глянцевий','2012-06-04 12:32:24'),(1267,'admin',3,'StoreProduct','Фотопапір ColorWay 10*15, 260 г/м2,   20л, глянцевий','2012-06-04 12:32:24'),(1268,'admin',3,'StoreProduct','Фотопапір ColorWay 10*15, 260 г/м2,   20л, сатин мікропористий','2012-06-04 12:32:24'),(1269,'admin',3,'StoreProduct','Фотопапір ColorWay 10*15, 260 г/м2,   20л, суперглянцевий мікропористий','2012-06-04 12:32:24'),(1270,'admin',3,'StoreProduct','Фотопапір ColorWay 10*15, 260 г/м2,   20л, суперглянцевий шовковий','2012-06-04 12:32:24'),(1271,'admin',3,'StoreProduct','Фотопапір ColorWay 10*15, 260 г/м2,   50л, глянцевий','2012-06-04 12:32:24'),(1272,'admin',3,'StoreProduct','Фотопапір ColorWay 10*15, 260 г/м2, 100л, глянцевий','2012-06-04 12:32:24'),(1273,'admin',3,'StoreProduct','Фотопапір ColorWay A4, 108 г/м2,   50л, матовий','2012-06-04 12:32:24'),(1274,'admin',3,'StoreProduct','Фотопапір ColorWay A4, 108 г/м2, 100л, матовий','2012-06-04 12:32:24'),(1275,'admin',3,'StoreProduct','Фотопапір ColorWay A4, 130 г/м2,   100л, глянцевий','2012-06-04 12:32:24'),(1276,'admin',3,'StoreProduct','Фотопапір ColorWay A4, 130 г/м2,   20л, глянцевий','2012-06-04 12:32:24'),(1277,'admin',3,'StoreProduct','Фотопапір ColorWay A4, 135 г/м2,   20л, матовий','2012-06-04 12:32:24'),(1278,'admin',3,'StoreProduct','Фотопапір ColorWay A4, 135 г/м2,  100л, матовий','2012-06-04 12:32:24'),(1279,'admin',3,'StoreProduct','Фотопапір ColorWay A4, 140 г/м2,   50л, матовий двосторонній','2012-06-04 12:32:24'),(1280,'admin',3,'StoreProduct','Фотопапір ColorWay A4, 150 г/м2,   100л, глянцевий','2012-06-04 12:32:24'),(1281,'admin',3,'StoreProduct','Фотопапір ColorWay A4, 150 г/м2,   20л, глянцевий','2012-06-04 12:32:24'),(1282,'admin',3,'StoreProduct','Фотопапір ColorWay A4, 150 г/м2,   50л, глянцевий','2012-06-04 12:32:24'),(1283,'admin',3,'StoreProduct','Фотопапір ColorWay A4, 155 г/м2,   50л, глянцевий двoсторонній','2012-06-04 12:32:24'),(1284,'admin',3,'StoreProduct','Фотопапір ColorWay A4, 180 г/м2,   50л, глянцевий','2012-06-04 12:32:24'),(1285,'admin',3,'StoreProduct','Фотопапір ColorWay A4, 190 г/м2,   20л, матовий','2012-06-04 12:32:24'),(1286,'admin',3,'StoreProduct','Memory card Secure Digital Micro 4Gb Toshiba','2012-06-04 12:32:28'),(1287,'admin',3,'StoreProduct','Memory card Secure Digital Micro 4Gb Toshiba + case + SD adapter','2012-06-04 12:32:28'),(1288,'admin',3,'StoreProduct','Memory card Secure Digital Micro 4Gb Transcend SDHC with adapter','2012-06-04 12:32:28'),(1289,'admin',3,'StoreProduct','Memory card Secure Digital Micro 8Gb GoodRam Retail9 + adapter','2012-06-04 12:32:28'),(1290,'admin',3,'StoreProduct','Memory card Secure Digital Micro 8Gb GoodRam SDHC(4)','2012-06-04 12:32:28'),(1291,'admin',3,'StoreProduct','Memory card Secure Digital Micro 8Gb Kingston SDHC','2012-06-04 12:32:28'),(1292,'admin',3,'StoreProduct','Memory card Secure Digital Micro 8Gb Patriot SDHC(10)','2012-06-04 12:32:28'),(1293,'admin',3,'StoreProduct','Memory card Secure Digital Micro 8Gb Patriot SDHC(4)','2012-06-04 12:32:28'),(1294,'admin',3,'StoreProduct','Memory card Secure Digital Micro 8Gb TakeMS SDHC(4) Retail','2012-06-04 12:32:29'),(1295,'admin',3,'StoreProduct','Memory card Secure Digital Micro 8Gb Toshiba SDHC(4)','2012-06-04 12:32:29'),(1296,'admin',3,'StoreProduct','Memory card Secure Digital Micro 8Gb Toshiba SDHC(4) + case + adapter','2012-06-04 12:32:29'),(1297,'admin',3,'StoreProduct','Memory card Secure Digital Micro 8Gb Transcend SDHC(6)','2012-06-04 12:32:29'),(1298,'admin',3,'StoreProduct','Memory card Secure Digital Micro 8Gb Transcend SDHC(6)+SD adapter','2012-06-04 12:32:29'),(1299,'admin',3,'StoreProduct','Memory card Secure Digital XC   64Gb Patriot Cl10','2012-06-04 12:32:29'),(1300,'admin',3,'StoreProduct','Захисний чохол iPhone Case, Modecom HANDY, чорний','2012-06-04 12:32:29'),(1301,'admin',3,'StoreProduct','Рюкзак для фото/відео камер    PORT Designs Casablanca','2012-06-04 12:32:29'),(1302,'admin',3,'StoreProduct','Фотопапір ACME A4 115 г/м2 100л глянцевий (value pack)','2012-06-04 12:32:29'),(1303,'admin',3,'StoreProduct','Фотопапір ACME A4 150 г/м2  50л глянцевий (value pack)','2012-06-04 12:32:29'),(1304,'admin',3,'StoreProduct','Фотопапір ACME A4 170 г/м2  100л глянцевий  (value pack)','2012-06-04 12:32:29'),(1305,'admin',3,'StoreProduct','Фотопапір ACME A4 170 г/м2  20л глянцевий (value pack)','2012-06-04 12:32:29'),(1306,'admin',3,'StoreProduct','Фотопапір ACME A6 (10*15) 115 г/м2 100л глянцевий (value pack)','2012-06-04 12:32:29'),(1307,'admin',3,'StoreProduct','Фотопапір ACME A6 (10*15) 150 г/м2 100л глянцевий (value pack)','2012-06-04 12:32:29'),(1308,'admin',3,'StoreProduct','Фотопапір ACME A6 (10*15) 170 г/м2 20 л глянцевий (value pack)','2012-06-04 12:32:29'),(1309,'admin',3,'StoreProduct','Фотопапір Black Point A4, 230г/м2,  63л, глянцевий','2012-06-04 12:32:29'),(1310,'admin',3,'StoreProduct','Фотопапір Black Point A4, 260г/м2,  25л, глянцевий','2012-06-04 12:32:29'),(1311,'admin',3,'StoreProduct','Фотопапір Black Point A4, 260г/м2,  63л, глянцевий','2012-06-04 12:32:29'),(1312,'admin',3,'StoreProduct','Фотопапір Black Point A6(10*15), 260г/м2,  125л, глянцевий','2012-06-04 12:32:29'),(1313,'admin',3,'StoreProduct','Фотопапір Black Point A6(10*15), 260г/м2,  32л, глянцевий','2012-06-04 12:32:29'),(1314,'admin',3,'StoreProduct','Фотопапір ColorWay 10*15, 180 г/м2, 100л, глянцевий','2012-06-04 12:32:29'),(1315,'admin',3,'StoreProduct','Фотопапір ColorWay 10*15, 180 г/м2, 20л, глянцевий','2012-06-04 12:32:29'),(1316,'admin',3,'StoreProduct','Memory card Secure Digital 4Gb SDHC GoodRam (cl6)','2012-06-04 12:32:34'),(1317,'admin',3,'StoreProduct','Memory card Secure Digital 4Gb SDHC Patriot Cl 6','2012-06-04 12:32:34'),(1318,'admin',3,'StoreProduct','Memory card Secure Digital 4Gb SDHC Transcend Cl4','2012-06-04 12:32:34'),(1319,'admin',3,'StoreProduct','Memory card Secure Digital 4Gb Toshiba Retail SDHC class4','2012-06-04 12:32:34'),(1320,'admin',3,'StoreProduct','Memory card Secure Digital 4Gb, SDHC, Kingston (cl)','2012-06-04 12:32:34'),(1321,'admin',3,'StoreProduct','Memory card Secure Digital 8Gb SDHC GoodRam (cl6)','2012-06-04 12:32:34'),(1322,'admin',3,'StoreProduct','Memory card Secure Digital 8Gb SDHC GoodRam (cl6) Slim Retail','2012-06-04 12:32:34'),(1323,'admin',3,'StoreProduct','Memory card Secure Digital 8Gb SDHC Patriot Class 10','2012-06-04 12:32:34'),(1324,'admin',3,'StoreProduct','Memory card Secure Digital 8Gb SDHC Patriot class 6','2012-06-04 12:32:34'),(1325,'admin',3,'StoreProduct','Memory card Secure Digital 8Gb SDHC Transcend Cl2','2012-06-04 12:32:34'),(1326,'admin',3,'StoreProduct','Memory card Secure Digital 8Gb SDHC Transcend Cl4','2012-06-04 12:32:34'),(1327,'admin',3,'StoreProduct','Memory card Secure Digital 8Gb Toshiba Retail SDHC class10','2012-06-04 12:32:34'),(1328,'admin',3,'StoreProduct','Memory card Secure Digital 8Gb Toshiba Retail SDHC class2','2012-06-04 12:32:34'),(1329,'admin',3,'StoreProduct','Memory card Secure Digital 8Gb Toshiba Retail SDHC class6','2012-06-04 12:32:34'),(1330,'admin',3,'StoreProduct','Memory card Secure Digital 8Gb, Kingston class4','2012-06-04 12:32:34'),(1331,'admin',3,'StoreProduct','Memory card Secure Digital Micro 16Gb GoodRam Retail9+ adapter','2012-06-04 12:32:34'),(1332,'admin',3,'StoreProduct','Memory card Secure Digital Micro 16Gb GoodRam SDHC(2)','2012-06-04 12:32:34'),(1333,'admin',3,'StoreProduct','Memory card Secure Digital Micro 16Gb Patriot SDHC(4) + SD adapter','2012-06-04 12:32:34'),(1334,'admin',3,'StoreProduct','Memory card Secure Digital Micro 16Gb Toshiba + SD adapter','2012-06-04 12:32:34'),(1335,'admin',3,'StoreProduct','Memory card Secure Digital Micro 16Gb Toshiba SDHC + SD adapter','2012-06-04 12:32:34'),(1336,'admin',3,'StoreProduct','Memory card Secure Digital Micro 2Gb Goodram Retail9+ adapter','2012-06-04 12:32:34'),(1337,'admin',3,'StoreProduct','Memory card Secure Digital Micro 2Gb GoodRam Slim Retail','2012-06-04 12:32:34'),(1338,'admin',3,'StoreProduct','Memory card Secure Digital Micro 2Gb Kingston','2012-06-04 12:32:34'),(1339,'admin',3,'StoreProduct','Memory card Secure Digital Micro 2Gb Patriot 3 in 1','2012-06-04 12:32:34'),(1340,'admin',3,'StoreProduct','Memory card Secure Digital Micro 2Gb TakeMS 2 Gb Retail','2012-06-04 12:32:34'),(1341,'admin',3,'StoreProduct','Memory card Secure Digital Micro 4Gb GoodRam Retail9 + adapter','2012-06-04 12:32:34'),(1342,'admin',3,'StoreProduct','Memory card Secure Digital Micro 4Gb GoodRam SDHC class 4 Slim Retail','2012-06-04 12:32:34'),(1343,'admin',3,'StoreProduct','Memory card Secure Digital Micro 4Gb Kingston SDHC','2012-06-04 12:32:34'),(1344,'admin',3,'StoreProduct','Memory card Secure Digital Micro 4Gb Patriot SDHC(4)','2012-06-04 12:32:34'),(1345,'admin',3,'StoreProduct','Memory card Secure Digital Micro 4Gb TakeMS (class4) Retail','2012-06-04 12:32:34'),(1346,'admin',3,'StoreProduct','Epson 10x15см 500л, 225г/м2, Glossy Photo Paper, C13S042201','2012-06-04 12:32:39'),(1347,'admin',3,'StoreProduct','Epson 10x15см 500л, 225г/м2, Semi-Glossy Photo Paper, C13S042200','2012-06-04 12:32:39'),(1348,'admin',3,'StoreProduct','Epson A4 20л, 251г/м2, Prem.Semigl.Paper, C13S041332','2012-06-04 12:32:39'),(1349,'admin',3,'StoreProduct','Epson A4 Photo Paper,','2012-06-04 12:32:39'),(1350,'admin',3,'StoreProduct','HP 24\"x30m, C6029С, Heavyweight Coated Paper -- 130 г/м2,','2012-06-04 12:32:39'),(1351,'admin',3,'StoreProduct','HP 24\"x45m, C6035A, Bright White Inkjet Paper','2012-06-04 12:32:39'),(1352,'admin',3,'StoreProduct','HP 36\"x30m, C6030С, Heavyweight Coated Paper','2012-06-04 12:32:39'),(1353,'admin',3,'StoreProduct','HP 36\"x45m, Q1405A, Coated Paper','2012-06-04 12:32:39'),(1354,'admin',3,'StoreProduct','HP 42\"x45m, Q1406A, Coated Paper','2012-06-04 12:32:39'),(1355,'admin',3,'StoreProduct','HP A4, C6951A, 20л, Premium Plus Photo Paper satin-matt','2012-06-04 12:32:39'),(1356,'admin',3,'StoreProduct','Memory card Compact Flash 16Gb Patriot','2012-06-04 12:32:39'),(1357,'admin',3,'StoreProduct','Memory card Compact Flash 16Gb Pretec 233X','2012-06-04 12:32:39'),(1358,'admin',3,'StoreProduct','Memory card Compact Flash 32Gb Patriot','2012-06-04 12:32:39'),(1359,'admin',3,'StoreProduct','Memory card Compact Flash 32Gb Patriot','2012-06-04 12:32:39'),(1360,'admin',3,'StoreProduct','Memory card Compact Flash 4G Pretec 40x','2012-06-04 12:32:39'),(1361,'admin',3,'StoreProduct','Memory card Compact Flash 4Gb Patriot','2012-06-04 12:32:39'),(1362,'admin',3,'StoreProduct','Memory card Compact Flash 64Gb Patriot','2012-06-04 12:32:39'),(1363,'admin',3,'StoreProduct','Memory card Compact Flash 8Gb Patriot','2012-06-04 12:32:39'),(1364,'admin',3,'StoreProduct','Memory card Compact Flash 8Gb Patriot','2012-06-04 12:32:39'),(1365,'admin',3,'StoreProduct','Memory card Memory Stick M2 2Gb Goodram +pro Duo adapter','2012-06-04 12:32:39'),(1366,'admin',3,'StoreProduct','Memory card Memory Stick M2 4Gb Goodram +pro Duo adapter','2012-06-04 12:32:39'),(1367,'admin',3,'StoreProduct','Memory card Memory Stick M2 8Gb Goodram +pro Duo adapter','2012-06-04 12:32:39'),(1368,'admin',3,'StoreProduct','Memory card Secure Digital 16Gb SDHC GoodRam (cl4)','2012-06-04 12:32:39'),(1369,'admin',3,'StoreProduct','Memory card Secure Digital 16Gb Toshiba Retail SDHC class10','2012-06-04 12:32:39'),(1370,'admin',3,'StoreProduct','Memory card Secure Digital 16Gb Transcend 600X','2012-06-04 12:32:39'),(1371,'admin',3,'StoreProduct','Memory card Secure Digital 1Gb TakeMS 60x','2012-06-04 12:32:39'),(1372,'admin',3,'StoreProduct','Memory card Secure Digital 2Gb GoodRam New Retail 9','2012-06-04 12:32:39'),(1373,'admin',3,'StoreProduct','Memory card Secure Digital 32Gb SDHC Patriot class 10','2012-06-04 12:32:39'),(1374,'admin',3,'StoreProduct','Memory card Secure Digital 4Gb SDHC GoodRam - New Retail (cl6)','2012-06-04 12:32:39'),(1375,'admin',3,'StoreProduct','Memory card Secure Digital 4Gb Toshiba Retail SDHC class2','2012-06-04 12:32:39'),(1376,'admin',3,'StoreProduct','Цифр.фотоапарат Olympus SP-600 UltraZoom Black','2012-06-04 12:32:44'),(1377,'admin',3,'StoreProduct','Цифр.фотоапарат Olympus SP-800 UltraZoom Silver','2012-06-04 12:32:44'),(1378,'admin',3,'StoreProduct','Цифр.фотоапарат PANASONIC DMC-FH25 Black','2012-06-04 12:32:44'),(1379,'admin',3,'StoreProduct','Цифр.фотоапарат Ricoh Caplio R4 Silver','2012-06-04 12:32:44'),(1380,'admin',3,'StoreProduct','Цифр.фотоапарат SONY Cyber-Shot S2000 Black','2012-06-04 12:32:44'),(1381,'admin',3,'StoreProduct','Цифр.фотоапарат SONY Cyber-Shot S2000 Silver','2012-06-04 12:32:44'),(1382,'admin',3,'StoreProduct','Цифр.фотоапарат SONY Cyber-Shot S2100 Black','2012-06-04 12:32:44'),(1383,'admin',3,'StoreProduct','Цифр.фотоапарат SONY Cyber-Shot S2100 Orange','2012-06-04 12:32:44'),(1384,'admin',3,'StoreProduct','Цифр.фотоапарат SONY Cyber-Shot S2100 Silver','2012-06-04 12:32:44'),(1385,'admin',3,'StoreProduct','Цифр.фотоапарат SONY Cyber-Shot S3000 Black','2012-06-04 12:32:44'),(1386,'admin',3,'StoreProduct','Цифр.фотоапарат SONY Cyber-Shot S3000 Silver','2012-06-04 12:32:44'),(1387,'admin',3,'StoreProduct','Цифр.фотоапарат SONY Cyber-Shot T99 Violet','2012-06-04 12:32:44'),(1388,'admin',3,'StoreProduct','Цифр.фотоапарат SONY Cyber-Shot W310 Pink','2012-06-04 12:32:44'),(1389,'admin',3,'StoreProduct','Цифр.фотоапарат SONY Cyber-Shot W310 срібний','2012-06-04 12:32:44'),(1390,'admin',3,'StoreProduct','Цифр.фотоапарат SONY Cyber-Shot W320 чорний','2012-06-04 12:32:44'),(1391,'admin',3,'StoreProduct','Штатив Slik Mirage Light blue міні','2012-06-04 12:32:44'),(1392,'admin',3,'StoreProduct','Штатив Slik Pro 700 DX','2012-06-04 12:32:44'),(1393,'admin',3,'StoreProduct','Штатив Slik S-Pod S-100 BKS-100 чорний','2012-06-04 12:32:44'),(1394,'admin',3,'StoreProduct','Штатив Slik S-Pod S-200 black мині','2012-06-04 12:32:44'),(1395,'admin',3,'StoreProduct','Штатив Slik S-Pod S-200 SL мині','2012-06-04 12:32:44'),(1396,'admin',3,'StoreProduct','Штатив Slik S-Pod SJ-32GM','2012-06-04 12:32:44'),(1397,'admin',3,'StoreProduct','Штатив Velbon C-500/F','2012-06-04 12:32:44'),(1398,'admin',3,'StoreProduct','Штатив Velbon C-600/F','2012-06-04 12:32:44'),(1399,'admin',3,'StoreProduct','Штатив Velbon CX-200T/F','2012-06-04 12:32:44'),(1400,'admin',3,'StoreProduct','Штатив Velbon CX-300T/F','2012-06-04 12:32:44'),(1401,'admin',3,'StoreProduct','Штатив Velbon CX-440/F','2012-06-04 12:32:44'),(1402,'admin',3,'StoreProduct','Штатив Velbon CX-444F','2012-06-04 12:32:44'),(1403,'admin',3,'StoreProduct','Штатив Velbon CX-888/F','2012-06-04 12:32:44'),(1404,'admin',3,'StoreProduct','(у) Цифр.фотоапарат Canon PowerShot A1100 IS Silver','2012-06-04 12:32:44'),(1405,'admin',3,'StoreProduct','Epson 10х15см, 100л., Premium Glossy Photo Paper','2012-06-04 12:32:44'),(1406,'admin',3,'StoreProduct','Цифр.фотоапарат Nikon Coolpix L22 Silver','2012-06-04 12:32:49'),(1407,'admin',3,'StoreProduct','Цифр.фотоапарат Nikon Coolpix L21 Silver','2012-06-04 12:32:49'),(1408,'admin',3,'StoreProduct','Цифр.фотоапарат FUJI FinePix S2950 ,чорний','2012-06-04 12:32:49'),(1409,'admin',3,'StoreProduct','Цифр.фотоапарат KODAK  C122, срібний','2012-06-04 12:32:49'),(1410,'admin',3,'StoreProduct','Цифр.фотоапарат Canon PowerShot SX210 IS чорний','2012-06-04 12:32:50'),(1411,'admin',3,'StoreProduct','Цифр.фотоапарат Canon PowerShot SX210 IS Pur','2012-06-04 12:32:50'),(1412,'admin',3,'StoreProduct','Цифр.фотоапарат Canon PowerShot SX210 IS Gold','2012-06-04 12:32:50'),(1413,'admin',3,'StoreProduct','Цифр.фотоапарат Canon PowerShot SX130 IS срібний','2012-06-04 12:32:50'),(1414,'admin',3,'StoreProduct','Цифр.фотоапарат Canon PowerShot SX120 IS чорний','2012-06-04 12:32:50'),(1415,'admin',3,'StoreProduct','Цифр.фотоапарат Nikon Coolpix S3000 Silver','2012-06-04 12:32:50'),(1416,'admin',3,'StoreProduct','Цифр.фотоапарат Nikon Coolpix S3000 Orange','2012-06-04 12:32:50'),(1417,'admin',3,'StoreProduct','Цифр.фотоапарат Nikon Coolpix S3000 Magenta','2012-06-04 12:32:50'),(1418,'admin',3,'StoreProduct','Цифр.фотоапарат Canon PowerShot A800 Silver','2012-06-04 12:32:50'),(1419,'admin',3,'StoreProduct','Цифр.фотоапарат Canon PowerShot A800 Red','2012-06-04 12:32:50'),(1420,'admin',3,'StoreProduct','Цифр.фотоапарат Canon PowerShot A800 Black','2012-06-04 12:32:50'),(1421,'admin',3,'StoreProduct','Цифр.фотоапарат Canon PowerShot A495 Silver','2012-06-04 12:32:50'),(1422,'admin',3,'StoreProduct','Цифр.фотоапарат Canon PowerShot A490 Silver','2012-06-04 12:32:50'),(1423,'admin',3,'StoreProduct','Цифр.фотоапарат Nikon Coolpix S3100 Black','2012-06-04 12:32:50'),(1424,'admin',3,'StoreProduct','Цифр.фотоапарат Nikon Coolpix S4000 Black','2012-06-04 12:32:50'),(1425,'admin',3,'StoreProduct','Цифр.фотоапарат Nikon Coolpix S5100 Black','2012-06-04 12:32:50'),(1426,'admin',3,'StoreProduct','Цифр.фотоапарат Nikon D-3100 KIT AF-S DX 18-55 VR','2012-06-04 12:32:50'),(1427,'admin',3,'StoreProduct','Цифр.фотоапарат Nikon D-5000 KIT AF-S DX 18-55 VR','2012-06-04 12:32:50'),(1428,'admin',3,'StoreProduct','Цифр.фотоапарат Nikon D3100 KIT 18-105 VR 2коробки!!!','2012-06-04 12:32:50'),(1429,'admin',3,'StoreProduct','Цифр.фотоапарат SONY Cyber-Shot W310 чорний','2012-06-04 12:32:50'),(1430,'admin',3,'StoreProduct','Цифр.фотоапарат SONY Cyber-Shot W320 Pink','2012-06-04 12:32:50'),(1431,'admin',3,'StoreProduct','Цифр.фотоапарат SONY Cyber-Shot W320 срібний','2012-06-04 12:32:50'),(1432,'admin',3,'StoreProduct','Цифр.фотоапарат SONY Cyber-Shot W330 чорний','2012-06-04 12:32:50'),(1433,'admin',3,'StoreProduct','Цифр.фотоапарат SONY Cyber-Shot W510 Pink','2012-06-04 12:32:50'),(1434,'admin',3,'StoreProduct','Цифр.фотоапарат SONY Cyber-Shot W510 чорний','2012-06-04 12:32:50'),(1435,'admin',3,'StoreProduct','Чохол для фото/відео камер PORT Designs Casablanca Bag Camcorder','2012-06-04 12:32:50'),(1436,'admin',3,'StoreProduct','Цифр.фотоапарат Nikon CoolPix P300, чорний','2012-06-04 12:32:55'),(1437,'admin',3,'StoreProduct','Цифр.фотоапарат Nikon Coolpix S2500 Black','2012-06-04 12:32:55'),(1438,'admin',3,'StoreProduct','Цифр.фотоапарат Nikon CoolPix P500, чорний','2012-06-04 12:32:55'),(1439,'admin',3,'StoreProduct','Цифр.фотоапарат Nikon Coolpix L23 Pink','2012-06-04 12:32:55'),(1440,'admin',3,'StoreProduct','Цифр.фотоапарат Nikon Coolpix L23 Black','2012-06-04 12:32:55'),(1441,'admin',3,'StoreProduct','Цифр. відеокамера Panasonic SDR-H85EE-S срібна','2012-06-04 12:32:55'),(1442,'admin',3,'StoreProduct','Цифр. відеокамера Panasonic SDR-S50EE-K, чорна','2012-06-04 12:32:55'),(1443,'admin',3,'StoreProduct','Цифр. відеокамера Panasonic SDR-T50EE-K, чорна','2012-06-04 12:32:55'),(1444,'admin',3,'StoreProduct','Цифр. відеокамера Samsung VP-D381','2012-06-04 12:32:55'),(1445,'admin',3,'StoreProduct','Цифр. відеокамера Sony DCR-SX44E, срібна','2012-06-04 12:32:55'),(1446,'admin',3,'StoreProduct','Цифр.фотоапарат BenQ DC C1430 Black','2012-06-04 12:32:55'),(1447,'admin',3,'StoreProduct','Цифр.фотоапарат Canon IXUS 95 IS Blue','2012-06-04 12:32:55'),(1448,'admin',3,'StoreProduct','Цифр.фотоапарат Canon PowerShot A1100 IS Silver','2012-06-04 12:32:55'),(1449,'admin',3,'StoreProduct','Цифр.фотоапарат Canon PowerShot A2200 IS Silver','2012-06-04 12:32:55'),(1450,'admin',3,'StoreProduct','Цифр.фотоапарат Canon PowerShot A3000 IS Silver','2012-06-04 12:32:55'),(1451,'admin',3,'StoreProduct','Цифр. відеокамера Panasonic HDC-SD60EE-K, чорна','2012-06-04 12:32:55'),(1452,'admin',3,'StoreProduct','Цифр. відеокамера Canon FS306 Legria Silver','2012-06-04 12:32:55'),(1453,'admin',3,'StoreProduct','Цифр. відеокамера Canon FS306 Legria Red','2012-06-04 12:32:55'),(1454,'admin',3,'StoreProduct','Цифр. відеокамера Canon FS306 Legria Blue','2012-06-04 12:32:55'),(1455,'admin',3,'StoreProduct','Футляр для фото/відео камер PORT Designs Ibiza SLR S Black чорно-оранжева','2012-06-04 12:32:55'),(1456,'admin',3,'StoreProduct','Футляр для фото/відео камер PORT Designs Ibiza SLR L Black чорно-оранжева','2012-06-04 12:32:55'),(1457,'admin',3,'StoreProduct','Футляр для фото/відео камер PORT Designs Ibiza S Black чорно-оранжева','2012-06-04 12:32:55'),(1458,'admin',3,'StoreProduct','Футляр для фото/відео камер PORT Designs Ibiza L Black чорно-оранжева','2012-06-04 12:32:55'),(1459,'admin',3,'StoreProduct','Футляр для фото/відео камер PORT Designs Casablanca S Black чорно-сіра','2012-06-04 12:32:55'),(1460,'admin',3,'StoreProduct','Цифр.фотоапарат Nikon Coolpix S3000 Green','2012-06-04 12:32:55'),(1461,'admin',3,'StoreProduct','Цифр.фотоапарат Nikon Coolpix S3000 Blue','2012-06-04 12:32:55'),(1462,'admin',3,'StoreProduct','Цифр.фотоапарат Nikon Coolpix S3000 Black','2012-06-04 12:32:55'),(1463,'admin',3,'StoreProduct','Цифр.фотоапарат Nikon Coolpix S2500 Silver','2012-06-04 12:32:55'),(1464,'admin',3,'StoreProduct','Цифр.фотоапарат Nikon Coolpix S2500 Pink','2012-06-04 12:32:55'),(1465,'admin',3,'StoreProduct','Цифр.фотоапарат Canon PowerShot A3100 IS Silver','2012-06-04 12:32:55'),(1466,'admin',3,'StoreProduct','Цифр.фотоапарат BenQ DC C1430 Silver','2012-06-04 12:33:00'),(1467,'admin',3,'StoreProduct','Цифр.фотоапарат Canon IXUS 130 IS black','2012-06-04 12:33:00'),(1468,'admin',3,'StoreProduct','Цифр.фотоапарат Canon IXUS 130 IS orange','2012-06-04 12:33:00'),(1469,'admin',3,'StoreProduct','Цифр.фотоапарат Canon IXUS 210 IS black','2012-06-04 12:33:00'),(1470,'admin',3,'StoreProduct','Цифр.фотоапарат Canon IXUS 300 HS black','2012-06-04 12:33:00'),(1471,'admin',3,'StoreProduct','Футляр для фото/відео камер PORT Designs Casablanca S','2012-06-04 12:33:00'),(1472,'admin',3,'StoreProduct','Футляр для фото/відео камер PORT Designs Casablanca L Black чорно-сіра','2012-06-04 12:33:00'),(1473,'admin',3,'StoreProduct','Футляр для фото/відео камер PORT Designs Casablanca L','2012-06-04 12:33:00'),(1474,'admin',3,'StoreProduct','Футляр для фото камер VAX 8005 Aribau Grey сірий','2012-06-04 12:33:00'),(1475,'admin',3,'StoreProduct','Футляр для фото камер VAX 8003 Aribau Red червоний','2012-06-04 12:33:00'),(1476,'admin',3,'StoreProduct','Футляр для фото камер VAX 8002 Aribau Orange оранжевий','2012-06-04 12:33:00'),(1477,'admin',3,'StoreProduct','Футляр для фото камер VAX 8001 Aribau Black чорний','2012-06-04 12:33:00'),(1478,'admin',3,'StoreProduct','Футляр для фото камер Sony LCS-TWС/C для T, W серії, світло-коричнева','2012-06-04 12:33:01'),(1479,'admin',3,'StoreProduct','Футляр для фото камер LC Sport-239, Black чорний','2012-06-04 12:33:01'),(1480,'admin',3,'StoreProduct','Футляр для фото камер LC Sport-129, Black чорний','2012-06-04 12:33:01'),(1481,'admin',3,'StoreProduct','Футляр для GPS 4,7\" PORT Designs  Pouch LIMA 4 3 4 7','2012-06-04 12:33:01'),(1482,'admin',3,'StoreProduct','Фотопапір рулонний ColorWay, 36\"x30m, 135 г/м2, глянцевий','2012-06-04 12:33:01'),(1483,'admin',3,'StoreProduct','Фотопапір рулонний ColorWay, 24\"x30m, 135 г/м2, глянцевий','2012-06-04 12:33:01'),(1484,'admin',3,'StoreProduct','Фотопапір ColorWay A4, 260 г/м2,   50л, суперглянцевий','2012-06-04 12:33:01'),(1485,'admin',3,'StoreProduct','Фотопапір ColorWay A4, 260 г/м2,   20л, суперглянцевий шовковий','2012-06-04 12:33:01'),(1486,'admin',3,'StoreProduct','Фотопапір ColorWay A4, 260 г/м2,   20л, суперглянцевий','2012-06-04 12:33:01'),(1487,'admin',3,'StoreProduct','Фотопапір ColorWay A4, 260 г/м2,   20л, сатин мікропористий','2012-06-04 12:33:01'),(1488,'admin',3,'StoreProduct','Фотопапір ColorWay A4, 240 г/м2,   50л, суперглянцевий','2012-06-04 12:33:01'),(1489,'admin',3,'StoreProduct','Фотопапір ColorWay A4, 240 г/м2,   50л, глянцевий','2012-06-04 12:33:01'),(1490,'admin',3,'StoreProduct','Фотопапір ColorWay A4, 240 г/м2,   20л, суперглянцевий','2012-06-04 12:33:01'),(1491,'admin',3,'StoreProduct','Фотопапір ColorWay A4, 240 г/м2,   20л, глянцевий','2012-06-04 12:33:01'),(1492,'admin',3,'StoreProduct','Фотопапір ColorWay A4, 220 г/м2,   50л, матовий двосторонній','2012-06-04 12:33:01'),(1493,'admin',3,'StoreProduct','Фотопапір ColorWay A4, 220 г/м2,   50л, глянцевий двoсторонній','2012-06-04 12:33:01'),(1494,'admin',3,'StoreProduct','Фотопапір ColorWay A4, 220 г/м2,   20л, глянцевий двoсторонній','2012-06-04 12:33:01'),(1495,'admin',3,'StoreProduct','Фотопапір ColorWay A4, 210 г/м2,   50л, глянцевий','2012-06-04 12:33:01'),(1496,'admin',3,'StoreProduct','Фотопапір ColorWay A4, 210 г/м2,   20л, глянцевий','2012-06-04 12:33:06'),(1497,'admin',3,'StoreProduct','Фотопапір ColorWay A4, 190 г/м2,   20л, матовий','2012-06-04 12:33:06'),(1498,'admin',3,'StoreProduct','Фотопапір ColorWay A4, 180 г/м2,   50л, глянцевий','2012-06-04 12:33:06'),(1499,'admin',3,'StoreProduct','Фотопапір ColorWay A4, 180 г/м2,   20л, глянцевий','2012-06-04 12:33:06'),(1500,'admin',3,'StoreProduct','Фотопапір ColorWay A4, 155 г/м2,   50л, глянцевий двoсторонній','2012-06-04 12:33:06'),(1501,'admin',3,'StoreProduct','Фотопапір ColorWay A4, 150 г/м2,   50л, глянцевий','2012-06-04 12:33:06'),(1502,'admin',3,'StoreProduct','Фотопапір ColorWay A4, 150 г/м2,   20л, глянцевий','2012-06-04 12:33:06'),(1503,'admin',3,'StoreProduct','Фотопапір ColorWay A4, 150 г/м2,   100л, глянцевий','2012-06-04 12:33:06'),(1504,'admin',3,'StoreProduct','Фотопапір ColorWay A4, 140 г/м2,   50л, матовий двосторонній','2012-06-04 12:33:06'),(1505,'admin',3,'StoreProduct','Фотопапір ColorWay A4, 135 г/м2,  100л, матовий','2012-06-04 12:33:06'),(1506,'admin',3,'StoreProduct','Фотопапір ColorWay A4, 135 г/м2,   20л, матовий','2012-06-04 12:33:06'),(1507,'admin',3,'StoreProduct','Фотопапір ColorWay A4, 130 г/м2,   20л, глянцевий','2012-06-04 12:33:06'),(1508,'admin',3,'StoreProduct','Фотопапір ColorWay A4, 130 г/м2,   100л, глянцевий','2012-06-04 12:33:06'),(1509,'admin',3,'StoreProduct','Фотопапір ColorWay A4, 108 г/м2, 100л, матовий','2012-06-04 12:33:06'),(1510,'admin',3,'StoreProduct','Фотопапір ColorWay A4, 108 г/м2,   50л, матовий','2012-06-04 12:33:06'),(1511,'admin',3,'StoreProduct','Фотопапір ColorWay 10*15, 260 г/м2, 100л, глянцевий','2012-06-04 12:33:06'),(1512,'admin',3,'StoreProduct','Фотопапір ColorWay 10*15, 260 г/м2,   50л, глянцевий','2012-06-04 12:33:06'),(1513,'admin',3,'StoreProduct','Фотопапір ColorWay 10*15, 260 г/м2,   20л, суперглянцевий шовковий','2012-06-04 12:33:06'),(1514,'admin',3,'StoreProduct','Фотопапір ColorWay 10*15, 260 г/м2,   20л, суперглянцевий мікропористий','2012-06-04 12:33:06'),(1515,'admin',3,'StoreProduct','Фотопапір ColorWay 10*15, 260 г/м2,   20л, сатин мікропористий','2012-06-04 12:33:06'),(1516,'admin',3,'StoreProduct','Фотопапір ColorWay 10*15, 260 г/м2,   20л, глянцевий','2012-06-04 12:33:06'),(1517,'admin',3,'StoreProduct','Фотопапір ColorWay 10*15, 240 г/м2, 100л, глянцевий','2012-06-04 12:33:06'),(1518,'admin',3,'StoreProduct','Фотопапір ColorWay 10*15, 240 г/м2,   50л, глянцевий','2012-06-04 12:33:06'),(1519,'admin',3,'StoreProduct','Фотопапір ColorWay 10*15, 240 г/м2,   20л, глянцевий','2012-06-04 12:33:06'),(1520,'admin',3,'StoreProduct','Фотопапір ColorWay 10*15, 210 г/м2, 500л, глянцевий','2012-06-04 12:33:06'),(1521,'admin',3,'StoreProduct','Фотопапір ColorWay 10*15, 210 г/м2, 100л, глянцевий','2012-06-04 12:33:07'),(1522,'admin',3,'StoreProduct','Фотопапір ColorWay 10*15, 190 г/м2, 100л, матовий','2012-06-04 12:33:07'),(1523,'admin',3,'StoreProduct','Фотопапір ColorWay 10*15, 190 г/м2,  50л, матовий','2012-06-04 12:33:07'),(1524,'admin',3,'StoreProduct','Фотопапір ColorWay 10*15, 190 г/м2,  20л, матовий','2012-06-04 12:33:07'),(1525,'admin',3,'StoreProduct','Фотопапір ColorWay 10*15, 180 г/м2, 50л, глянцевий','2012-06-04 12:33:07'),(1526,'admin',3,'StoreProduct','Фотопапір ColorWay 10*15, 180 г/м2, 500л, глянцевий','2012-06-04 12:33:11'),(1527,'admin',3,'StoreProduct','Фотопапір ColorWay 10*15, 180 г/м2, 20л, глянцевий','2012-06-04 12:33:11'),(1528,'admin',3,'StoreProduct','Фотопапір ColorWay 10*15, 180 г/м2, 100л, глянцевий','2012-06-04 12:33:11'),(1529,'admin',3,'StoreProduct','Фотопапір ColorWay 10*15, 150 г/м2,   50л, глянцевий','2012-06-04 12:33:11'),(1530,'admin',3,'StoreProduct','Фотопапір Black Point A6(10*15), 260г/м2,  32л, глянцевий','2012-06-04 12:33:11'),(1531,'admin',3,'StoreProduct','Фотопапір Black Point A6(10*15), 260г/м2,  125л, глянцевий','2012-06-04 12:33:11'),(1532,'admin',3,'StoreProduct','Фотопапір Black Point A4, 260г/м2,  63л, глянцевий','2012-06-04 12:33:11'),(1533,'admin',3,'StoreProduct','Фотопапір Black Point A4, 260г/м2,  25л, глянцевий','2012-06-04 12:33:11'),(1534,'admin',3,'StoreProduct','Фотопапір Black Point A4, 230г/м2,  63л, глянцевий','2012-06-04 12:33:11'),(1535,'admin',3,'StoreProduct','Фотопапір ACME A6 (10*15) 170 г/м2 20 л глянцевий (value pack)','2012-06-04 12:33:11'),(1536,'admin',3,'StoreProduct','Фотопапір ACME A6 (10*15) 150 г/м2 100л глянцевий (value pack)','2012-06-04 12:33:11'),(1537,'admin',3,'StoreProduct','Фотопапір ACME A6 (10*15) 115 г/м2 100л глянцевий (value pack)','2012-06-04 12:33:11'),(1538,'admin',3,'StoreProduct','Фотопапір ACME A4 170 г/м2  20л глянцевий (value pack)','2012-06-04 12:33:11'),(1539,'admin',3,'StoreProduct','Фотопапір ACME A4 170 г/м2  100л глянцевий  (value pack)','2012-06-04 12:33:11'),(1540,'admin',3,'StoreProduct','Фотопапір ACME A4 150 г/м2  50л глянцевий (value pack)','2012-06-04 12:33:11'),(1541,'admin',3,'StoreProduct','Фотопапір ACME A4 115 г/м2 100л глянцевий (value pack)','2012-06-04 12:33:11'),(1542,'admin',3,'StoreProduct','Рюкзак для фото/відео камер    PORT Designs Casablanca','2012-06-04 12:33:11'),(1543,'admin',3,'StoreProduct','Захисний чохол iPhone Case, Modecom HANDY, чорний','2012-06-04 12:33:11'),(1544,'admin',3,'StoreProduct','Memory card Secure Digital XC   64Gb Patriot Cl10','2012-06-04 12:33:11'),(1545,'admin',3,'StoreProduct','Memory card Secure Digital Micro 8Gb Transcend SDHC(6)+SD adapter','2012-06-04 12:33:11'),(1546,'admin',3,'StoreProduct','Memory card Secure Digital Micro 8Gb Transcend SDHC(6)','2012-06-04 12:33:11'),(1547,'admin',3,'StoreProduct','Memory card Secure Digital Micro 8Gb Toshiba SDHC(4) + case + adapter','2012-06-04 12:33:11'),(1548,'admin',3,'StoreProduct','Memory card Secure Digital Micro 8Gb Toshiba SDHC(4)','2012-06-04 12:33:11'),(1549,'admin',3,'StoreProduct','Memory card Secure Digital Micro 8Gb TakeMS SDHC(4) Retail','2012-06-04 12:33:11'),(1550,'admin',3,'StoreProduct','Memory card Secure Digital Micro 8Gb Patriot SDHC(4)','2012-06-04 12:33:11'),(1551,'admin',3,'StoreProduct','Memory card Secure Digital Micro 8Gb Patriot SDHC(10)','2012-06-04 12:33:11'),(1552,'admin',3,'StoreProduct','Memory card Secure Digital Micro 8Gb Kingston SDHC','2012-06-04 12:33:11'),(1553,'admin',3,'StoreProduct','Memory card Secure Digital Micro 8Gb GoodRam SDHC(4)','2012-06-04 12:33:11'),(1554,'admin',3,'StoreProduct','Memory card Secure Digital Micro 8Gb GoodRam Retail9 + adapter','2012-06-04 12:33:11'),(1555,'admin',3,'StoreProduct','Memory card Secure Digital Micro 4Gb Transcend SDHC with adapter','2012-06-04 12:33:11'),(1556,'admin',3,'StoreProduct','Memory card Secure Digital Micro 4Gb Toshiba + case + SD adapter','2012-06-04 12:33:16'),(1557,'admin',3,'StoreProduct','Memory card Secure Digital Micro 4Gb Toshiba','2012-06-04 12:33:16'),(1558,'admin',3,'StoreProduct','Memory card Secure Digital Micro 4Gb TakeMS (class4) Retail','2012-06-04 12:33:16'),(1559,'admin',3,'StoreProduct','Memory card Secure Digital Micro 4Gb Patriot SDHC(4)','2012-06-04 12:33:16'),(1560,'admin',3,'StoreProduct','Memory card Secure Digital Micro 4Gb Kingston SDHC','2012-06-04 12:33:16'),(1561,'admin',3,'StoreProduct','Memory card Secure Digital Micro 4Gb GoodRam SDHC class 4 Slim Retail','2012-06-04 12:33:16'),(1562,'admin',3,'StoreProduct','Memory card Secure Digital Micro 4Gb GoodRam Retail9 + adapter','2012-06-04 12:33:16'),(1563,'admin',3,'StoreProduct','Memory card Secure Digital Micro 2Gb TakeMS 2 Gb Retail','2012-06-04 12:33:16'),(1564,'admin',3,'StoreProduct','Memory card Secure Digital Micro 2Gb Patriot 3 in 1','2012-06-04 12:33:16'),(1565,'admin',3,'StoreProduct','Memory card Secure Digital Micro 2Gb Kingston','2012-06-04 12:33:16'),(1566,'admin',3,'StoreProduct','Memory card Secure Digital Micro 2Gb GoodRam Slim Retail','2012-06-04 12:33:17'),(1567,'admin',3,'StoreProduct','Memory card Secure Digital Micro 2Gb Goodram Retail9+ adapter','2012-06-04 12:33:17'),(1568,'admin',3,'StoreProduct','Memory card Secure Digital Micro 16Gb Toshiba SDHC + SD adapter','2012-06-04 12:33:17'),(1569,'admin',3,'StoreProduct','Memory card Secure Digital Micro 16Gb Toshiba + SD adapter','2012-06-04 12:33:17'),(1570,'admin',3,'StoreProduct','Memory card Secure Digital Micro 16Gb Patriot SDHC(4) + SD adapter','2012-06-04 12:33:17'),(1571,'admin',3,'StoreProduct','Memory card Secure Digital Micro 16Gb GoodRam SDHC(2)','2012-06-04 12:33:17'),(1572,'admin',3,'StoreProduct','Memory card Secure Digital Micro 16Gb GoodRam Retail9+ adapter','2012-06-04 12:33:17'),(1573,'admin',3,'StoreProduct','Memory card Secure Digital 8Gb, Kingston class4','2012-06-04 12:33:17'),(1574,'admin',3,'StoreProduct','Memory card Secure Digital 8Gb Toshiba Retail SDHC class6','2012-06-04 12:33:17'),(1575,'admin',3,'StoreProduct','Memory card Secure Digital 8Gb Toshiba Retail SDHC class2','2012-06-04 12:33:17'),(1576,'admin',3,'StoreProduct','Memory card Secure Digital 8Gb Toshiba Retail SDHC class10','2012-06-04 12:33:17'),(1577,'admin',3,'StoreProduct','Memory card Secure Digital 8Gb SDHC Transcend Cl4','2012-06-04 12:33:17'),(1578,'admin',3,'StoreProduct','Memory card Secure Digital 8Gb SDHC Transcend Cl2','2012-06-04 12:33:17'),(1579,'admin',3,'StoreProduct','Memory card Secure Digital 8Gb SDHC Patriot class 6','2012-06-04 12:33:17'),(1580,'admin',3,'StoreProduct','Memory card Secure Digital 8Gb SDHC Patriot Class 10','2012-06-04 12:33:17'),(1581,'admin',3,'StoreProduct','Memory card Secure Digital 8Gb SDHC GoodRam (cl6) Slim Retail','2012-06-04 12:33:17'),(1582,'admin',3,'StoreProduct','Memory card Secure Digital 8Gb SDHC GoodRam (cl6)','2012-06-04 12:33:17'),(1583,'admin',3,'StoreProduct','Memory card Secure Digital 4Gb, SDHC, Kingston (cl)','2012-06-04 12:33:17'),(1584,'admin',3,'StoreProduct','Memory card Secure Digital 4Gb Toshiba Retail SDHC class4','2012-06-04 12:33:17'),(1585,'admin',3,'StoreProduct','Memory card Secure Digital 4Gb Toshiba Retail SDHC class2','2012-06-04 12:33:17'),(1586,'admin',3,'StoreProduct','Memory card Secure Digital 4Gb SDHC Transcend Cl4','2012-06-04 12:33:23'),(1587,'admin',3,'StoreProduct','Memory card Secure Digital 4Gb SDHC Patriot Cl 6','2012-06-04 12:33:23'),(1588,'admin',3,'StoreProduct','Memory card Secure Digital 4Gb SDHC GoodRam (cl6)','2012-06-04 12:33:23'),(1589,'admin',3,'StoreProduct','Memory card Secure Digital 4Gb SDHC GoodRam - New Retail (cl6)','2012-06-04 12:33:23'),(1590,'admin',3,'StoreProduct','Memory card Secure Digital 32Gb SDHC Patriot class 10','2012-06-04 12:33:23'),(1591,'admin',3,'StoreProduct','Memory card Secure Digital 2Gb GoodRam New Retail 9','2012-06-04 12:33:23'),(1592,'admin',3,'StoreProduct','Memory card Secure Digital 1Gb TakeMS 60x','2012-06-04 12:33:23'),(1593,'admin',3,'StoreProduct','Memory card Secure Digital 16Gb Transcend 600X','2012-06-04 12:33:23'),(1594,'admin',3,'StoreProduct','Memory card Secure Digital 16Gb Toshiba Retail SDHC class10','2012-06-04 12:33:23'),(1595,'admin',3,'StoreProduct','Memory card Secure Digital 16Gb SDHC GoodRam (cl4)','2012-06-04 12:33:23'),(1596,'admin',3,'StoreProduct','Memory card Memory Stick M2 8Gb Goodram +pro Duo adapter','2012-06-04 12:33:23'),(1597,'admin',3,'StoreProduct','Memory card Memory Stick M2 4Gb Goodram +pro Duo adapter','2012-06-04 12:33:23'),(1598,'admin',3,'StoreProduct','Memory card Memory Stick M2 2Gb Goodram +pro Duo adapter','2012-06-04 12:33:23'),(1599,'admin',3,'StoreProduct','Memory card Compact Flash 8Gb Patriot','2012-06-04 12:33:23'),(1600,'admin',3,'StoreProduct','Memory card Compact Flash 8Gb Patriot','2012-06-04 12:33:23'),(1601,'admin',3,'StoreProduct','Memory card Compact Flash 64Gb Patriot','2012-06-04 12:33:23'),(1602,'admin',3,'StoreProduct','Memory card Compact Flash 4Gb Patriot','2012-06-04 12:33:23'),(1603,'admin',3,'StoreProduct','Memory card Compact Flash 4G Pretec 40x','2012-06-04 12:33:24'),(1604,'admin',3,'StoreProduct','Memory card Compact Flash 32Gb Patriot','2012-06-04 12:33:24'),(1605,'admin',3,'StoreProduct','Memory card Compact Flash 32Gb Patriot','2012-06-04 12:33:24'),(1606,'admin',3,'StoreProduct','Memory card Compact Flash 16Gb Pretec 233X','2012-06-04 12:33:24'),(1607,'admin',3,'StoreProduct','Memory card Compact Flash 16Gb Patriot','2012-06-04 12:33:24'),(1608,'admin',3,'StoreProduct','HP A4, C6951A, 20л, Premium Plus Photo Paper satin-matt','2012-06-04 12:33:24'),(1609,'admin',3,'StoreProduct','HP 42\"x45m, Q1406A, Coated Paper','2012-06-04 12:33:24'),(1610,'admin',3,'StoreProduct','HP 36\"x45m, Q1405A, Coated Paper','2012-06-04 12:33:24'),(1611,'admin',3,'StoreProduct','HP 36\"x30m, C6030С, Heavyweight Coated Paper','2012-06-04 12:33:24'),(1612,'admin',3,'StoreProduct','HP 24\"x45m, C6035A, Bright White Inkjet Paper','2012-06-04 12:33:24'),(1613,'admin',3,'StoreProduct','HP 24\"x30m, C6029С, Heavyweight Coated Paper -- 130 г/м2,','2012-06-04 12:33:24'),(1614,'admin',3,'StoreProduct','Epson A4 Photo Paper,','2012-06-04 12:33:24'),(1615,'admin',3,'StoreProduct','Epson A4 20л, 251г/м2, Prem.Semigl.Paper, C13S041332','2012-06-04 12:33:24'),(1616,'admin',3,'StoreProduct','Epson 10х15см, 100л., Premium Glossy Photo Paper','2012-06-04 12:33:29'),(1617,'admin',3,'StoreProduct','Epson 10x15см 500л, 225г/м2, Semi-Glossy Photo Paper, C13S042200','2012-06-04 12:33:29'),(1618,'admin',3,'StoreProduct','Epson 10x15см 500л, 225г/м2, Glossy Photo Paper, C13S042201','2012-06-04 12:33:29'),(1619,'admin',3,'StoreProduct','(у) Цифр.фотоапарат Canon PowerShot A1100 IS Silver','2012-06-04 12:33:29'),(1620,'admin',3,'StoreAttribute','vidoshukach','2012-06-04 12:34:09'),(1621,'admin',3,'StoreAttribute','matricya','2012-06-04 12:34:09'),(1622,'admin',3,'StoreAttribute','proizvoditel','2012-06-04 12:34:09'),(1623,'admin',3,'StoreAttribute','zum','2012-06-04 12:34:09'),(1624,'admin',3,'StoreAttribute','garantiya','2012-06-04 12:34:09'),(1625,'admin',3,'StoreAttribute','displei','2012-06-04 12:34:09'),(1626,'admin',3,'StoreAttribute','svitlochutlivist','2012-06-04 12:34:09'),(1627,'admin',3,'StoreAttribute','virobnik','2012-06-04 12:34:09'),(1628,'admin',3,'StoreAttribute','makrorezhim','2012-06-04 12:34:09'),(1629,'admin',3,'StoreAttribute','klas','2012-06-04 12:34:09'),(1630,'admin',3,'StoreAttribute','obktiv','2012-06-04 12:34:09'),(1631,'admin',3,'StoreAttribute','material','2012-06-04 12:34:09'),(1632,'admin',3,'StoreAttribute','interfeisi','2012-06-04 12:34:09'),(1633,'admin',3,'StoreAttribute','model','2012-06-04 12:34:09'),(1634,'admin',3,'StoreAttribute','opis','2012-06-04 12:34:09'),(1635,'admin',3,'StoreAttribute','ovirobnik','2012-06-04 12:34:09'),(1636,'admin',3,'StoreCategory','Цифрове фото','2012-06-04 12:34:17'),(1637,'admin',3,'StoreCategory','Цифрові носії','2012-06-04 12:34:20'),(1638,'admin',3,'StoreCategory','Штативи для фото-відео обладнання','2012-06-04 12:34:24'),(1639,'admin',3,'StoreCategory','Сумки для цифрового обладнання','2012-06-04 12:34:32'),(1640,'admin',3,'StoreCategory','Фотопапір','2012-06-04 12:34:35'),(1641,'admin',3,'StoreCategory','Цифрове відео','2012-06-04 12:34:38'),(1642,'admin',3,'StoreCategory','Фото та Відео','2012-06-04 12:34:41'),(1643,'admin',2,'StoreProduct','Футляр для фото камер LC Sport-129, Black чорний','2012-06-04 12:38:16'),(1644,'admin',2,'StoreProduct','Memory card Secure Digital 4Gb SDHC Patriot Cl 6','2012-06-04 13:00:24'),(1645,'admin',2,'StoreProduct','Memory card Secure Digital 4Gb SDHC Transcend Cl4','2012-06-04 13:00:24'),(1646,'admin',2,'StoreProduct','Memory card Secure Digital 4Gb Toshiba Retail SDHC class2','2012-06-04 13:00:24'),(1647,'admin',2,'StoreProduct','Memory card Secure Digital 4Gb Toshiba Retail SDHC class4','2012-06-04 13:00:24'),(1648,'admin',2,'StoreProduct','Memory card Secure Digital 4Gb, SDHC, Kingston (cl)','2012-06-04 13:00:24'),(1649,'admin',2,'StoreProduct','Memory card Secure Digital 8Gb SDHC GoodRam (cl6)','2012-06-04 13:00:24'),(1650,'admin',2,'StoreProduct','Memory card Secure Digital 8Gb SDHC GoodRam (cl6) Slim Retail','2012-06-04 13:00:24'),(1651,'admin',2,'StoreProduct','Memory card Secure Digital 8Gb SDHC Patriot Class 10','2012-06-04 13:00:24'),(1652,'admin',2,'StoreProduct','Memory card Secure Digital 8Gb SDHC Patriot class 6','2012-06-04 13:00:24'),(1653,'admin',2,'StoreProduct','Memory card Secure Digital 8Gb SDHC Transcend Cl2','2012-06-04 13:00:24'),(1654,'admin',2,'StoreProduct','Memory card Secure Digital 8Gb SDHC Transcend Cl4','2012-06-04 13:00:24'),(1655,'admin',2,'StoreProduct','Memory card Secure Digital 8Gb Toshiba Retail SDHC class10','2012-06-04 13:00:24'),(1656,'admin',2,'StoreProduct','Memory card Secure Digital 8Gb Toshiba Retail SDHC class2','2012-06-04 13:00:24'),(1657,'admin',2,'StoreProduct','Memory card Secure Digital 8Gb, Kingston class4','2012-06-04 13:00:24'),(1658,'admin',2,'StoreProduct','Memory card Secure Digital Micro 16Gb GoodRam Retail9+ adapter','2012-06-04 13:00:24'),(1659,'admin',2,'StoreProduct','Memory card Secure Digital Micro 16Gb GoodRam SDHC(2)','2012-06-04 13:00:24'),(1660,'admin',2,'StoreProduct','Memory card Secure Digital Micro 16Gb Patriot SDHC(4) + SD adapter','2012-06-04 13:00:24'),(1661,'admin',2,'StoreProduct','Memory card Secure Digital Micro 16Gb Toshiba + SD adapter','2012-06-04 13:00:24'),(1662,'admin',2,'StoreProduct','Memory card Secure Digital Micro 16Gb Toshiba SDHC + SD adapter','2012-06-04 13:00:24'),(1663,'admin',2,'StoreProduct','Memory card Secure Digital Micro 2Gb Goodram Retail9+ adapter','2012-06-04 13:00:24'),(1664,'admin',2,'StoreProduct','Memory card Secure Digital Micro 2Gb GoodRam Slim Retail','2012-06-04 13:00:24'),(1665,'admin',2,'StoreProduct','Memory card Secure Digital Micro 2Gb Kingston','2012-06-04 13:00:24'),(1666,'admin',2,'StoreProduct','Memory card Secure Digital Micro 2Gb Patriot 3 in 1','2012-06-04 13:00:24'),(1667,'admin',2,'StoreProduct','Memory card Secure Digital Micro 2Gb TakeMS 2 Gb Retail','2012-06-04 13:00:24'),(1668,'admin',2,'StoreProduct','Memory card Secure Digital Micro 4Gb GoodRam Retail9 + adapter','2012-06-04 13:00:24'),(1669,'admin',2,'StoreProduct','Memory card Secure Digital Micro 4Gb GoodRam SDHC class 4 Slim Retail','2012-06-04 13:00:24'),(1670,'admin',2,'StoreProduct','Memory card Secure Digital Micro 4Gb Kingston SDHC','2012-06-04 13:00:24'),(1671,'admin',2,'StoreProduct','Memory card Secure Digital Micro 4Gb Patriot SDHC(4)','2012-06-04 13:00:24'),(1672,'admin',2,'StoreProduct','Memory card Secure Digital Micro 4Gb TakeMS (class4) Retail','2012-06-04 13:00:24'),(1673,'admin',2,'StoreProduct','Memory card Secure Digital Micro 4Gb Toshiba','2012-06-04 13:00:24'),(1674,'admin',2,'StoreProduct','Memory card Compact Flash 4G Pretec 40x','2012-06-04 13:00:32'),(1675,'admin',2,'StoreProduct','Memory card Compact Flash 4Gb Patriot','2012-06-04 13:00:32'),(1676,'admin',2,'StoreProduct','Memory card Compact Flash 64Gb Patriot','2012-06-04 13:00:32'),(1677,'admin',2,'StoreProduct','Memory card Compact Flash 8Gb Patriot','2012-06-04 13:00:32'),(1678,'admin',2,'StoreProduct','Memory card Compact Flash 8Gb Patriot','2012-06-04 13:00:32'),(1679,'admin',2,'StoreProduct','Memory card Memory Stick M2 2Gb Goodram +pro Duo adapter','2012-06-04 13:00:32'),(1680,'admin',2,'StoreProduct','Memory card Memory Stick M2 4Gb Goodram +pro Duo adapter','2012-06-04 13:00:32'),(1681,'admin',2,'StoreProduct','Memory card Memory Stick M2 8Gb Goodram +pro Duo adapter','2012-06-04 13:00:32'),(1682,'admin',2,'StoreProduct','Memory card Secure Digital 16Gb SDHC GoodRam (cl4)','2012-06-04 13:00:32'),(1683,'admin',2,'StoreProduct','Memory card Secure Digital 16Gb Toshiba Retail SDHC class10','2012-06-04 13:00:32'),(1684,'admin',2,'StoreProduct','Memory card Secure Digital 16Gb Transcend 600X','2012-06-04 13:00:32'),(1685,'admin',2,'StoreProduct','Memory card Secure Digital 1Gb TakeMS 60x','2012-06-04 13:00:32'),(1686,'admin',2,'StoreProduct','Memory card Secure Digital 2Gb GoodRam New Retail 9','2012-06-04 13:00:32'),(1687,'admin',2,'StoreProduct','Memory card Secure Digital 32Gb SDHC Patriot class 10','2012-06-04 13:00:32'),(1688,'admin',2,'StoreProduct','Memory card Secure Digital 4Gb SDHC GoodRam - New Retail (cl6)','2012-06-04 13:00:32'),(1689,'admin',2,'StoreProduct','Memory card Secure Digital 4Gb SDHC GoodRam (cl6)','2012-06-04 13:00:32'),(1690,'admin',2,'StoreProduct','Memory card Secure Digital 8Gb Toshiba Retail SDHC class6','2012-06-04 13:00:32'),(1691,'admin',2,'StoreProduct','Memory card Secure Digital Micro 4Gb Toshiba + case + SD adapter','2012-06-04 13:00:32'),(1692,'admin',2,'StoreProduct','Memory card Secure Digital Micro 4Gb Transcend SDHC with adapter','2012-06-04 13:00:32'),(1693,'admin',2,'StoreProduct','Memory card Secure Digital Micro 8Gb GoodRam Retail9 + adapter','2012-06-04 13:00:32'),(1694,'admin',2,'StoreProduct','Memory card Secure Digital Micro 8Gb GoodRam SDHC(4)','2012-06-04 13:00:32'),(1695,'admin',2,'StoreProduct','Memory card Secure Digital Micro 8Gb Kingston SDHC','2012-06-04 13:00:32'),(1696,'admin',2,'StoreProduct','Memory card Secure Digital Micro 8Gb Patriot SDHC(10)','2012-06-04 13:00:32'),(1697,'admin',2,'StoreProduct','Memory card Secure Digital Micro 8Gb Patriot SDHC(4)','2012-06-04 13:00:32'),(1698,'admin',2,'StoreProduct','Memory card Secure Digital Micro 8Gb TakeMS SDHC(4) Retail','2012-06-04 13:00:32'),(1699,'admin',2,'StoreProduct','Memory card Secure Digital Micro 8Gb Toshiba SDHC(4)','2012-06-04 13:00:32'),(1700,'admin',2,'StoreProduct','Memory card Secure Digital Micro 8Gb Toshiba SDHC(4) + case + adapter','2012-06-04 13:00:32'),(1701,'admin',2,'StoreProduct','Memory card Secure Digital Micro 8Gb Transcend SDHC(6)','2012-06-04 13:00:32'),(1702,'admin',2,'StoreProduct','Memory card Secure Digital Micro 8Gb Transcend SDHC(6)+SD adapter','2012-06-04 13:00:32'),(1703,'admin',2,'StoreProduct','Memory card Secure Digital XC   64Gb Patriot Cl10','2012-06-04 13:00:32'),(1704,'admin',2,'StoreProduct','Memory card Compact Flash 16Gb Patriot','2012-06-04 13:00:38'),(1705,'admin',2,'StoreProduct','Memory card Compact Flash 16Gb Pretec 233X','2012-06-04 13:00:38'),(1706,'admin',2,'StoreProduct','Memory card Compact Flash 32Gb Patriot','2012-06-04 13:00:38'),(1707,'admin',2,'StoreProduct','Memory card Compact Flash 32Gb Patriot','2012-06-04 13:00:38'),(1708,'admin',2,'StoreAttribute','proizvoditel','2012-06-04 13:11:07'),(1709,'admin',3,'StoreProduct','Цифр.фотоапарат Nikon CoolPix P500, чорний','2012-06-04 16:31:31'),(1710,'admin',3,'StoreProduct','Цифр.фотоапарат SONY Cyber-Shot S2100 Black','2012-06-04 16:31:31'),(1711,'admin',3,'StoreProduct','Цифр.фотоапарат SONY Cyber-Shot S2100 Orange','2012-06-04 16:31:31'),(1712,'admin',3,'StoreProduct','Цифр.фотоапарат SONY Cyber-Shot S2100 Silver','2012-06-04 16:31:31'),(1713,'admin',3,'StoreProduct','Цифр.фотоапарат SONY Cyber-Shot S3000 Black','2012-06-04 16:31:31'),(1714,'admin',3,'StoreProduct','Цифр.фотоапарат SONY Cyber-Shot S3000 Silver','2012-06-04 16:31:31'),(1715,'admin',3,'StoreProduct','Цифр.фотоапарат SONY Cyber-Shot T99 Violet','2012-06-04 16:31:31'),(1716,'admin',3,'StoreProduct','Цифр.фотоапарат SONY Cyber-Shot W310 Pink','2012-06-04 16:31:31'),(1717,'admin',3,'StoreProduct','Цифр.фотоапарат SONY Cyber-Shot W310 срібний','2012-06-04 16:31:31'),(1718,'admin',3,'StoreProduct','Цифр.фотоапарат SONY Cyber-Shot W310 чорний','2012-06-04 16:31:31'),(1719,'admin',3,'StoreProduct','Цифр.фотоапарат SONY Cyber-Shot W320 Pink','2012-06-04 16:31:31'),(1720,'admin',3,'StoreProduct','Цифр.фотоапарат SONY Cyber-Shot W320 срібний','2012-06-04 16:31:31'),(1721,'admin',3,'StoreProduct','Цифр.фотоапарат SONY Cyber-Shot W320 чорний','2012-06-04 16:31:31'),(1722,'admin',3,'StoreProduct','Цифр.фотоапарат SONY Cyber-Shot W330 чорний','2012-06-04 16:31:31'),(1723,'admin',3,'StoreProduct','Цифр.фотоапарат SONY Cyber-Shot W510 Pink','2012-06-04 16:31:31'),(1724,'admin',3,'StoreProduct','Цифр.фотоапарат SONY Cyber-Shot W510 чорний','2012-06-04 16:31:31'),(1725,'admin',3,'StoreProduct','Чохол для фото/відео камер PORT Designs Casablanca Bag Camcorder','2012-06-04 16:31:31'),(1726,'admin',3,'StoreProduct','Штатив Slik Mirage Light blue міні','2012-06-04 16:31:31'),(1727,'admin',3,'StoreProduct','Штатив Slik Pro 700 DX','2012-06-04 16:31:31'),(1728,'admin',3,'StoreProduct','Штатив Slik S-Pod S-100 BKS-100 чорний','2012-06-04 16:31:31'),(1729,'admin',3,'StoreProduct','Штатив Slik S-Pod S-200 black мині','2012-06-04 16:31:32'),(1730,'admin',3,'StoreProduct','Штатив Slik S-Pod S-200 SL мині','2012-06-04 16:31:32'),(1731,'admin',3,'StoreProduct','Штатив Slik S-Pod SJ-32GM','2012-06-04 16:31:32'),(1732,'admin',3,'StoreProduct','Штатив Velbon C-500/F','2012-06-04 16:31:32'),(1733,'admin',3,'StoreProduct','Штатив Velbon C-600/F','2012-06-04 16:31:32'),(1734,'admin',3,'StoreProduct','Штатив Velbon CX-200T/F','2012-06-04 16:31:32'),(1735,'admin',3,'StoreProduct','Штатив Velbon CX-300T/F','2012-06-04 16:31:32'),(1736,'admin',3,'StoreProduct','Штатив Velbon CX-440/F','2012-06-04 16:31:32'),(1737,'admin',3,'StoreProduct','Штатив Velbon CX-444F','2012-06-04 16:31:32'),(1738,'admin',3,'StoreProduct','Штатив Velbon CX-888/F','2012-06-04 16:31:32'),(1739,'admin',3,'StoreProduct','Цифр.фотоапарат Canon PowerShot A800 Silver','2012-06-04 16:31:37'),(1740,'admin',3,'StoreProduct','Цифр.фотоапарат Canon PowerShot SX120 IS чорний','2012-06-04 16:31:37'),(1741,'admin',3,'StoreProduct','Цифр.фотоапарат Canon PowerShot SX130 IS срібний','2012-06-04 16:31:37'),(1742,'admin',3,'StoreProduct','Цифр.фотоапарат Canon PowerShot SX210 IS Gold','2012-06-04 16:31:37'),(1743,'admin',3,'StoreProduct','Цифр.фотоапарат Canon PowerShot SX210 IS Pur','2012-06-04 16:31:38'),(1744,'admin',3,'StoreProduct','Цифр.фотоапарат Canon PowerShot SX210 IS чорний','2012-06-04 16:31:38'),(1745,'admin',3,'StoreProduct','Цифр.фотоапарат FUJI FinePix S2950 ,чорний','2012-06-04 16:31:38'),(1746,'admin',3,'StoreProduct','Цифр.фотоапарат KODAK  C122, срібний','2012-06-04 16:31:38'),(1747,'admin',3,'StoreProduct','Цифр.фотоапарат Nikon Coolpix L21 Silver','2012-06-04 16:31:38'),(1748,'admin',3,'StoreProduct','Цифр.фотоапарат Nikon Coolpix S2500 Black','2012-06-04 16:31:38'),(1749,'admin',3,'StoreProduct','Цифр.фотоапарат Nikon Coolpix S2500 Pink','2012-06-04 16:31:38'),(1750,'admin',3,'StoreProduct','Цифр.фотоапарат Nikon Coolpix S2500 Silver','2012-06-04 16:31:38'),(1751,'admin',3,'StoreProduct','Цифр.фотоапарат Nikon Coolpix S3000 Black','2012-06-04 16:31:38'),(1752,'admin',3,'StoreProduct','Цифр.фотоапарат Nikon Coolpix S3000 Blue','2012-06-04 16:31:38'),(1753,'admin',3,'StoreProduct','Цифр.фотоапарат Nikon Coolpix S3000 Green','2012-06-04 16:31:38'),(1754,'admin',3,'StoreProduct','Цифр.фотоапарат Nikon Coolpix S3000 Magenta','2012-06-04 16:31:38'),(1755,'admin',3,'StoreProduct','Цифр.фотоапарат Nikon Coolpix S3000 Orange','2012-06-04 16:31:38'),(1756,'admin',3,'StoreProduct','Цифр.фотоапарат Nikon Coolpix S3000 Silver','2012-06-04 16:31:38'),(1757,'admin',3,'StoreProduct','Цифр.фотоапарат Nikon Coolpix S3100 Black','2012-06-04 16:31:38'),(1758,'admin',3,'StoreProduct','Цифр.фотоапарат Nikon Coolpix S4000 Black','2012-06-04 16:31:38'),(1759,'admin',3,'StoreProduct','Цифр.фотоапарат Nikon Coolpix S5100 Black','2012-06-04 16:31:38'),(1760,'admin',3,'StoreProduct','Цифр.фотоапарат Nikon D-3100 KIT AF-S DX 18-55 VR','2012-06-04 16:31:38'),(1761,'admin',3,'StoreProduct','Цифр.фотоапарат Nikon D-5000 KIT AF-S DX 18-55 VR','2012-06-04 16:31:38'),(1762,'admin',3,'StoreProduct','Цифр.фотоапарат Nikon D3100 KIT 18-105 VR 2коробки!!!','2012-06-04 16:31:38'),(1763,'admin',3,'StoreProduct','Цифр.фотоапарат Olympus SP-600 UltraZoom Black','2012-06-04 16:31:38'),(1764,'admin',3,'StoreProduct','Цифр.фотоапарат Olympus SP-800 UltraZoom Silver','2012-06-04 16:31:38'),(1765,'admin',3,'StoreProduct','Цифр.фотоапарат PANASONIC DMC-FH25 Black','2012-06-04 16:31:38'),(1766,'admin',3,'StoreProduct','Цифр.фотоапарат Ricoh Caplio R4 Silver','2012-06-04 16:31:38'),(1767,'admin',3,'StoreProduct','Цифр.фотоапарат SONY Cyber-Shot S2000 Black','2012-06-04 16:31:38'),(1768,'admin',3,'StoreProduct','Цифр.фотоапарат SONY Cyber-Shot S2000 Silver','2012-06-04 16:31:38'),(1769,'admin',3,'StoreProduct','Футляр для фото/відео камер PORT Designs Casablanca S','2012-06-04 16:31:43'),(1770,'admin',3,'StoreProduct','Футляр для фото/відео камер PORT Designs Casablanca S Black чорно-сіра','2012-06-04 16:31:43'),(1771,'admin',3,'StoreProduct','Футляр для фото/відео камер PORT Designs Ibiza L Black чорно-оранжева','2012-06-04 16:31:43'),(1772,'admin',3,'StoreProduct','Футляр для фото/відео камер PORT Designs Ibiza S Black чорно-оранжева','2012-06-04 16:31:43'),(1773,'admin',3,'StoreProduct','Футляр для фото/відео камер PORT Designs Ibiza SLR L Black чорно-оранжева','2012-06-04 16:31:43'),(1774,'admin',3,'StoreProduct','Футляр для фото/відео камер PORT Designs Ibiza SLR S Black чорно-оранжева','2012-06-04 16:31:43'),(1775,'admin',3,'StoreProduct','Цифр. відеокамера Canon FS306 Legria Blue','2012-06-04 16:31:43'),(1776,'admin',3,'StoreProduct','Цифр. відеокамера Panasonic SDR-S50EE-K, чорна','2012-06-04 16:31:43'),(1777,'admin',3,'StoreProduct','Цифр. відеокамера Panasonic SDR-T50EE-K, чорна','2012-06-04 16:31:43'),(1778,'admin',3,'StoreProduct','Цифр. відеокамера Samsung VP-D381','2012-06-04 16:31:43'),(1779,'admin',3,'StoreProduct','Цифр. відеокамера Sony DCR-SX44E, срібна','2012-06-04 16:31:43'),(1780,'admin',3,'StoreProduct','Цифр.фотоапарат BenQ DC C1430 Black','2012-06-04 16:31:44'),(1781,'admin',3,'StoreProduct','Цифр.фотоапарат BenQ DC C1430 Silver','2012-06-04 16:31:44'),(1782,'admin',3,'StoreProduct','Цифр.фотоапарат Canon IXUS 130 IS black','2012-06-04 16:31:44'),(1783,'admin',3,'StoreProduct','Цифр.фотоапарат Canon IXUS 130 IS orange','2012-06-04 16:31:44'),(1784,'admin',3,'StoreProduct','Цифр.фотоапарат Canon IXUS 210 IS black','2012-06-04 16:31:44'),(1785,'admin',3,'StoreProduct','Цифр.фотоапарат Canon IXUS 300 HS black','2012-06-04 16:31:44'),(1786,'admin',3,'StoreProduct','Цифр.фотоапарат Canon IXUS 95 IS Blue','2012-06-04 16:31:44'),(1787,'admin',3,'StoreProduct','Цифр.фотоапарат Canon PowerShot A1100 IS Silver','2012-06-04 16:31:44'),(1788,'admin',3,'StoreProduct','Цифр.фотоапарат Canon PowerShot A2200 IS Silver','2012-06-04 16:31:44'),(1789,'admin',3,'StoreProduct','Цифр.фотоапарат Canon PowerShot A3000 IS Silver','2012-06-04 16:31:44'),(1790,'admin',3,'StoreProduct','Цифр.фотоапарат Canon PowerShot A3100 IS Silver','2012-06-04 16:31:44'),(1791,'admin',3,'StoreProduct','Цифр.фотоапарат Canon PowerShot A490 Silver','2012-06-04 16:31:44'),(1792,'admin',3,'StoreProduct','Цифр.фотоапарат Canon PowerShot A495 Silver','2012-06-04 16:31:44'),(1793,'admin',3,'StoreProduct','Цифр.фотоапарат Canon PowerShot A800 Black','2012-06-04 16:31:44'),(1794,'admin',3,'StoreProduct','Цифр.фотоапарат Canon PowerShot A800 Red','2012-06-04 16:31:44'),(1795,'admin',3,'StoreProduct','Цифр.фотоапарат Nikon Coolpix L22 Silver','2012-06-04 16:31:44'),(1796,'admin',3,'StoreProduct','Цифр.фотоапарат Nikon Coolpix L23 Black','2012-06-04 16:31:44'),(1797,'admin',3,'StoreProduct','Цифр.фотоапарат Nikon Coolpix L23 Pink','2012-06-04 16:31:44'),(1798,'admin',3,'StoreProduct','Цифр.фотоапарат Nikon CoolPix P300, чорний','2012-06-04 16:31:44'),(1799,'admin',3,'StoreProduct','Фотопапір ColorWay A4, 190 г/м2,   20л, матовий','2012-06-04 16:31:50'),(1800,'admin',3,'StoreProduct','Фотопапір ColorWay A4, 210 г/м2,   20л, глянцевий','2012-06-04 16:31:50'),(1801,'admin',3,'StoreProduct','Фотопапір ColorWay A4, 210 г/м2,   50л, глянцевий','2012-06-04 16:31:50'),(1802,'admin',3,'StoreProduct','Фотопапір ColorWay A4, 220 г/м2,   20л, глянцевий двoсторонній','2012-06-04 16:31:50'),(1803,'admin',3,'StoreProduct','Фотопапір ColorWay A4, 220 г/м2,   50л, глянцевий двoсторонній','2012-06-04 16:31:50'),(1804,'admin',3,'StoreProduct','Фотопапір ColorWay A4, 220 г/м2,   50л, матовий двосторонній','2012-06-04 16:31:51'),(1805,'admin',3,'StoreProduct','Фотопапір ColorWay A4, 240 г/м2,   20л, глянцевий','2012-06-04 16:31:51'),(1806,'admin',3,'StoreProduct','Фотопапір ColorWay A4, 240 г/м2,   20л, суперглянцевий','2012-06-04 16:31:51'),(1807,'admin',3,'StoreProduct','Фотопапір ColorWay A4, 240 г/м2,   50л, глянцевий','2012-06-04 16:31:51'),(1808,'admin',3,'StoreProduct','Фотопапір ColorWay A4, 240 г/м2,   50л, суперглянцевий','2012-06-04 16:31:51'),(1809,'admin',3,'StoreProduct','Фотопапір ColorWay A4, 260 г/м2,   20л, сатин мікропористий','2012-06-04 16:31:51'),(1810,'admin',3,'StoreProduct','Фотопапір ColorWay A4, 260 г/м2,   20л, суперглянцевий','2012-06-04 16:31:51'),(1811,'admin',3,'StoreProduct','Фотопапір ColorWay A4, 260 г/м2,   20л, суперглянцевий шовковий','2012-06-04 16:31:51'),(1812,'admin',3,'StoreProduct','Фотопапір ColorWay A4, 260 г/м2,   50л, суперглянцевий','2012-06-04 16:31:51'),(1813,'admin',3,'StoreProduct','Фотопапір рулонний ColorWay, 24\"x30m, 135 г/м2, глянцевий','2012-06-04 16:31:51'),(1814,'admin',3,'StoreProduct','Фотопапір рулонний ColorWay, 36\"x30m, 135 г/м2, глянцевий','2012-06-04 16:31:51'),(1815,'admin',3,'StoreProduct','Футляр для GPS 4,7\" PORT Designs  Pouch LIMA 4 3 4 7','2012-06-04 16:31:51'),(1816,'admin',3,'StoreProduct','Футляр для фото камер LC Sport-129, Black чорний','2012-06-04 16:31:51'),(1817,'admin',3,'StoreProduct','Футляр для фото камер LC Sport-239, Black чорний','2012-06-04 16:31:51'),(1818,'admin',3,'StoreProduct','Футляр для фото камер Sony LCS-TWС/C для T, W серії, світло-коричнева','2012-06-04 16:31:51'),(1819,'admin',3,'StoreProduct','Футляр для фото камер VAX 8001 Aribau Black чорний','2012-06-04 16:31:51'),(1820,'admin',3,'StoreProduct','Футляр для фото камер VAX 8002 Aribau Orange оранжевий','2012-06-04 16:31:51'),(1821,'admin',3,'StoreProduct','Футляр для фото камер VAX 8003 Aribau Red червоний','2012-06-04 16:31:51'),(1822,'admin',3,'StoreProduct','Футляр для фото камер VAX 8005 Aribau Grey сірий','2012-06-04 16:31:51'),(1823,'admin',3,'StoreProduct','Футляр для фото/відео камер PORT Designs Casablanca L','2012-06-04 16:31:51'),(1824,'admin',3,'StoreProduct','Футляр для фото/відео камер PORT Designs Casablanca L Black чорно-сіра','2012-06-04 16:31:51'),(1825,'admin',3,'StoreProduct','Цифр. відеокамера Canon FS306 Legria Red','2012-06-04 16:31:51'),(1826,'admin',3,'StoreProduct','Цифр. відеокамера Canon FS306 Legria Silver','2012-06-04 16:31:51'),(1827,'admin',3,'StoreProduct','Цифр. відеокамера Panasonic HDC-SD60EE-K, чорна','2012-06-04 16:31:51'),(1828,'admin',3,'StoreProduct','Цифр. відеокамера Panasonic SDR-H85EE-S срібна','2012-06-04 16:31:51'),(1829,'admin',3,'StoreProduct','Фотопапір ColorWay 10*15, 180 г/м2, 20л, глянцевий','2012-06-04 16:31:57'),(1830,'admin',3,'StoreProduct','Фотопапір ColorWay 10*15, 180 г/м2, 500л, глянцевий','2012-06-04 16:31:57'),(1831,'admin',3,'StoreProduct','Фотопапір ColorWay 10*15, 180 г/м2, 50л, глянцевий','2012-06-04 16:31:57'),(1832,'admin',3,'StoreProduct','Фотопапір ColorWay 10*15, 190 г/м2,  20л, матовий','2012-06-04 16:31:57'),(1833,'admin',3,'StoreProduct','Фотопапір ColorWay 10*15, 190 г/м2,  50л, матовий','2012-06-04 16:31:57'),(1834,'admin',3,'StoreProduct','Фотопапір ColorWay 10*15, 190 г/м2, 100л, матовий','2012-06-04 16:31:57'),(1835,'admin',3,'StoreProduct','Фотопапір ColorWay 10*15, 210 г/м2, 100л, глянцевий','2012-06-04 16:31:57'),(1836,'admin',3,'StoreProduct','Фотопапір ColorWay 10*15, 210 г/м2, 500л, глянцевий','2012-06-04 16:31:57'),(1837,'admin',3,'StoreProduct','Фотопапір ColorWay 10*15, 240 г/м2,   20л, глянцевий','2012-06-04 16:31:57'),(1838,'admin',3,'StoreProduct','Фотопапір ColorWay 10*15, 240 г/м2,   50л, глянцевий','2012-06-04 16:31:57'),(1839,'admin',3,'StoreProduct','Фотопапір ColorWay 10*15, 240 г/м2, 100л, глянцевий','2012-06-04 16:31:57'),(1840,'admin',3,'StoreProduct','Фотопапір ColorWay 10*15, 260 г/м2,   20л, глянцевий','2012-06-04 16:31:57'),(1841,'admin',3,'StoreProduct','Фотопапір ColorWay 10*15, 260 г/м2,   20л, сатин мікропористий','2012-06-04 16:31:57'),(1842,'admin',3,'StoreProduct','Фотопапір ColorWay 10*15, 260 г/м2,   20л, суперглянцевий мікропористий','2012-06-04 16:31:57'),(1843,'admin',3,'StoreProduct','Фотопапір ColorWay 10*15, 260 г/м2,   20л, суперглянцевий шовковий','2012-06-04 16:31:57'),(1844,'admin',3,'StoreProduct','Фотопапір ColorWay 10*15, 260 г/м2,   50л, глянцевий','2012-06-04 16:31:57'),(1845,'admin',3,'StoreProduct','Фотопапір ColorWay 10*15, 260 г/м2, 100л, глянцевий','2012-06-04 16:31:57'),(1846,'admin',3,'StoreProduct','Фотопапір ColorWay A4, 108 г/м2,   50л, матовий','2012-06-04 16:31:57'),(1847,'admin',3,'StoreProduct','Фотопапір ColorWay A4, 108 г/м2, 100л, матовий','2012-06-04 16:31:57'),(1848,'admin',3,'StoreProduct','Фотопапір ColorWay A4, 130 г/м2,   100л, глянцевий','2012-06-04 16:31:57'),(1849,'admin',3,'StoreProduct','Фотопапір ColorWay A4, 130 г/м2,   20л, глянцевий','2012-06-04 16:31:57'),(1850,'admin',3,'StoreProduct','Фотопапір ColorWay A4, 135 г/м2,   20л, матовий','2012-06-04 16:31:57'),(1851,'admin',3,'StoreProduct','Фотопапір ColorWay A4, 135 г/м2,  100л, матовий','2012-06-04 16:31:57'),(1852,'admin',3,'StoreProduct','Фотопапір ColorWay A4, 140 г/м2,   50л, матовий двосторонній','2012-06-04 16:31:57'),(1853,'admin',3,'StoreProduct','Фотопапір ColorWay A4, 150 г/м2,   100л, глянцевий','2012-06-04 16:31:57'),(1854,'admin',3,'StoreProduct','Фотопапір ColorWay A4, 150 г/м2,   20л, глянцевий','2012-06-04 16:31:57'),(1855,'admin',3,'StoreProduct','Фотопапір ColorWay A4, 150 г/м2,   50л, глянцевий','2012-06-04 16:31:57'),(1856,'admin',3,'StoreProduct','Фотопапір ColorWay A4, 155 г/м2,   50л, глянцевий двoсторонній','2012-06-04 16:31:57'),(1857,'admin',3,'StoreProduct','Фотопапір ColorWay A4, 180 г/м2,   20л, глянцевий','2012-06-04 16:31:58'),(1858,'admin',3,'StoreProduct','Фотопапір ColorWay A4, 180 г/м2,   50л, глянцевий','2012-06-04 16:31:58'),(1859,'admin',3,'StoreProduct','(у) Цифр.фотоапарат Canon PowerShot A1100 IS Silver','2012-06-04 16:32:02'),(1860,'admin',3,'StoreProduct','Epson 10x15см 500л, 225г/м2, Glossy Photo Paper, C13S042201','2012-06-04 16:32:02'),(1861,'admin',3,'StoreProduct','Epson 10x15см 500л, 225г/м2, Semi-Glossy Photo Paper, C13S042200','2012-06-04 16:32:02'),(1862,'admin',3,'StoreProduct','Epson 10х15см, 100л., Premium Glossy Photo Paper','2012-06-04 16:32:02'),(1863,'admin',3,'StoreProduct','Epson A4 20л, 251г/м2, Prem.Semigl.Paper, C13S041332','2012-06-04 16:32:02'),(1864,'admin',3,'StoreProduct','Epson A4 Photo Paper,','2012-06-04 16:32:02'),(1865,'admin',3,'StoreProduct','HP 24\"x30m, C6029С, Heavyweight Coated Paper -- 130 г/м2,','2012-06-04 16:32:03'),(1866,'admin',3,'StoreProduct','HP 24\"x45m, C6035A, Bright White Inkjet Paper','2012-06-04 16:32:03'),(1867,'admin',3,'StoreProduct','HP 36\"x30m, C6030С, Heavyweight Coated Paper','2012-06-04 16:32:03'),(1868,'admin',3,'StoreProduct','HP 36\"x45m, Q1405A, Coated Paper','2012-06-04 16:32:03'),(1869,'admin',3,'StoreProduct','HP 42\"x45m, Q1406A, Coated Paper','2012-06-04 16:32:03'),(1870,'admin',3,'StoreProduct','HP A4, C6951A, 20л, Premium Plus Photo Paper satin-matt','2012-06-04 16:32:03'),(1871,'admin',3,'StoreProduct','Memory card Compact Flash 16Gb Patriot','2012-06-04 16:32:03'),(1872,'admin',3,'StoreProduct','Memory card Compact Flash 16Gb Pretec 233X','2012-06-04 16:32:03'),(1873,'admin',3,'StoreProduct','Memory card Compact Flash 32Gb Patriot','2012-06-04 16:32:03'),(1874,'admin',3,'StoreProduct','Memory card Compact Flash 32Gb Patriot','2012-06-04 16:32:03'),(1875,'admin',3,'StoreProduct','Memory card Compact Flash 4G Pretec 40x','2012-06-04 16:32:03'),(1876,'admin',3,'StoreProduct','Memory card Compact Flash 4Gb Patriot','2012-06-04 16:32:03'),(1877,'admin',3,'StoreProduct','Memory card Compact Flash 64Gb Patriot','2012-06-04 16:32:03'),(1878,'admin',3,'StoreProduct','Memory card Compact Flash 8Gb Patriot','2012-06-04 16:32:03'),(1879,'admin',3,'StoreProduct','Memory card Compact Flash 8Gb Patriot','2012-06-04 16:32:03'),(1880,'admin',3,'StoreProduct','Memory card Memory Stick M2 2Gb Goodram +pro Duo adapter','2012-06-04 16:32:03'),(1881,'admin',3,'StoreProduct','Memory card Memory Stick M2 4Gb Goodram +pro Duo adapter','2012-06-04 16:32:03'),(1882,'admin',3,'StoreProduct','Memory card Memory Stick M2 8Gb Goodram +pro Duo adapter','2012-06-04 16:32:03'),(1883,'admin',3,'StoreProduct','Memory card Secure Digital 16Gb SDHC GoodRam (cl4)','2012-06-04 16:32:03'),(1884,'admin',3,'StoreProduct','Memory card Secure Digital 16Gb Toshiba Retail SDHC class10','2012-06-04 16:32:03'),(1885,'admin',3,'StoreProduct','Memory card Secure Digital 16Gb Transcend 600X','2012-06-04 16:32:03'),(1886,'admin',3,'StoreProduct','Memory card Secure Digital 1Gb TakeMS 60x','2012-06-04 16:32:03'),(1887,'admin',3,'StoreProduct','Memory card Secure Digital 2Gb GoodRam New Retail 9','2012-06-04 16:32:03'),(1888,'admin',3,'StoreProduct','Memory card Secure Digital 32Gb SDHC Patriot class 10','2012-06-04 16:32:03'),(1889,'admin',3,'StoreProduct','Memory card Secure Digital Micro 4Gb Toshiba','2012-06-04 16:32:11'),(1890,'admin',3,'StoreProduct','Memory card Secure Digital Micro 4Gb Toshiba + case + SD adapter','2012-06-04 16:32:11'),(1891,'admin',3,'StoreProduct','Memory card Secure Digital Micro 4Gb Transcend SDHC with adapter','2012-06-04 16:32:11'),(1892,'admin',3,'StoreProduct','Memory card Secure Digital Micro 8Gb GoodRam Retail9 + adapter','2012-06-04 16:32:11'),(1893,'admin',3,'StoreProduct','Memory card Secure Digital Micro 8Gb GoodRam SDHC(4)','2012-06-04 16:32:11'),(1894,'admin',3,'StoreProduct','Memory card Secure Digital Micro 8Gb Kingston SDHC','2012-06-04 16:32:11'),(1895,'admin',3,'StoreProduct','Memory card Secure Digital Micro 8Gb Patriot SDHC(10)','2012-06-04 16:32:11'),(1896,'admin',3,'StoreProduct','Memory card Secure Digital Micro 8Gb Patriot SDHC(4)','2012-06-04 16:32:11'),(1897,'admin',3,'StoreProduct','Memory card Secure Digital Micro 8Gb TakeMS SDHC(4) Retail','2012-06-04 16:32:11'),(1898,'admin',3,'StoreProduct','Memory card Secure Digital Micro 8Gb Toshiba SDHC(4)','2012-06-04 16:32:11'),(1899,'admin',3,'StoreProduct','Memory card Secure Digital Micro 8Gb Toshiba SDHC(4) + case + adapter','2012-06-04 16:32:11'),(1900,'admin',3,'StoreProduct','Memory card Secure Digital Micro 8Gb Transcend SDHC(6)','2012-06-04 16:32:11'),(1901,'admin',3,'StoreProduct','Memory card Secure Digital Micro 8Gb Transcend SDHC(6)+SD adapter','2012-06-04 16:32:11'),(1902,'admin',3,'StoreProduct','Memory card Secure Digital XC   64Gb Patriot Cl10','2012-06-04 16:32:12'),(1903,'admin',3,'StoreProduct','Захисний чохол iPhone Case, Modecom HANDY, чорний','2012-06-04 16:32:12'),(1904,'admin',3,'StoreProduct','Рюкзак для фото/відео камер    PORT Designs Casablanca','2012-06-04 16:32:12'),(1905,'admin',3,'StoreProduct','Фотопапір ACME A4 115 г/м2 100л глянцевий (value pack)','2012-06-04 16:32:12'),(1906,'admin',3,'StoreProduct','Фотопапір ACME A4 150 г/м2  50л глянцевий (value pack)','2012-06-04 16:32:12'),(1907,'admin',3,'StoreProduct','Фотопапір ACME A4 170 г/м2  100л глянцевий  (value pack)','2012-06-04 16:32:12'),(1908,'admin',3,'StoreProduct','Фотопапір ACME A4 170 г/м2  20л глянцевий (value pack)','2012-06-04 16:32:12'),(1909,'admin',3,'StoreProduct','Фотопапір ACME A6 (10*15) 115 г/м2 100л глянцевий (value pack)','2012-06-04 16:32:12'),(1910,'admin',3,'StoreProduct','Фотопапір ACME A6 (10*15) 150 г/м2 100л глянцевий (value pack)','2012-06-04 16:32:12'),(1911,'admin',3,'StoreProduct','Фотопапір ACME A6 (10*15) 170 г/м2 20 л глянцевий (value pack)','2012-06-04 16:32:12'),(1912,'admin',3,'StoreProduct','Фотопапір Black Point A4, 230г/м2,  63л, глянцевий','2012-06-04 16:32:12'),(1913,'admin',3,'StoreProduct','Фотопапір Black Point A4, 260г/м2,  25л, глянцевий','2012-06-04 16:32:12'),(1914,'admin',3,'StoreProduct','Фотопапір Black Point A4, 260г/м2,  63л, глянцевий','2012-06-04 16:32:12'),(1915,'admin',3,'StoreProduct','Фотопапір Black Point A6(10*15), 260г/м2,  125л, глянцевий','2012-06-04 16:32:12'),(1916,'admin',3,'StoreProduct','Фотопапір Black Point A6(10*15), 260г/м2,  32л, глянцевий','2012-06-04 16:32:12'),(1917,'admin',3,'StoreProduct','Фотопапір ColorWay 10*15, 150 г/м2,   50л, глянцевий','2012-06-04 16:32:12'),(1918,'admin',3,'StoreProduct','Фотопапір ColorWay 10*15, 180 г/м2, 100л, глянцевий','2012-06-04 16:32:12'),(1919,'admin',3,'StoreProduct','Memory card Secure Digital Micro 4Gb TakeMS (class4) Retail','2012-06-04 16:32:18'),(1920,'admin',3,'StoreProduct','Memory card Secure Digital Micro 4Gb Patriot SDHC(4)','2012-06-04 16:32:18'),(1921,'admin',3,'StoreProduct','Memory card Secure Digital Micro 4Gb Kingston SDHC','2012-06-04 16:32:18'),(1922,'admin',3,'StoreProduct','Memory card Secure Digital Micro 4Gb GoodRam SDHC class 4 Slim Retail','2012-06-04 16:32:18'),(1923,'admin',3,'StoreProduct','Memory card Secure Digital Micro 4Gb GoodRam Retail9 + adapter','2012-06-04 16:32:18'),(1924,'admin',3,'StoreProduct','Memory card Secure Digital Micro 2Gb TakeMS 2 Gb Retail','2012-06-04 16:32:18'),(1925,'admin',3,'StoreProduct','Memory card Secure Digital Micro 2Gb Patriot 3 in 1','2012-06-04 16:32:18'),(1926,'admin',3,'StoreProduct','Memory card Secure Digital Micro 2Gb Kingston','2012-06-04 16:32:18'),(1927,'admin',3,'StoreProduct','Memory card Secure Digital Micro 2Gb GoodRam Slim Retail','2012-06-04 16:32:18'),(1928,'admin',3,'StoreProduct','Memory card Secure Digital Micro 2Gb Goodram Retail9+ adapter','2012-06-04 16:32:18'),(1929,'admin',3,'StoreProduct','Memory card Secure Digital Micro 16Gb Toshiba SDHC + SD adapter','2012-06-04 16:32:18'),(1930,'admin',3,'StoreProduct','Memory card Secure Digital Micro 16Gb Toshiba + SD adapter','2012-06-04 16:32:18'),(1931,'admin',3,'StoreProduct','Memory card Secure Digital Micro 16Gb Patriot SDHC(4) + SD adapter','2012-06-04 16:32:18'),(1932,'admin',3,'StoreProduct','Memory card Secure Digital Micro 16Gb GoodRam SDHC(2)','2012-06-04 16:32:18'),(1933,'admin',3,'StoreProduct','Memory card Secure Digital Micro 16Gb GoodRam Retail9+ adapter','2012-06-04 16:32:18'),(1934,'admin',3,'StoreProduct','Memory card Secure Digital 8Gb, Kingston class4','2012-06-04 16:32:18'),(1935,'admin',3,'StoreProduct','Memory card Secure Digital 8Gb Toshiba Retail SDHC class6','2012-06-04 16:32:18'),(1936,'admin',3,'StoreProduct','Memory card Secure Digital 8Gb Toshiba Retail SDHC class2','2012-06-04 16:32:18'),(1937,'admin',3,'StoreProduct','Memory card Secure Digital 8Gb Toshiba Retail SDHC class10','2012-06-04 16:32:18'),(1938,'admin',3,'StoreProduct','Memory card Secure Digital 8Gb SDHC Transcend Cl4','2012-06-04 16:32:18'),(1939,'admin',3,'StoreProduct','Memory card Secure Digital 8Gb SDHC Transcend Cl2','2012-06-04 16:32:18'),(1940,'admin',3,'StoreProduct','Memory card Secure Digital 8Gb SDHC Patriot class 6','2012-06-04 16:32:18'),(1941,'admin',3,'StoreProduct','Memory card Secure Digital 8Gb SDHC Patriot Class 10','2012-06-04 16:32:18'),(1942,'admin',3,'StoreProduct','Memory card Secure Digital 8Gb SDHC GoodRam (cl6) Slim Retail','2012-06-04 16:32:18'),(1943,'admin',3,'StoreProduct','Memory card Secure Digital 8Gb SDHC GoodRam (cl6)','2012-06-04 16:32:19'),(1944,'admin',3,'StoreProduct','Memory card Secure Digital 4Gb, SDHC, Kingston (cl)','2012-06-04 16:32:19'),(1945,'admin',3,'StoreProduct','Memory card Secure Digital 4Gb Toshiba Retail SDHC class4','2012-06-04 16:32:19'),(1946,'admin',3,'StoreProduct','Memory card Secure Digital 4Gb Toshiba Retail SDHC class2','2012-06-04 16:32:19'),(1947,'admin',3,'StoreProduct','Memory card Secure Digital 4Gb SDHC Transcend Cl4','2012-06-04 16:32:19'),(1948,'admin',3,'StoreProduct','Memory card Secure Digital 4Gb SDHC Patriot Cl 6','2012-06-04 16:32:19'),(1949,'admin',3,'StoreProduct','Memory card Secure Digital 4Gb SDHC GoodRam (cl6)','2012-06-04 16:32:22'),(1950,'admin',3,'StoreProduct','Memory card Secure Digital 4Gb SDHC GoodRam - New Retail (cl6)','2012-06-04 16:32:22'),(1951,'admin',3,'StoreProduct','HP 36\"x45m, Q1405A, Coated Paper','2012-06-04 16:45:42'),(1952,'admin',3,'StoreProduct','HP 36\"x45m, Q1405A, Coated Paper','2012-06-04 16:45:42'),(1953,'admin',3,'StoreProduct','HP 36\"x45m, Q1405A, Coated Paper','2012-06-04 16:47:56'),(1954,'admin',3,'StoreProduct','HP 36\"x45m, Q1405A, Coated Paper','2012-06-04 16:47:56'),(1955,'admin',3,'StoreProduct','Чохол для фото/відео камер PORT Designs Casablanca Bag Camcorder','2012-06-04 16:48:54'),(1956,'admin',3,'StoreProduct','Штатив Slik Mirage Light blue міні','2012-06-04 16:48:54'),(1957,'admin',3,'StoreProduct','Штатив Slik Pro 700 DX','2012-06-04 16:48:54'),(1958,'admin',3,'StoreProduct','Штатив Slik S-Pod S-100 BKS-100 чорний','2012-06-04 16:48:54'),(1959,'admin',3,'StoreProduct','Штатив Slik S-Pod SJ-32GM','2012-06-04 16:48:55'),(1960,'admin',3,'StoreProduct','Штатив Velbon C-500/F','2012-06-04 16:48:55'),(1961,'admin',3,'StoreProduct','Штатив Velbon C-600/F','2012-06-04 16:48:55'),(1962,'admin',3,'StoreProduct','Штатив Velbon CX-200T/F','2012-06-04 16:48:55'),(1963,'admin',3,'StoreProduct','Штатив Velbon CX-300T/F','2012-06-04 16:48:55'),(1964,'admin',3,'StoreProduct','Штатив Velbon CX-440/F','2012-06-04 16:48:55'),(1965,'admin',3,'StoreProduct','Штатив Velbon CX-444F','2012-06-04 16:48:55'),(1966,'admin',3,'StoreProduct','Штатив Velbon CX-888/F','2012-06-04 16:48:55'),(1967,'admin',3,'StoreProduct','(у) Цифр.фотоапарат Canon PowerShot A1100 IS Silver','2012-06-04 16:48:55'),(1968,'admin',3,'StoreProduct','Epson 10x15см 500л, 225г/м2, Glossy Photo Paper, C13S042201','2012-06-04 16:48:55'),(1969,'admin',3,'StoreProduct','Epson 10x15см 500л, 225г/м2, Semi-Glossy Photo Paper, C13S042200','2012-06-04 16:48:55'),(1970,'admin',3,'StoreProduct','Epson 10х15см, 100л., Premium Glossy Photo Paper','2012-06-04 16:48:55'),(1971,'admin',3,'StoreProduct','Epson A4 20л, 251г/м2, Prem.Semigl.Paper, C13S041332','2012-06-04 16:48:55'),(1972,'admin',3,'StoreProduct','Epson A4 Photo Paper,','2012-06-04 16:48:55'),(1973,'admin',3,'StoreProduct','HP 24\"x30m, C6029С, Heavyweight Coated Paper -- 130 г/м2,','2012-06-04 16:48:55'),(1974,'admin',3,'StoreProduct','HP 24\"x45m, C6035A, Bright White Inkjet Paper','2012-06-04 16:48:55'),(1975,'admin',3,'StoreProduct','HP 36\"x30m, C6030С, Heavyweight Coated Paper','2012-06-04 16:48:55'),(1976,'admin',3,'StoreProduct','(у) Цифр.фотоапарат Canon PowerShot A1100 IS Silver','2012-06-04 16:48:55'),(1977,'admin',3,'StoreProduct','Epson 10x15см 500л, 225г/м2, Glossy Photo Paper, C13S042201','2012-06-04 16:48:55'),(1978,'admin',3,'StoreProduct','Epson 10x15см 500л, 225г/м2, Semi-Glossy Photo Paper, C13S042200','2012-06-04 16:48:55'),(1979,'admin',3,'StoreProduct','Epson 10х15см, 100л., Premium Glossy Photo Paper','2012-06-04 16:48:55'),(1980,'admin',3,'StoreProduct','Epson A4 20л, 251г/м2, Prem.Semigl.Paper, C13S041332','2012-06-04 16:48:55'),(1981,'admin',3,'StoreProduct','Epson A4 Photo Paper,','2012-06-04 16:48:55'),(1982,'admin',3,'StoreProduct','HP 24\"x30m, C6029С, Heavyweight Coated Paper -- 130 г/м2,','2012-06-04 16:48:55'),(1983,'admin',3,'StoreProduct','HP 24\"x45m, C6035A, Bright White Inkjet Paper','2012-06-04 16:48:55'),(1984,'admin',3,'StoreProduct','HP 36\"x30m, C6030С, Heavyweight Coated Paper','2012-06-04 16:48:55'),(1985,'admin',3,'StoreProduct','Цифр.фотоапарат Nikon Coolpix S3000 Orange','2012-06-04 16:49:00'),(1986,'admin',3,'StoreProduct','Цифр.фотоапарат Nikon Coolpix S3000 Silver','2012-06-04 16:49:00'),(1987,'admin',3,'StoreProduct','Цифр.фотоапарат Nikon Coolpix S3100 Black','2012-06-04 16:49:00'),(1988,'admin',3,'StoreProduct','Цифр.фотоапарат Nikon Coolpix S5100 Black','2012-06-04 16:49:00'),(1989,'admin',3,'StoreProduct','Цифр.фотоапарат Nikon D-3100 KIT AF-S DX 18-55 VR','2012-06-04 16:49:00'),(1990,'admin',3,'StoreProduct','Цифр.фотоапарат Nikon D-5000 KIT AF-S DX 18-55 VR','2012-06-04 16:49:00'),(1991,'admin',3,'StoreProduct','Цифр.фотоапарат Nikon D3100 KIT 18-105 VR 2коробки!!!','2012-06-04 16:49:00'),(1992,'admin',3,'StoreProduct','Цифр.фотоапарат Olympus SP-600 UltraZoom Black','2012-06-04 16:49:00'),(1993,'admin',3,'StoreProduct','Цифр.фотоапарат Olympus SP-800 UltraZoom Silver','2012-06-04 16:49:00'),(1994,'admin',3,'StoreProduct','Цифр.фотоапарат PANASONIC DMC-FH25 Black','2012-06-04 16:49:00'),(1995,'admin',3,'StoreProduct','Цифр.фотоапарат Ricoh Caplio R4 Silver','2012-06-04 16:49:00'),(1996,'admin',3,'StoreProduct','Цифр.фотоапарат SONY Cyber-Shot S2000 Black','2012-06-04 16:49:00'),(1997,'admin',3,'StoreProduct','Цифр.фотоапарат SONY Cyber-Shot S2000 Silver','2012-06-04 16:49:00'),(1998,'admin',3,'StoreProduct','Цифр.фотоапарат SONY Cyber-Shot S2100 Black','2012-06-04 16:49:00'),(1999,'admin',3,'StoreProduct','Цифр.фотоапарат SONY Cyber-Shot S2100 Orange','2012-06-04 16:49:00'),(2000,'admin',3,'StoreProduct','Цифр.фотоапарат SONY Cyber-Shot S2100 Silver','2012-06-04 16:49:00'),(2001,'admin',3,'StoreProduct','Цифр.фотоапарат SONY Cyber-Shot S3000 Black','2012-06-04 16:49:00'),(2002,'admin',3,'StoreProduct','Цифр.фотоапарат SONY Cyber-Shot S3000 Silver','2012-06-04 16:49:00'),(2003,'admin',3,'StoreProduct','Цифр.фотоапарат SONY Cyber-Shot T99 Violet','2012-06-04 16:49:00'),(2004,'admin',3,'StoreProduct','Цифр.фотоапарат SONY Cyber-Shot W310 Pink','2012-06-04 16:49:00'),(2005,'admin',3,'StoreProduct','Цифр.фотоапарат SONY Cyber-Shot W310 срібний','2012-06-04 16:49:00'),(2006,'admin',3,'StoreProduct','Цифр.фотоапарат SONY Cyber-Shot W310 чорний','2012-06-04 16:49:00'),(2007,'admin',3,'StoreProduct','Цифр.фотоапарат SONY Cyber-Shot W320 Pink','2012-06-04 16:49:00'),(2008,'admin',3,'StoreProduct','Цифр.фотоапарат SONY Cyber-Shot W320 срібний','2012-06-04 16:49:00'),(2009,'admin',3,'StoreProduct','Цифр.фотоапарат SONY Cyber-Shot W320 чорний','2012-06-04 16:49:01'),(2010,'admin',3,'StoreProduct','Цифр.фотоапарат SONY Cyber-Shot W330 чорний','2012-06-04 16:49:01'),(2011,'admin',3,'StoreProduct','Цифр.фотоапарат SONY Cyber-Shot W510 Pink','2012-06-04 16:49:01'),(2012,'admin',3,'StoreProduct','Цифр.фотоапарат SONY Cyber-Shot W510 чорний','2012-06-04 16:49:01'),(2013,'admin',3,'StoreProduct','Штатив Slik S-Pod S-200 black мині','2012-06-04 16:49:01'),(2014,'admin',3,'StoreProduct','Штатив Slik S-Pod S-200 SL мині','2012-06-04 16:49:01'),(2015,'admin',3,'StoreProduct','Цифр.фотоапарат Canon IXUS 300 HS black','2012-06-04 16:49:05'),(2016,'admin',3,'StoreProduct','Цифр.фотоапарат Canon IXUS 95 IS Blue','2012-06-04 16:49:05'),(2017,'admin',3,'StoreProduct','Цифр.фотоапарат Canon PowerShot A1100 IS Silver','2012-06-04 16:49:05'),(2018,'admin',3,'StoreProduct','Цифр.фотоапарат Canon PowerShot A3100 IS Silver','2012-06-04 16:49:05'),(2019,'admin',3,'StoreProduct','Цифр.фотоапарат Canon PowerShot A490 Silver','2012-06-04 16:49:05'),(2020,'admin',3,'StoreProduct','Цифр.фотоапарат Canon PowerShot A495 Silver','2012-06-04 16:49:06'),(2021,'admin',3,'StoreProduct','Цифр.фотоапарат Canon PowerShot A800 Black','2012-06-04 16:49:06'),(2022,'admin',3,'StoreProduct','Цифр.фотоапарат Canon PowerShot A800 Red','2012-06-04 16:49:06'),(2023,'admin',3,'StoreProduct','Цифр.фотоапарат Canon PowerShot A800 Silver','2012-06-04 16:49:06'),(2024,'admin',3,'StoreProduct','Цифр.фотоапарат Canon PowerShot SX120 IS чорний','2012-06-04 16:49:06'),(2025,'admin',3,'StoreProduct','Цифр.фотоапарат Canon PowerShot SX130 IS срібний','2012-06-04 16:49:06'),(2026,'admin',3,'StoreProduct','Цифр.фотоапарат Canon PowerShot SX210 IS Gold','2012-06-04 16:49:06'),(2027,'admin',3,'StoreProduct','Цифр.фотоапарат Canon PowerShot SX210 IS Pur','2012-06-04 16:49:06'),(2028,'admin',3,'StoreProduct','Цифр.фотоапарат Canon PowerShot SX210 IS чорний','2012-06-04 16:49:06'),(2029,'admin',3,'StoreProduct','Цифр.фотоапарат FUJI FinePix S2950 ,чорний','2012-06-04 16:49:06'),(2030,'admin',3,'StoreProduct','Цифр.фотоапарат KODAK  C122, срібний','2012-06-04 16:49:06'),(2031,'admin',3,'StoreProduct','Цифр.фотоапарат Nikon Coolpix L21 Silver','2012-06-04 16:49:06'),(2032,'admin',3,'StoreProduct','Цифр.фотоапарат Nikon Coolpix L22 Silver','2012-06-04 16:49:06'),(2033,'admin',3,'StoreProduct','Цифр.фотоапарат Nikon Coolpix L23 Black','2012-06-04 16:49:06'),(2034,'admin',3,'StoreProduct','Цифр.фотоапарат Nikon Coolpix L23 Pink','2012-06-04 16:49:06'),(2035,'admin',3,'StoreProduct','Цифр.фотоапарат Nikon CoolPix P300, чорний','2012-06-04 16:49:06'),(2036,'admin',3,'StoreProduct','Цифр.фотоапарат Nikon CoolPix P500, чорний','2012-06-04 16:49:06'),(2037,'admin',3,'StoreProduct','Цифр.фотоапарат Nikon Coolpix S2500 Black','2012-06-04 16:49:06'),(2038,'admin',3,'StoreProduct','Цифр.фотоапарат Nikon Coolpix S2500 Pink','2012-06-04 16:49:06'),(2039,'admin',3,'StoreProduct','Цифр.фотоапарат Nikon Coolpix S2500 Silver','2012-06-04 16:49:06'),(2040,'admin',3,'StoreProduct','Цифр.фотоапарат Nikon Coolpix S3000 Black','2012-06-04 16:49:06'),(2041,'admin',3,'StoreProduct','Цифр.фотоапарат Nikon Coolpix S3000 Blue','2012-06-04 16:49:06'),(2042,'admin',3,'StoreProduct','Цифр.фотоапарат Nikon Coolpix S3000 Green','2012-06-04 16:49:06'),(2043,'admin',3,'StoreProduct','Цифр.фотоапарат Nikon Coolpix S3000 Magenta','2012-06-04 16:49:06'),(2044,'admin',3,'StoreProduct','Цифр.фотоапарат Nikon Coolpix S4000 Black','2012-06-04 16:49:06'),(2045,'admin',3,'StoreProduct','Фотопапір ColorWay A4, 260 г/м2,   20л, суперглянцевий','2012-06-04 16:49:11'),(2046,'admin',3,'StoreProduct','Футляр для фото камер Sony LCS-TWС/C для T, W серії, світло-коричнева','2012-06-04 16:49:11'),(2047,'admin',3,'StoreProduct','Футляр для фото камер VAX 8001 Aribau Black чорний','2012-06-04 16:49:11'),(2048,'admin',3,'StoreProduct','Футляр для фото камер VAX 8002 Aribau Orange оранжевий','2012-06-04 16:49:11'),(2049,'admin',3,'StoreProduct','Футляр для фото камер VAX 8003 Aribau Red червоний','2012-06-04 16:49:11'),(2050,'admin',3,'StoreProduct','Футляр для фото камер VAX 8005 Aribau Grey сірий','2012-06-04 16:49:11'),(2051,'admin',3,'StoreProduct','Футляр для фото/відео камер PORT Designs Casablanca L','2012-06-04 16:49:11'),(2052,'admin',3,'StoreProduct','Футляр для фото/відео камер PORT Designs Casablanca L Black чорно-сіра','2012-06-04 16:49:11'),(2053,'admin',3,'StoreProduct','Футляр для фото/відео камер PORT Designs Casablanca S','2012-06-04 16:49:11'),(2054,'admin',3,'StoreProduct','Футляр для фото/відео камер PORT Designs Casablanca S Black чорно-сіра','2012-06-04 16:49:11'),(2055,'admin',3,'StoreProduct','Футляр для фото/відео камер PORT Designs Ibiza L Black чорно-оранжева','2012-06-04 16:49:11'),(2056,'admin',3,'StoreProduct','Футляр для фото/відео камер PORT Designs Ibiza S Black чорно-оранжева','2012-06-04 16:49:11'),(2057,'admin',3,'StoreProduct','Футляр для фото/відео камер PORT Designs Ibiza SLR L Black чорно-оранжева','2012-06-04 16:49:11'),(2058,'admin',3,'StoreProduct','Футляр для фото/відео камер PORT Designs Ibiza SLR S Black чорно-оранжева','2012-06-04 16:49:11'),(2059,'admin',3,'StoreProduct','Цифр. відеокамера Canon FS306 Legria Blue','2012-06-04 16:49:11'),(2060,'admin',3,'StoreProduct','Цифр. відеокамера Canon FS306 Legria Red','2012-06-04 16:49:11'),(2061,'admin',3,'StoreProduct','Цифр. відеокамера Canon FS306 Legria Silver','2012-06-04 16:49:11'),(2062,'admin',3,'StoreProduct','Цифр. відеокамера Panasonic HDC-SD60EE-K, чорна','2012-06-04 16:49:11'),(2063,'admin',3,'StoreProduct','Цифр. відеокамера Panasonic SDR-H85EE-S срібна','2012-06-04 16:49:11'),(2064,'admin',3,'StoreProduct','Цифр. відеокамера Panasonic SDR-S50EE-K, чорна','2012-06-04 16:49:11'),(2065,'admin',3,'StoreProduct','Цифр. відеокамера Panasonic SDR-T50EE-K, чорна','2012-06-04 16:49:11'),(2066,'admin',3,'StoreProduct','Цифр. відеокамера Samsung VP-D381','2012-06-04 16:49:12'),(2067,'admin',3,'StoreProduct','Цифр. відеокамера Sony DCR-SX44E, срібна','2012-06-04 16:49:12'),(2068,'admin',3,'StoreProduct','Цифр.фотоапарат BenQ DC C1430 Black','2012-06-04 16:49:12'),(2069,'admin',3,'StoreProduct','Цифр.фотоапарат BenQ DC C1430 Silver','2012-06-04 16:49:12'),(2070,'admin',3,'StoreProduct','Цифр.фотоапарат Canon IXUS 130 IS black','2012-06-04 16:49:12'),(2071,'admin',3,'StoreProduct','Цифр.фотоапарат Canon IXUS 130 IS orange','2012-06-04 16:49:12'),(2072,'admin',3,'StoreProduct','Цифр.фотоапарат Canon IXUS 210 IS black','2012-06-04 16:49:12'),(2073,'admin',3,'StoreProduct','Цифр.фотоапарат Canon PowerShot A2200 IS Silver','2012-06-04 16:49:12'),(2074,'admin',3,'StoreProduct','Цифр.фотоапарат Canon PowerShot A3000 IS Silver','2012-06-04 16:49:12'),(2075,'admin',3,'StoreProduct','Фотопапір ColorWay A4, 108 г/м2,   50л, матовий','2012-06-04 16:49:16'),(2076,'admin',3,'StoreProduct','Фотопапір ColorWay A4, 108 г/м2, 100л, матовий','2012-06-04 16:49:16'),(2077,'admin',3,'StoreProduct','Фотопапір ColorWay A4, 130 г/м2,   100л, глянцевий','2012-06-04 16:49:16'),(2078,'admin',3,'StoreProduct','Фотопапір ColorWay A4, 130 г/м2,   20л, глянцевий','2012-06-04 16:49:17'),(2079,'admin',3,'StoreProduct','Фотопапір ColorWay A4, 135 г/м2,   20л, матовий','2012-06-04 16:49:17'),(2080,'admin',3,'StoreProduct','Фотопапір ColorWay A4, 135 г/м2,  100л, матовий','2012-06-04 16:49:17'),(2081,'admin',3,'StoreProduct','Фотопапір ColorWay A4, 150 г/м2,   100л, глянцевий','2012-06-04 16:49:17'),(2082,'admin',3,'StoreProduct','Фотопапір ColorWay A4, 150 г/м2,   20л, глянцевий','2012-06-04 16:49:17'),(2083,'admin',3,'StoreProduct','Фотопапір ColorWay A4, 150 г/м2,   50л, глянцевий','2012-06-04 16:49:17'),(2084,'admin',3,'StoreProduct','Фотопапір ColorWay A4, 155 г/м2,   50л, глянцевий двoсторонній','2012-06-04 16:49:17'),(2085,'admin',3,'StoreProduct','Фотопапір ColorWay A4, 180 г/м2,   20л, глянцевий','2012-06-04 16:49:17'),(2086,'admin',3,'StoreProduct','Фотопапір ColorWay A4, 180 г/м2,   50л, глянцевий','2012-06-04 16:49:17'),(2087,'admin',3,'StoreProduct','Фотопапір ColorWay A4, 190 г/м2,   20л, матовий','2012-06-04 16:49:17'),(2088,'admin',3,'StoreProduct','Фотопапір ColorWay A4, 210 г/м2,   20л, глянцевий','2012-06-04 16:49:17'),(2089,'admin',3,'StoreProduct','Фотопапір ColorWay A4, 210 г/м2,   50л, глянцевий','2012-06-04 16:49:17'),(2090,'admin',3,'StoreProduct','Фотопапір ColorWay A4, 220 г/м2,   20л, глянцевий двoсторонній','2012-06-04 16:49:17'),(2091,'admin',3,'StoreProduct','Фотопапір ColorWay A4, 220 г/м2,   50л, глянцевий двoсторонній','2012-06-04 16:49:17'),(2092,'admin',3,'StoreProduct','Фотопапір ColorWay A4, 220 г/м2,   50л, матовий двосторонній','2012-06-04 16:49:17'),(2093,'admin',3,'StoreProduct','Фотопапір ColorWay A4, 240 г/м2,   20л, глянцевий','2012-06-04 16:49:17'),(2094,'admin',3,'StoreProduct','Фотопапір ColorWay A4, 240 г/м2,   20л, суперглянцевий','2012-06-04 16:49:17'),(2095,'admin',3,'StoreProduct','Фотопапір ColorWay A4, 240 г/м2,   50л, глянцевий','2012-06-04 16:49:17'),(2096,'admin',3,'StoreProduct','Фотопапір ColorWay A4, 240 г/м2,   50л, суперглянцевий','2012-06-04 16:49:17'),(2097,'admin',3,'StoreProduct','Фотопапір ColorWay A4, 260 г/м2,   20л, сатин мікропористий','2012-06-04 16:49:17'),(2098,'admin',3,'StoreProduct','Фотопапір ColorWay A4, 260 г/м2,   20л, суперглянцевий шовковий','2012-06-04 16:49:17'),(2099,'admin',3,'StoreProduct','Фотопапір ColorWay A4, 260 г/м2,   50л, суперглянцевий','2012-06-04 16:49:17'),(2100,'admin',3,'StoreProduct','Фотопапір рулонний ColorWay, 24\"x30m, 135 г/м2, глянцевий','2012-06-04 16:49:17'),(2101,'admin',3,'StoreProduct','Фотопапір рулонний ColorWay, 36\"x30m, 135 г/м2, глянцевий','2012-06-04 16:49:17'),(2102,'admin',3,'StoreProduct','Футляр для GPS 4,7\" PORT Designs  Pouch LIMA 4 3 4 7','2012-06-04 16:49:17'),(2103,'admin',3,'StoreProduct','Футляр для фото камер LC Sport-129, Black чорний','2012-06-04 16:49:17'),(2104,'admin',3,'StoreProduct','Футляр для фото камер LC Sport-239, Black чорний','2012-06-04 16:49:17'),(2105,'admin',3,'StoreProduct','Фотопапір ACME A4 115 г/м2 100л глянцевий (value pack)','2012-06-04 16:49:22'),(2106,'admin',3,'StoreProduct','Фотопапір ACME A4 150 г/м2  50л глянцевий (value pack)','2012-06-04 16:49:22'),(2107,'admin',3,'StoreProduct','Фотопапір ACME A4 170 г/м2  100л глянцевий  (value pack)','2012-06-04 16:49:22'),(2108,'admin',3,'StoreProduct','Фотопапір ACME A4 170 г/м2  20л глянцевий (value pack)','2012-06-04 16:49:22'),(2109,'admin',3,'StoreProduct','Фотопапір ACME A6 (10*15) 115 г/м2 100л глянцевий (value pack)','2012-06-04 16:49:22'),(2110,'admin',3,'StoreProduct','Фотопапір ACME A6 (10*15) 150 г/м2 100л глянцевий (value pack)','2012-06-04 16:49:22'),(2111,'admin',3,'StoreProduct','Фотопапір Black Point A4, 260г/м2,  25л, глянцевий','2012-06-04 16:49:22'),(2112,'admin',3,'StoreProduct','Фотопапір Black Point A4, 260г/м2,  63л, глянцевий','2012-06-04 16:49:22'),(2113,'admin',3,'StoreProduct','Фотопапір Black Point A6(10*15), 260г/м2,  125л, глянцевий','2012-06-04 16:49:22'),(2114,'admin',3,'StoreProduct','Фотопапір Black Point A6(10*15), 260г/м2,  32л, глянцевий','2012-06-04 16:49:22'),(2115,'admin',3,'StoreProduct','Фотопапір ColorWay 10*15, 150 г/м2,   50л, глянцевий','2012-06-04 16:49:22'),(2116,'admin',3,'StoreProduct','Фотопапір ColorWay 10*15, 180 г/м2, 100л, глянцевий','2012-06-04 16:49:22'),(2117,'admin',3,'StoreProduct','Фотопапір ColorWay 10*15, 180 г/м2, 20л, глянцевий','2012-06-04 16:49:22'),(2118,'admin',3,'StoreProduct','Фотопапір ColorWay 10*15, 180 г/м2, 500л, глянцевий','2012-06-04 16:49:22'),(2119,'admin',3,'StoreProduct','Фотопапір ColorWay 10*15, 180 г/м2, 50л, глянцевий','2012-06-04 16:49:22'),(2120,'admin',3,'StoreProduct','Фотопапір ColorWay 10*15, 190 г/м2,  20л, матовий','2012-06-04 16:49:22'),(2121,'admin',3,'StoreProduct','Фотопапір ColorWay 10*15, 190 г/м2,  50л, матовий','2012-06-04 16:49:22'),(2122,'admin',3,'StoreProduct','Фотопапір ColorWay 10*15, 190 г/м2, 100л, матовий','2012-06-04 16:49:22'),(2123,'admin',3,'StoreProduct','Фотопапір ColorWay 10*15, 210 г/м2, 100л, глянцевий','2012-06-04 16:49:22'),(2124,'admin',3,'StoreProduct','Фотопапір ColorWay 10*15, 210 г/м2, 500л, глянцевий','2012-06-04 16:49:22'),(2125,'admin',3,'StoreProduct','Фотопапір ColorWay 10*15, 240 г/м2,   20л, глянцевий','2012-06-04 16:49:22'),(2126,'admin',3,'StoreProduct','Фотопапір ColorWay 10*15, 240 г/м2,   50л, глянцевий','2012-06-04 16:49:22'),(2127,'admin',3,'StoreProduct','Фотопапір ColorWay 10*15, 240 г/м2, 100л, глянцевий','2012-06-04 16:49:22'),(2128,'admin',3,'StoreProduct','Фотопапір ColorWay 10*15, 260 г/м2,   20л, глянцевий','2012-06-04 16:49:22'),(2129,'admin',3,'StoreProduct','Фотопапір ColorWay 10*15, 260 г/м2,   20л, сатин мікропористий','2012-06-04 16:49:22'),(2130,'admin',3,'StoreProduct','Фотопапір ColorWay 10*15, 260 г/м2,   20л, суперглянцевий мікропористий','2012-06-04 16:49:22'),(2131,'admin',3,'StoreProduct','Фотопапір ColorWay 10*15, 260 г/м2,   20л, суперглянцевий шовковий','2012-06-04 16:49:22'),(2132,'admin',3,'StoreProduct','Фотопапір ColorWay 10*15, 260 г/м2,   50л, глянцевий','2012-06-04 16:49:22'),(2133,'admin',3,'StoreProduct','Фотопапір ColorWay 10*15, 260 г/м2, 100л, глянцевий','2012-06-04 16:49:22'),(2134,'admin',3,'StoreProduct','Фотопапір ColorWay A4, 140 г/м2,   50л, матовий двосторонній','2012-06-04 16:49:22'),(2135,'admin',3,'StoreProduct','Memory card Secure Digital Micro 16Gb Patriot SDHC(4) + SD adapter','2012-06-04 16:49:27'),(2136,'admin',3,'StoreProduct','Memory card Secure Digital Micro 16Gb Toshiba + SD adapter','2012-06-04 16:49:27'),(2137,'admin',3,'StoreProduct','Memory card Secure Digital Micro 16Gb Toshiba SDHC + SD adapter','2012-06-04 16:49:27'),(2138,'admin',3,'StoreProduct','Memory card Secure Digital Micro 2Gb Goodram Retail9+ adapter','2012-06-04 16:49:27'),(2139,'admin',3,'StoreProduct','Memory card Secure Digital Micro 2Gb GoodRam Slim Retail','2012-06-04 16:49:27'),(2140,'admin',3,'StoreProduct','Memory card Secure Digital Micro 2Gb Kingston','2012-06-04 16:49:27'),(2141,'admin',3,'StoreProduct','Memory card Secure Digital Micro 2Gb TakeMS 2 Gb Retail','2012-06-04 16:49:27'),(2142,'admin',3,'StoreProduct','Memory card Secure Digital Micro 4Gb GoodRam Retail9 + adapter','2012-06-04 16:49:27'),(2143,'admin',3,'StoreProduct','Memory card Secure Digital Micro 4Gb GoodRam SDHC class 4 Slim Retail','2012-06-04 16:49:27'),(2144,'admin',3,'StoreProduct','Memory card Secure Digital Micro 4Gb Kingston SDHC','2012-06-04 16:49:27'),(2145,'admin',3,'StoreProduct','Memory card Secure Digital Micro 4Gb Patriot SDHC(4)','2012-06-04 16:49:27'),(2146,'admin',3,'StoreProduct','Memory card Secure Digital Micro 4Gb TakeMS (class4) Retail','2012-06-04 16:49:27'),(2147,'admin',3,'StoreProduct','Memory card Secure Digital Micro 4Gb Toshiba','2012-06-04 16:49:27'),(2148,'admin',3,'StoreProduct','Memory card Secure Digital Micro 4Gb Toshiba + case + SD adapter','2012-06-04 16:49:27'),(2149,'admin',3,'StoreProduct','Memory card Secure Digital Micro 4Gb Transcend SDHC with adapter','2012-06-04 16:49:27'),(2150,'admin',3,'StoreProduct','Memory card Secure Digital Micro 8Gb GoodRam Retail9 + adapter','2012-06-04 16:49:27'),(2151,'admin',3,'StoreProduct','Memory card Secure Digital Micro 8Gb GoodRam SDHC(4)','2012-06-04 16:49:27'),(2152,'admin',3,'StoreProduct','Memory card Secure Digital Micro 8Gb Kingston SDHC','2012-06-04 16:49:27'),(2153,'admin',3,'StoreProduct','Memory card Secure Digital Micro 8Gb Patriot SDHC(10)','2012-06-04 16:49:27'),(2154,'admin',3,'StoreProduct','Memory card Secure Digital Micro 8Gb Patriot SDHC(4)','2012-06-04 16:49:27'),(2155,'admin',3,'StoreProduct','Memory card Secure Digital Micro 8Gb TakeMS SDHC(4) Retail','2012-06-04 16:49:27'),(2156,'admin',3,'StoreProduct','Memory card Secure Digital Micro 8Gb Toshiba SDHC(4)','2012-06-04 16:49:27'),(2157,'admin',3,'StoreProduct','Memory card Secure Digital Micro 8Gb Toshiba SDHC(4) + case + adapter','2012-06-04 16:49:27'),(2158,'admin',3,'StoreProduct','Memory card Secure Digital Micro 8Gb Transcend SDHC(6)','2012-06-04 16:49:27'),(2159,'admin',3,'StoreProduct','Memory card Secure Digital Micro 8Gb Transcend SDHC(6)+SD adapter','2012-06-04 16:49:28'),(2160,'admin',3,'StoreProduct','Memory card Secure Digital XC   64Gb Patriot Cl10','2012-06-04 16:49:28'),(2161,'admin',3,'StoreProduct','Захисний чохол iPhone Case, Modecom HANDY, чорний','2012-06-04 16:49:28'),(2162,'admin',3,'StoreProduct','Рюкзак для фото/відео камер    PORT Designs Casablanca','2012-06-04 16:49:28'),(2163,'admin',3,'StoreProduct','Фотопапір ACME A6 (10*15) 170 г/м2 20 л глянцевий (value pack)','2012-06-04 16:49:28'),(2164,'admin',3,'StoreProduct','Фотопапір Black Point A4, 230г/м2,  63л, глянцевий','2012-06-04 16:49:28'),(2165,'admin',3,'StoreProduct','Memory card Compact Flash 32Gb Patriot','2012-06-04 16:49:33'),(2166,'admin',3,'StoreProduct','Memory card Memory Stick M2 2Gb Goodram +pro Duo adapter','2012-06-04 16:49:33'),(2167,'admin',3,'StoreProduct','Memory card Memory Stick M2 4Gb Goodram +pro Duo adapter','2012-06-04 16:49:33'),(2168,'admin',3,'StoreProduct','Memory card Memory Stick M2 8Gb Goodram +pro Duo adapter','2012-06-04 16:49:33'),(2169,'admin',3,'StoreProduct','Memory card Secure Digital 16Gb SDHC GoodRam (cl4)','2012-06-04 16:49:33'),(2170,'admin',3,'StoreProduct','Memory card Secure Digital 16Gb Toshiba Retail SDHC class10','2012-06-04 16:49:33'),(2171,'admin',3,'StoreProduct','Memory card Secure Digital 16Gb Transcend 600X','2012-06-04 16:49:33'),(2172,'admin',3,'StoreProduct','Memory card Secure Digital 1Gb TakeMS 60x','2012-06-04 16:49:33'),(2173,'admin',3,'StoreProduct','Memory card Secure Digital 2Gb GoodRam New Retail 9','2012-06-04 16:49:33'),(2174,'admin',3,'StoreProduct','Memory card Secure Digital 32Gb SDHC Patriot class 10','2012-06-04 16:49:33'),(2175,'admin',3,'StoreProduct','Memory card Secure Digital 4Gb SDHC GoodRam - New Retail (cl6)','2012-06-04 16:49:33'),(2176,'admin',3,'StoreProduct','Memory card Secure Digital 4Gb SDHC GoodRam (cl6)','2012-06-04 16:49:33'),(2177,'admin',3,'StoreProduct','Memory card Secure Digital 4Gb SDHC Patriot Cl 6','2012-06-04 16:49:33'),(2178,'admin',3,'StoreProduct','Memory card Secure Digital 4Gb SDHC Transcend Cl4','2012-06-04 16:49:33'),(2179,'admin',3,'StoreProduct','Memory card Secure Digital 4Gb Toshiba Retail SDHC class2','2012-06-04 16:49:33'),(2180,'admin',3,'StoreProduct','Memory card Secure Digital 4Gb Toshiba Retail SDHC class4','2012-06-04 16:49:33'),(2181,'admin',3,'StoreProduct','Memory card Secure Digital 4Gb, SDHC, Kingston (cl)','2012-06-04 16:49:34'),(2182,'admin',3,'StoreProduct','Memory card Secure Digital 8Gb SDHC GoodRam (cl6)','2012-06-04 16:49:34'),(2183,'admin',3,'StoreProduct','Memory card Secure Digital 8Gb SDHC GoodRam (cl6) Slim Retail','2012-06-04 16:49:34'),(2184,'admin',3,'StoreProduct','Memory card Secure Digital 8Gb SDHC Patriot Class 10','2012-06-04 16:49:34'),(2185,'admin',3,'StoreProduct','Memory card Secure Digital 8Gb SDHC Patriot class 6','2012-06-04 16:49:34'),(2186,'admin',3,'StoreProduct','Memory card Secure Digital 8Gb SDHC Transcend Cl2','2012-06-04 16:49:34'),(2187,'admin',3,'StoreProduct','Memory card Secure Digital 8Gb SDHC Transcend Cl4','2012-06-04 16:49:34'),(2188,'admin',3,'StoreProduct','Memory card Secure Digital 8Gb Toshiba Retail SDHC class10','2012-06-04 16:49:34'),(2189,'admin',3,'StoreProduct','Memory card Secure Digital 8Gb Toshiba Retail SDHC class2','2012-06-04 16:49:34'),(2190,'admin',3,'StoreProduct','Memory card Secure Digital 8Gb Toshiba Retail SDHC class6','2012-06-04 16:49:34'),(2191,'admin',3,'StoreProduct','Memory card Secure Digital 8Gb, Kingston class4','2012-06-04 16:49:34'),(2192,'admin',3,'StoreProduct','Memory card Secure Digital Micro 16Gb GoodRam Retail9+ adapter','2012-06-04 16:49:34'),(2193,'admin',3,'StoreProduct','Memory card Secure Digital Micro 16Gb GoodRam SDHC(2)','2012-06-04 16:49:34'),(2194,'admin',3,'StoreProduct','Memory card Secure Digital Micro 2Gb Patriot 3 in 1','2012-06-04 16:49:34'),(2195,'admin',3,'StoreProduct','Штатив Slik S-Pod S-200 SL мині','2012-06-04 16:49:38'),(2196,'admin',3,'StoreProduct','Штатив Slik S-Pod SJ-32GM','2012-06-04 16:49:38'),(2197,'admin',3,'StoreProduct','Штатив Velbon C-500/F','2012-06-04 16:49:39'),(2198,'admin',3,'StoreProduct','Штатив Velbon C-600/F','2012-06-04 16:49:39'),(2199,'admin',3,'StoreProduct','Штатив Velbon CX-200T/F','2012-06-04 16:49:39'),(2200,'admin',3,'StoreProduct','Штатив Velbon CX-300T/F','2012-06-04 16:49:39'),(2201,'admin',3,'StoreProduct','Штатив Velbon CX-440/F','2012-06-04 16:49:39'),(2202,'admin',3,'StoreProduct','Штатив Velbon CX-444F','2012-06-04 16:49:39'),(2203,'admin',3,'StoreProduct','Штатив Velbon CX-888/F','2012-06-04 16:49:39'),(2204,'admin',3,'StoreProduct','(у) Цифр.фотоапарат Canon PowerShot A1100 IS Silver','2012-06-04 16:49:39'),(2205,'admin',3,'StoreProduct','(у) Цифр.фотоапарат Canon PowerShot A1100 IS Silver','2012-06-04 16:49:39'),(2206,'admin',3,'StoreProduct','(у) Цифр.фотоапарат Canon PowerShot A1100 IS Silver','2012-06-04 16:49:39'),(2207,'admin',3,'StoreProduct','Epson 10x15см 500л, 225г/м2, Glossy Photo Paper, C13S042201','2012-06-04 16:49:39'),(2208,'admin',3,'StoreProduct','Epson 10x15см 500л, 225г/м2, Semi-Glossy Photo Paper, C13S042200','2012-06-04 16:49:39'),(2209,'admin',3,'StoreProduct','Epson 10х15см, 100л., Premium Glossy Photo Paper','2012-06-04 16:49:39'),(2210,'admin',3,'StoreProduct','Epson A4 20л, 251г/м2, Prem.Semigl.Paper, C13S041332','2012-06-04 16:49:39'),(2211,'admin',3,'StoreProduct','Epson A4 Photo Paper,','2012-06-04 16:49:39'),(2212,'admin',3,'StoreProduct','HP 24\"x30m, C6029С, Heavyweight Coated Paper -- 130 г/м2,','2012-06-04 16:49:39'),(2213,'admin',3,'StoreProduct','HP 24\"x45m, C6035A, Bright White Inkjet Paper','2012-06-04 16:49:39'),(2214,'admin',3,'StoreProduct','HP 36\"x30m, C6030С, Heavyweight Coated Paper','2012-06-04 16:49:39'),(2215,'admin',3,'StoreProduct','HP 42\"x45m, Q1406A, Coated Paper','2012-06-04 16:49:39'),(2216,'admin',3,'StoreProduct','HP A4, C6951A, 20л, Premium Plus Photo Paper satin-matt','2012-06-04 16:49:39'),(2217,'admin',3,'StoreProduct','Memory card Compact Flash 16Gb Patriot','2012-06-04 16:49:39'),(2218,'admin',3,'StoreProduct','Memory card Compact Flash 16Gb Pretec 233X','2012-06-04 16:49:39'),(2219,'admin',3,'StoreProduct','Memory card Compact Flash 32Gb Patriot','2012-06-04 16:49:39'),(2220,'admin',3,'StoreProduct','Memory card Compact Flash 4G Pretec 40x','2012-06-04 16:49:39'),(2221,'admin',3,'StoreProduct','Memory card Compact Flash 4Gb Patriot','2012-06-04 16:49:39'),(2222,'admin',3,'StoreProduct','Memory card Compact Flash 64Gb Patriot','2012-06-04 16:49:39'),(2223,'admin',3,'StoreProduct','Memory card Compact Flash 8Gb Patriot','2012-06-04 16:49:39'),(2224,'admin',3,'StoreProduct','Memory card Compact Flash 8Gb Patriot','2012-06-04 16:49:39'),(2225,'admin',3,'StoreProduct','Цифр.фотоапарат Nikon Coolpix S5100 Black','2012-06-04 16:49:44'),(2226,'admin',3,'StoreProduct','Цифр.фотоапарат Nikon D-3100 KIT AF-S DX 18-55 VR','2012-06-04 16:49:44'),(2227,'admin',3,'StoreProduct','Цифр.фотоапарат Nikon D-5000 KIT AF-S DX 18-55 VR','2012-06-04 16:49:44'),(2228,'admin',3,'StoreProduct','Цифр.фотоапарат Nikon D3100 KIT 18-105 VR 2коробки!!!','2012-06-04 16:49:45'),(2229,'admin',3,'StoreProduct','Цифр.фотоапарат Olympus SP-600 UltraZoom Black','2012-06-04 16:49:45'),(2230,'admin',3,'StoreProduct','Цифр.фотоапарат Olympus SP-800 UltraZoom Silver','2012-06-04 16:49:45'),(2231,'admin',3,'StoreProduct','Цифр.фотоапарат PANASONIC DMC-FH25 Black','2012-06-04 16:49:45'),(2232,'admin',3,'StoreProduct','Цифр.фотоапарат Ricoh Caplio R4 Silver','2012-06-04 16:49:45'),(2233,'admin',3,'StoreProduct','Цифр.фотоапарат SONY Cyber-Shot S2000 Black','2012-06-04 16:49:45'),(2234,'admin',3,'StoreProduct','Цифр.фотоапарат SONY Cyber-Shot S2000 Silver','2012-06-04 16:49:45'),(2235,'admin',3,'StoreProduct','Цифр.фотоапарат SONY Cyber-Shot S2100 Black','2012-06-04 16:49:45'),(2236,'admin',3,'StoreProduct','Цифр.фотоапарат SONY Cyber-Shot S2100 Orange','2012-06-04 16:49:45'),(2237,'admin',3,'StoreProduct','Цифр.фотоапарат SONY Cyber-Shot S2100 Silver','2012-06-04 16:49:45'),(2238,'admin',3,'StoreProduct','Цифр.фотоапарат SONY Cyber-Shot S3000 Black','2012-06-04 16:49:45'),(2239,'admin',3,'StoreProduct','Цифр.фотоапарат SONY Cyber-Shot S3000 Silver','2012-06-04 16:49:45'),(2240,'admin',3,'StoreProduct','Цифр.фотоапарат SONY Cyber-Shot T99 Violet','2012-06-04 16:49:45'),(2241,'admin',3,'StoreProduct','Цифр.фотоапарат SONY Cyber-Shot W310 Pink','2012-06-04 16:49:45'),(2242,'admin',3,'StoreProduct','Цифр.фотоапарат SONY Cyber-Shot W310 срібний','2012-06-04 16:49:45'),(2243,'admin',3,'StoreProduct','Цифр.фотоапарат SONY Cyber-Shot W310 чорний','2012-06-04 16:49:45'),(2244,'admin',3,'StoreProduct','Цифр.фотоапарат SONY Cyber-Shot W320 Pink','2012-06-04 16:49:45'),(2245,'admin',3,'StoreProduct','Цифр.фотоапарат SONY Cyber-Shot W320 срібний','2012-06-04 16:49:45'),(2246,'admin',3,'StoreProduct','Цифр.фотоапарат SONY Cyber-Shot W320 чорний','2012-06-04 16:49:45'),(2247,'admin',3,'StoreProduct','Цифр.фотоапарат SONY Cyber-Shot W330 чорний','2012-06-04 16:49:45'),(2248,'admin',3,'StoreProduct','Цифр.фотоапарат SONY Cyber-Shot W510 Pink','2012-06-04 16:49:45'),(2249,'admin',3,'StoreProduct','Цифр.фотоапарат SONY Cyber-Shot W510 чорний','2012-06-04 16:49:45'),(2250,'admin',3,'StoreProduct','Чохол для фото/відео камер PORT Designs Casablanca Bag Camcorder','2012-06-04 16:49:45'),(2251,'admin',3,'StoreProduct','Штатив Slik Mirage Light blue міні','2012-06-04 16:49:45'),(2252,'admin',3,'StoreProduct','Штатив Slik Pro 700 DX','2012-06-04 16:49:45'),(2253,'admin',3,'StoreProduct','Штатив Slik S-Pod S-100 BKS-100 чорний','2012-06-04 16:49:46'),(2254,'admin',3,'StoreProduct','Штатив Slik S-Pod S-200 black мині','2012-06-04 16:49:46'),(2255,'admin',3,'StoreProduct','Цифр.фотоапарат Canon PowerShot A3000 IS Silver','2012-06-04 16:49:50'),(2256,'admin',3,'StoreProduct','Цифр.фотоапарат Canon PowerShot A490 Silver','2012-06-04 16:49:50'),(2257,'admin',3,'StoreProduct','Цифр.фотоапарат Canon PowerShot A495 Silver','2012-06-04 16:49:50'),(2258,'admin',3,'StoreProduct','Цифр.фотоапарат Canon PowerShot A800 Black','2012-06-04 16:49:51'),(2259,'admin',3,'StoreProduct','Цифр.фотоапарат Canon PowerShot A800 Red','2012-06-04 16:49:51'),(2260,'admin',3,'StoreProduct','Цифр.фотоапарат Canon PowerShot A800 Silver','2012-06-04 16:49:51'),(2261,'admin',3,'StoreProduct','Цифр.фотоапарат Canon PowerShot SX120 IS чорний','2012-06-04 16:49:51'),(2262,'admin',3,'StoreProduct','Цифр.фотоапарат Canon PowerShot SX130 IS срібний','2012-06-04 16:49:51'),(2263,'admin',3,'StoreProduct','Цифр.фотоапарат Canon PowerShot SX210 IS Gold','2012-06-04 16:49:51'),(2264,'admin',3,'StoreProduct','Цифр.фотоапарат Canon PowerShot SX210 IS Pur','2012-06-04 16:49:51'),(2265,'admin',3,'StoreProduct','Цифр.фотоапарат Canon PowerShot SX210 IS чорний','2012-06-04 16:49:51'),(2266,'admin',3,'StoreProduct','Цифр.фотоапарат FUJI FinePix S2950 ,чорний','2012-06-04 16:49:51'),(2267,'admin',3,'StoreProduct','Цифр.фотоапарат KODAK  C122, срібний','2012-06-04 16:49:51'),(2268,'admin',3,'StoreProduct','Цифр.фотоапарат Nikon Coolpix L21 Silver','2012-06-04 16:49:51'),(2269,'admin',3,'StoreProduct','Цифр.фотоапарат Nikon Coolpix L22 Silver','2012-06-04 16:49:51'),(2270,'admin',3,'StoreProduct','Цифр.фотоапарат Nikon Coolpix L23 Black','2012-06-04 16:49:51'),(2271,'admin',3,'StoreProduct','Цифр.фотоапарат Nikon Coolpix L23 Pink','2012-06-04 16:49:51'),(2272,'admin',3,'StoreProduct','Цифр.фотоапарат Nikon CoolPix P300, чорний','2012-06-04 16:49:51'),(2273,'admin',3,'StoreProduct','Цифр.фотоапарат Nikon CoolPix P500, чорний','2012-06-04 16:49:51'),(2274,'admin',3,'StoreProduct','Цифр.фотоапарат Nikon Coolpix S2500 Black','2012-06-04 16:49:51'),(2275,'admin',3,'StoreProduct','Цифр.фотоапарат Nikon Coolpix S2500 Pink','2012-06-04 16:49:51'),(2276,'admin',3,'StoreProduct','Цифр.фотоапарат Nikon Coolpix S2500 Silver','2012-06-04 16:49:51'),(2277,'admin',3,'StoreProduct','Цифр.фотоапарат Nikon Coolpix S3000 Black','2012-06-04 16:49:51'),(2278,'admin',3,'StoreProduct','Цифр.фотоапарат Nikon Coolpix S3000 Blue','2012-06-04 16:49:51'),(2279,'admin',3,'StoreProduct','Цифр.фотоапарат Nikon Coolpix S3000 Green','2012-06-04 16:49:51'),(2280,'admin',3,'StoreProduct','Цифр.фотоапарат Nikon Coolpix S3000 Magenta','2012-06-04 16:49:51'),(2281,'admin',3,'StoreProduct','Цифр.фотоапарат Nikon Coolpix S3000 Orange','2012-06-04 16:49:51'),(2282,'admin',3,'StoreProduct','Цифр.фотоапарат Nikon Coolpix S3000 Silver','2012-06-04 16:49:51'),(2283,'admin',3,'StoreProduct','Цифр.фотоапарат Nikon Coolpix S3100 Black','2012-06-04 16:49:51'),(2284,'admin',3,'StoreProduct','Цифр.фотоапарат Nikon Coolpix S4000 Black','2012-06-04 16:49:51'),(2285,'admin',3,'StoreProduct','Фотопапір рулонний ColorWay, 36\"x30m, 135 г/м2, глянцевий','2012-06-04 16:49:56'),(2286,'admin',3,'StoreProduct','Футляр для GPS 4,7\" PORT Designs  Pouch LIMA 4 3 4 7','2012-06-04 16:49:56'),(2287,'admin',3,'StoreProduct','Футляр для фото камер VAX 8005 Aribau Grey сірий','2012-06-04 16:49:56'),(2288,'admin',3,'StoreProduct','Футляр для фото/відео камер PORT Designs Casablanca L','2012-06-04 16:49:56'),(2289,'admin',3,'StoreProduct','Футляр для фото/відео камер PORT Designs Casablanca L Black чорно-сіра','2012-06-04 16:49:56'),(2290,'admin',3,'StoreProduct','Футляр для фото/відео камер PORT Designs Casablanca S','2012-06-04 16:49:56'),(2291,'admin',3,'StoreProduct','Футляр для фото/відео камер PORT Designs Casablanca S Black чорно-сіра','2012-06-04 16:49:56'),(2292,'admin',3,'StoreProduct','Футляр для фото/відео камер PORT Designs Ibiza L Black чорно-оранжева','2012-06-04 16:49:56'),(2293,'admin',3,'StoreProduct','Футляр для фото/відео камер PORT Designs Ibiza S Black чорно-оранжева','2012-06-04 16:49:56'),(2294,'admin',3,'StoreProduct','Футляр для фото/відео камер PORT Designs Ibiza SLR L Black чорно-оранжева','2012-06-04 16:49:57'),(2295,'admin',3,'StoreProduct','Футляр для фото/відео камер PORT Designs Ibiza SLR S Black чорно-оранжева','2012-06-04 16:49:57'),(2296,'admin',3,'StoreProduct','Цифр. відеокамера Canon FS306 Legria Blue','2012-06-04 16:49:57'),(2297,'admin',3,'StoreProduct','Цифр. відеокамера Canon FS306 Legria Red','2012-06-04 16:49:57'),(2298,'admin',3,'StoreProduct','Цифр. відеокамера Canon FS306 Legria Silver','2012-06-04 16:49:57'),(2299,'admin',3,'StoreProduct','Цифр. відеокамера Panasonic HDC-SD60EE-K, чорна','2012-06-04 16:49:57'),(2300,'admin',3,'StoreProduct','Цифр. відеокамера Panasonic SDR-H85EE-S срібна','2012-06-04 16:49:57'),(2301,'admin',3,'StoreProduct','Цифр. відеокамера Panasonic SDR-S50EE-K, чорна','2012-06-04 16:49:57'),(2302,'admin',3,'StoreProduct','Цифр. відеокамера Panasonic SDR-T50EE-K, чорна','2012-06-04 16:49:57'),(2303,'admin',3,'StoreProduct','Цифр. відеокамера Samsung VP-D381','2012-06-04 16:49:57'),(2304,'admin',3,'StoreProduct','Цифр. відеокамера Sony DCR-SX44E, срібна','2012-06-04 16:49:57'),(2305,'admin',3,'StoreProduct','Цифр.фотоапарат BenQ DC C1430 Black','2012-06-04 16:49:57'),(2306,'admin',3,'StoreProduct','Цифр.фотоапарат BenQ DC C1430 Silver','2012-06-04 16:49:57'),(2307,'admin',3,'StoreProduct','Цифр.фотоапарат Canon IXUS 130 IS black','2012-06-04 16:49:57'),(2308,'admin',3,'StoreProduct','Цифр.фотоапарат Canon IXUS 130 IS orange','2012-06-04 16:49:57'),(2309,'admin',3,'StoreProduct','Цифр.фотоапарат Canon IXUS 210 IS black','2012-06-04 16:49:57'),(2310,'admin',3,'StoreProduct','Цифр.фотоапарат Canon IXUS 300 HS black','2012-06-04 16:49:57'),(2311,'admin',3,'StoreProduct','Цифр.фотоапарат Canon IXUS 95 IS Blue','2012-06-04 16:49:57'),(2312,'admin',3,'StoreProduct','Цифр.фотоапарат Canon PowerShot A1100 IS Silver','2012-06-04 16:49:57'),(2313,'admin',3,'StoreProduct','Цифр.фотоапарат Canon PowerShot A2200 IS Silver','2012-06-04 16:49:57'),(2314,'admin',3,'StoreProduct','Цифр.фотоапарат Canon PowerShot A3100 IS Silver','2012-06-04 16:49:57'),(2315,'admin',3,'StoreProduct','Фотопапір ColorWay A4, 135 г/м2,   20л, матовий','2012-06-04 16:50:02'),(2316,'admin',3,'StoreProduct','Фотопапір ColorWay A4, 135 г/м2,  100л, матовий','2012-06-04 16:50:02'),(2317,'admin',3,'StoreProduct','Фотопапір ColorWay A4, 140 г/м2,   50л, матовий двосторонній','2012-06-04 16:50:02'),(2318,'admin',3,'StoreProduct','Фотопапір ColorWay A4, 150 г/м2,   100л, глянцевий','2012-06-04 16:50:02'),(2319,'admin',3,'StoreProduct','Фотопапір ColorWay A4, 150 г/м2,   20л, глянцевий','2012-06-04 16:50:02'),(2320,'admin',3,'StoreProduct','Фотопапір ColorWay A4, 150 г/м2,   50л, глянцевий','2012-06-04 16:50:02'),(2321,'admin',3,'StoreProduct','Фотопапір ColorWay A4, 155 г/м2,   50л, глянцевий двoсторонній','2012-06-04 16:50:02'),(2322,'admin',3,'StoreProduct','Фотопапір ColorWay A4, 180 г/м2,   20л, глянцевий','2012-06-04 16:50:02'),(2323,'admin',3,'StoreProduct','Фотопапір ColorWay A4, 180 г/м2,   50л, глянцевий','2012-06-04 16:50:02'),(2324,'admin',3,'StoreProduct','Фотопапір ColorWay A4, 190 г/м2,   20л, матовий','2012-06-04 16:50:02'),(2325,'admin',3,'StoreProduct','Фотопапір ColorWay A4, 210 г/м2,   20л, глянцевий','2012-06-04 16:50:02'),(2326,'admin',3,'StoreProduct','Фотопапір ColorWay A4, 210 г/м2,   50л, глянцевий','2012-06-04 16:50:02'),(2327,'admin',3,'StoreProduct','Фотопапір ColorWay A4, 220 г/м2,   20л, глянцевий двoсторонній','2012-06-04 16:50:02'),(2328,'admin',3,'StoreProduct','Фотопапір ColorWay A4, 220 г/м2,   50л, глянцевий двoсторонній','2012-06-04 16:50:02'),(2329,'admin',3,'StoreProduct','Фотопапір ColorWay A4, 220 г/м2,   50л, матовий двосторонній','2012-06-04 16:50:02'),(2330,'admin',3,'StoreProduct','Фотопапір ColorWay A4, 240 г/м2,   20л, глянцевий','2012-06-04 16:50:02'),(2331,'admin',3,'StoreProduct','Фотопапір ColorWay A4, 240 г/м2,   20л, суперглянцевий','2012-06-04 16:50:02'),(2332,'admin',3,'StoreProduct','Фотопапір ColorWay A4, 240 г/м2,   50л, глянцевий','2012-06-04 16:50:02'),(2333,'admin',3,'StoreProduct','Фотопапір ColorWay A4, 240 г/м2,   50л, суперглянцевий','2012-06-04 16:50:02'),(2334,'admin',3,'StoreProduct','Фотопапір ColorWay A4, 260 г/м2,   20л, сатин мікропористий','2012-06-04 16:50:02'),(2335,'admin',3,'StoreProduct','Фотопапір ColorWay A4, 260 г/м2,   20л, суперглянцевий','2012-06-04 16:50:02'),(2336,'admin',3,'StoreProduct','Фотопапір ColorWay A4, 260 г/м2,   20л, суперглянцевий шовковий','2012-06-04 16:50:03'),(2337,'admin',3,'StoreProduct','Фотопапір ColorWay A4, 260 г/м2,   50л, суперглянцевий','2012-06-04 16:50:03'),(2338,'admin',3,'StoreProduct','Фотопапір рулонний ColorWay, 24\"x30m, 135 г/м2, глянцевий','2012-06-04 16:50:03'),(2339,'admin',3,'StoreProduct','Футляр для фото камер LC Sport-129, Black чорний','2012-06-04 16:50:03'),(2340,'admin',3,'StoreProduct','Футляр для фото камер LC Sport-239, Black чорний','2012-06-04 16:50:03'),(2341,'admin',3,'StoreProduct','Футляр для фото камер Sony LCS-TWС/C для T, W серії, світло-коричнева','2012-06-04 16:50:03'),(2342,'admin',3,'StoreProduct','Футляр для фото камер VAX 8001 Aribau Black чорний','2012-06-04 16:50:03'),(2343,'admin',3,'StoreProduct','Футляр для фото камер VAX 8002 Aribau Orange оранжевий','2012-06-04 16:50:03'),(2344,'admin',3,'StoreProduct','Футляр для фото камер VAX 8003 Aribau Red червоний','2012-06-04 16:50:03'),(2345,'admin',3,'StoreProduct','Фотопапір ACME A4 115 г/м2 100л глянцевий (value pack)','2012-06-04 16:50:07'),(2346,'admin',3,'StoreProduct','Фотопапір ACME A6 (10*15) 170 г/м2 20 л глянцевий (value pack)','2012-06-04 16:50:07'),(2347,'admin',3,'StoreProduct','Фотопапір Black Point A4, 230г/м2,  63л, глянцевий','2012-06-04 16:50:07'),(2348,'admin',3,'StoreProduct','Фотопапір Black Point A4, 260г/м2,  25л, глянцевий','2012-06-04 16:50:07'),(2349,'admin',3,'StoreProduct','Фотопапір Black Point A4, 260г/м2,  63л, глянцевий','2012-06-04 16:50:07'),(2350,'admin',3,'StoreProduct','Фотопапір Black Point A6(10*15), 260г/м2,  125л, глянцевий','2012-06-04 16:50:07'),(2351,'admin',3,'StoreProduct','Фотопапір Black Point A6(10*15), 260г/м2,  32л, глянцевий','2012-06-04 16:50:07'),(2352,'admin',3,'StoreProduct','Фотопапір ColorWay 10*15, 150 г/м2,   50л, глянцевий','2012-06-04 16:50:07'),(2353,'admin',3,'StoreProduct','Фотопапір ColorWay 10*15, 180 г/м2, 100л, глянцевий','2012-06-04 16:50:08'),(2354,'admin',3,'StoreProduct','Фотопапір ColorWay 10*15, 180 г/м2, 20л, глянцевий','2012-06-04 16:50:08'),(2355,'admin',3,'StoreProduct','Фотопапір ColorWay 10*15, 180 г/м2, 500л, глянцевий','2012-06-04 16:50:08'),(2356,'admin',3,'StoreProduct','Фотопапір ColorWay 10*15, 180 г/м2, 50л, глянцевий','2012-06-04 16:50:08'),(2357,'admin',3,'StoreProduct','Фотопапір ColorWay 10*15, 190 г/м2,  20л, матовий','2012-06-04 16:50:08'),(2358,'admin',3,'StoreProduct','Фотопапір ColorWay 10*15, 190 г/м2,  50л, матовий','2012-06-04 16:50:08'),(2359,'admin',3,'StoreProduct','Фотопапір ColorWay 10*15, 190 г/м2, 100л, матовий','2012-06-04 16:50:08'),(2360,'admin',3,'StoreProduct','Фотопапір ColorWay 10*15, 210 г/м2, 100л, глянцевий','2012-06-04 16:50:08'),(2361,'admin',3,'StoreProduct','Фотопапір ColorWay 10*15, 210 г/м2, 500л, глянцевий','2012-06-04 16:50:08'),(2362,'admin',3,'StoreProduct','Фотопапір ColorWay 10*15, 240 г/м2,   20л, глянцевий','2012-06-04 16:50:08'),(2363,'admin',3,'StoreProduct','Фотопапір ColorWay 10*15, 240 г/м2,   50л, глянцевий','2012-06-04 16:50:08'),(2364,'admin',3,'StoreProduct','Фотопапір ColorWay 10*15, 240 г/м2, 100л, глянцевий','2012-06-04 16:50:08'),(2365,'admin',3,'StoreProduct','Фотопапір ColorWay 10*15, 260 г/м2,   20л, глянцевий','2012-06-04 16:50:08'),(2366,'admin',3,'StoreProduct','Фотопапір ColorWay 10*15, 260 г/м2,   20л, сатин мікропористий','2012-06-04 16:50:08'),(2367,'admin',3,'StoreProduct','Фотопапір ColorWay 10*15, 260 г/м2,   20л, суперглянцевий мікропористий','2012-06-04 16:50:08'),(2368,'admin',3,'StoreProduct','Фотопапір ColorWay 10*15, 260 г/м2,   20л, суперглянцевий шовковий','2012-06-04 16:50:08'),(2369,'admin',3,'StoreProduct','Фотопапір ColorWay 10*15, 260 г/м2,   50л, глянцевий','2012-06-04 16:50:08'),(2370,'admin',3,'StoreProduct','Фотопапір ColorWay 10*15, 260 г/м2, 100л, глянцевий','2012-06-04 16:50:08'),(2371,'admin',3,'StoreProduct','Фотопапір ColorWay A4, 108 г/м2,   50л, матовий','2012-06-04 16:50:08'),(2372,'admin',3,'StoreProduct','Фотопапір ColorWay A4, 108 г/м2, 100л, матовий','2012-06-04 16:50:08'),(2373,'admin',3,'StoreProduct','Фотопапір ColorWay A4, 130 г/м2,   100л, глянцевий','2012-06-04 16:50:08'),(2374,'admin',3,'StoreProduct','Фотопапір ColorWay A4, 130 г/м2,   20л, глянцевий','2012-06-04 16:50:08'),(2375,'admin',3,'StoreProduct','Memory card Secure Digital Micro 2Gb GoodRam Slim Retail','2012-06-04 16:50:13'),(2376,'admin',3,'StoreProduct','Memory card Secure Digital Micro 2Gb Kingston','2012-06-04 16:50:13'),(2377,'admin',3,'StoreProduct','Memory card Secure Digital Micro 2Gb Patriot 3 in 1','2012-06-04 16:50:13'),(2378,'admin',3,'StoreProduct','Memory card Secure Digital Micro 2Gb TakeMS 2 Gb Retail','2012-06-04 16:50:13'),(2379,'admin',3,'StoreProduct','Memory card Secure Digital Micro 4Gb GoodRam Retail9 + adapter','2012-06-04 16:50:13'),(2380,'admin',3,'StoreProduct','Memory card Secure Digital Micro 4Gb GoodRam SDHC class 4 Slim Retail','2012-06-04 16:50:13'),(2381,'admin',3,'StoreProduct','Memory card Secure Digital Micro 4Gb Kingston SDHC','2012-06-04 16:50:13'),(2382,'admin',3,'StoreProduct','Memory card Secure Digital Micro 4Gb Patriot SDHC(4)','2012-06-04 16:50:13'),(2383,'admin',3,'StoreProduct','Memory card Secure Digital Micro 4Gb TakeMS (class4) Retail','2012-06-04 16:50:13'),(2384,'admin',3,'StoreProduct','Memory card Secure Digital Micro 4Gb Toshiba','2012-06-04 16:50:13'),(2385,'admin',3,'StoreProduct','Memory card Secure Digital Micro 4Gb Toshiba + case + SD adapter','2012-06-04 16:50:13'),(2386,'admin',3,'StoreProduct','Memory card Secure Digital Micro 4Gb Transcend SDHC with adapter','2012-06-04 16:50:13'),(2387,'admin',3,'StoreProduct','Memory card Secure Digital Micro 8Gb GoodRam Retail9 + adapter','2012-06-04 16:50:13'),(2388,'admin',3,'StoreProduct','Memory card Secure Digital Micro 8Gb GoodRam SDHC(4)','2012-06-04 16:50:13'),(2389,'admin',3,'StoreProduct','Memory card Secure Digital Micro 8Gb Kingston SDHC','2012-06-04 16:50:13'),(2390,'admin',3,'StoreProduct','Memory card Secure Digital Micro 8Gb Patriot SDHC(10)','2012-06-04 16:50:13'),(2391,'admin',3,'StoreProduct','Memory card Secure Digital Micro 8Gb Patriot SDHC(4)','2012-06-04 16:50:14'),(2392,'admin',3,'StoreProduct','Memory card Secure Digital Micro 8Gb TakeMS SDHC(4) Retail','2012-06-04 16:50:14'),(2393,'admin',3,'StoreProduct','Memory card Secure Digital Micro 8Gb Toshiba SDHC(4)','2012-06-04 16:50:14'),(2394,'admin',3,'StoreProduct','Memory card Secure Digital Micro 8Gb Toshiba SDHC(4) + case + adapter','2012-06-04 16:50:14'),(2395,'admin',3,'StoreProduct','Memory card Secure Digital Micro 8Gb Transcend SDHC(6)','2012-06-04 16:50:14'),(2396,'admin',3,'StoreProduct','Memory card Secure Digital Micro 8Gb Transcend SDHC(6)+SD adapter','2012-06-04 16:50:14'),(2397,'admin',3,'StoreProduct','Memory card Secure Digital XC   64Gb Patriot Cl10','2012-06-04 16:50:14'),(2398,'admin',3,'StoreProduct','Захисний чохол iPhone Case, Modecom HANDY, чорний','2012-06-04 16:50:14'),(2399,'admin',3,'StoreProduct','Рюкзак для фото/відео камер    PORT Designs Casablanca','2012-06-04 16:50:14'),(2400,'admin',3,'StoreProduct','Фотопапір ACME A4 150 г/м2  50л глянцевий (value pack)','2012-06-04 16:50:14'),(2401,'admin',3,'StoreProduct','Фотопапір ACME A4 170 г/м2  100л глянцевий  (value pack)','2012-06-04 16:50:14'),(2402,'admin',3,'StoreProduct','Фотопапір ACME A4 170 г/м2  20л глянцевий (value pack)','2012-06-04 16:50:14'),(2403,'admin',3,'StoreProduct','Фотопапір ACME A6 (10*15) 115 г/м2 100л глянцевий (value pack)','2012-06-04 16:50:14'),(2404,'admin',3,'StoreProduct','Фотопапір ACME A6 (10*15) 150 г/м2 100л глянцевий (value pack)','2012-06-04 16:50:14'),(2405,'admin',3,'StoreProduct','Memory card Secure Digital Micro 2Gb Goodram Retail9+ adapter','2012-06-04 16:50:18'),(2406,'admin',3,'StoreProduct','Memory card Secure Digital Micro 16Gb Toshiba SDHC + SD adapter','2012-06-04 16:50:18'),(2407,'admin',3,'StoreProduct','Memory card Secure Digital Micro 16Gb Toshiba + SD adapter','2012-06-04 16:50:18'),(2408,'admin',3,'StoreProduct','Memory card Secure Digital Micro 16Gb Patriot SDHC(4) + SD adapter','2012-06-04 16:50:19'),(2409,'admin',3,'StoreProduct','Memory card Secure Digital Micro 16Gb GoodRam SDHC(2)','2012-06-04 16:50:19'),(2410,'admin',3,'StoreProduct','Memory card Secure Digital Micro 16Gb GoodRam Retail9+ adapter','2012-06-04 16:50:19'),(2411,'admin',3,'StoreProduct','Memory card Secure Digital 8Gb, Kingston class4','2012-06-04 16:50:19'),(2412,'admin',3,'StoreProduct','Memory card Secure Digital 8Gb Toshiba Retail SDHC class6','2012-06-04 16:50:19'),(2413,'admin',3,'StoreProduct','Memory card Secure Digital 8Gb Toshiba Retail SDHC class2','2012-06-04 16:50:19'),(2414,'admin',3,'StoreProduct','Memory card Secure Digital 8Gb Toshiba Retail SDHC class10','2012-06-04 16:50:19'),(2415,'admin',3,'StoreProduct','Memory card Secure Digital 8Gb SDHC Transcend Cl4','2012-06-04 16:50:19'),(2416,'admin',3,'StoreProduct','Memory card Secure Digital 8Gb SDHC Transcend Cl2','2012-06-04 16:50:19'),(2417,'admin',3,'StoreProduct','Memory card Secure Digital 8Gb SDHC Patriot class 6','2012-06-04 16:50:19'),(2418,'admin',3,'StoreProduct','Memory card Secure Digital 8Gb SDHC Patriot Class 10','2012-06-04 16:50:19'),(2419,'admin',3,'StoreProduct','Memory card Secure Digital 8Gb SDHC GoodRam (cl6) Slim Retail','2012-06-04 16:50:19'),(2420,'admin',3,'StoreProduct','Memory card Secure Digital 8Gb SDHC GoodRam (cl6)','2012-06-04 16:50:19'),(2421,'admin',3,'StoreProduct','Memory card Secure Digital 4Gb, SDHC, Kingston (cl)','2012-06-04 16:50:19'),(2422,'admin',3,'StoreProduct','Memory card Secure Digital 4Gb Toshiba Retail SDHC class4','2012-06-04 16:50:19'),(2423,'admin',3,'StoreProduct','Memory card Secure Digital 4Gb Toshiba Retail SDHC class2','2012-06-04 16:50:19'),(2424,'admin',3,'StoreProduct','Memory card Secure Digital 4Gb SDHC Transcend Cl4','2012-06-04 16:50:19'),(2425,'admin',3,'StoreProduct','Memory card Memory Stick M2 2Gb Goodram +pro Duo adapter','2012-06-04 16:50:19'),(2426,'admin',3,'StoreProduct','Memory card Memory Stick M2 4Gb Goodram +pro Duo adapter','2012-06-04 16:50:19'),(2427,'admin',3,'StoreProduct','Memory card Memory Stick M2 8Gb Goodram +pro Duo adapter','2012-06-04 16:50:19'),(2428,'admin',3,'StoreProduct','Memory card Secure Digital 16Gb SDHC GoodRam (cl4)','2012-06-04 16:50:19'),(2429,'admin',3,'StoreProduct','Memory card Secure Digital 16Gb Toshiba Retail SDHC class10','2012-06-04 16:50:19'),(2430,'admin',3,'StoreProduct','Memory card Secure Digital 2Gb GoodRam New Retail 9','2012-06-04 16:50:19'),(2431,'admin',3,'StoreProduct','Memory card Secure Digital 32Gb SDHC Patriot class 10','2012-06-04 16:50:19'),(2432,'admin',3,'StoreProduct','Memory card Secure Digital 4Gb SDHC GoodRam - New Retail (cl6)','2012-06-04 16:50:19'),(2433,'admin',3,'StoreProduct','Memory card Secure Digital 4Gb SDHC GoodRam (cl6)','2012-06-04 16:50:19'),(2434,'admin',3,'StoreProduct','Memory card Secure Digital 4Gb SDHC Patriot Cl 6','2012-06-04 16:50:19'),(2435,'admin',3,'StoreProduct','(у) Цифр.фотоапарат Canon PowerShot A1100 IS Silver','2012-06-04 16:50:23'),(2436,'admin',3,'StoreProduct','Epson 10x15см 500л, 225г/м2, Glossy Photo Paper, C13S042201','2012-06-04 16:50:24'),(2437,'admin',3,'StoreProduct','Epson 10x15см 500л, 225г/м2, Semi-Glossy Photo Paper, C13S042200','2012-06-04 16:50:24'),(2438,'admin',3,'StoreProduct','Epson 10х15см, 100л., Premium Glossy Photo Paper','2012-06-04 16:50:24'),(2439,'admin',3,'StoreProduct','Epson A4 20л, 251г/м2, Prem.Semigl.Paper, C13S041332','2012-06-04 16:50:24'),(2440,'admin',3,'StoreProduct','Epson A4 Photo Paper,','2012-06-04 16:50:24'),(2441,'admin',3,'StoreProduct','HP 24\"x30m, C6029С, Heavyweight Coated Paper -- 130 г/м2,','2012-06-04 16:50:24'),(2442,'admin',3,'StoreProduct','HP 24\"x45m, C6035A, Bright White Inkjet Paper','2012-06-04 16:50:24'),(2443,'admin',3,'StoreProduct','HP 36\"x30m, C6030С, Heavyweight Coated Paper','2012-06-04 16:50:24'),(2444,'admin',3,'StoreProduct','HP 42\"x45m, Q1406A, Coated Paper','2012-06-04 16:50:24'),(2445,'admin',3,'StoreProduct','HP A4, C6951A, 20л, Premium Plus Photo Paper satin-matt','2012-06-04 16:50:24'),(2446,'admin',3,'StoreProduct','Memory card Compact Flash 16Gb Patriot','2012-06-04 16:50:24'),(2447,'admin',3,'StoreProduct','Memory card Compact Flash 16Gb Pretec 233X','2012-06-04 16:50:24'),(2448,'admin',3,'StoreProduct','Memory card Compact Flash 32Gb Patriot','2012-06-04 16:50:24'),(2449,'admin',3,'StoreProduct','Memory card Compact Flash 32Gb Patriot','2012-06-04 16:50:24'),(2450,'admin',3,'StoreProduct','Memory card Compact Flash 4G Pretec 40x','2012-06-04 16:50:24'),(2451,'admin',3,'StoreProduct','Memory card Compact Flash 4Gb Patriot','2012-06-04 16:50:24'),(2452,'admin',3,'StoreProduct','Memory card Compact Flash 64Gb Patriot','2012-06-04 16:50:24'),(2453,'admin',3,'StoreProduct','Memory card Compact Flash 8Gb Patriot','2012-06-04 16:50:24'),(2454,'admin',3,'StoreProduct','Memory card Compact Flash 8Gb Patriot','2012-06-04 16:50:24'),(2455,'admin',3,'StoreProduct','Memory card Secure Digital 16Gb Transcend 600X','2012-06-04 16:50:24'),(2456,'admin',3,'StoreProduct','Memory card Secure Digital 1Gb TakeMS 60x','2012-06-04 16:50:24'),(2457,'admin',3,'StoreProduct','HP 36\"x45m, Q1405A, Coated Paper','2012-06-04 16:52:03'),(2458,'admin',3,'StoreProduct','HP 36\"x45m, Q1405A, Coated Paper','2012-06-04 16:52:03'),(2459,'admin',3,'StoreProduct','Цифр.фотоапарат SONY Cyber-Shot S2000 Silver','2012-06-04 16:52:15'),(2460,'admin',3,'StoreProduct','Цифр.фотоапарат SONY Cyber-Shot S2100 Black','2012-06-04 16:52:15'),(2461,'admin',3,'StoreProduct','Цифр.фотоапарат SONY Cyber-Shot S2100 Orange','2012-06-04 16:52:15'),(2462,'admin',3,'StoreProduct','Цифр.фотоапарат SONY Cyber-Shot S2100 Silver','2012-06-04 16:52:15'),(2463,'admin',3,'StoreProduct','Цифр.фотоапарат SONY Cyber-Shot S3000 Black','2012-06-04 16:52:15'),(2464,'admin',3,'StoreProduct','Цифр.фотоапарат SONY Cyber-Shot S3000 Silver','2012-06-04 16:52:15'),(2465,'admin',3,'StoreProduct','Цифр.фотоапарат SONY Cyber-Shot T99 Violet','2012-06-04 16:52:15'),(2466,'admin',3,'StoreProduct','Цифр.фотоапарат SONY Cyber-Shot W310 Pink','2012-06-04 16:52:15'),(2467,'admin',3,'StoreProduct','Цифр.фотоапарат SONY Cyber-Shot W310 срібний','2012-06-04 16:52:15'),(2468,'admin',3,'StoreProduct','Цифр.фотоапарат SONY Cyber-Shot W310 чорний','2012-06-04 16:52:15'),(2469,'admin',3,'StoreProduct','Цифр.фотоапарат SONY Cyber-Shot W320 Pink','2012-06-04 16:52:15'),(2470,'admin',3,'StoreProduct','Цифр.фотоапарат SONY Cyber-Shot W320 срібний','2012-06-04 16:52:15'),(2471,'admin',3,'StoreProduct','Цифр.фотоапарат SONY Cyber-Shot W320 чорний','2012-06-04 16:52:15'),(2472,'admin',3,'StoreProduct','Цифр.фотоапарат SONY Cyber-Shot W330 чорний','2012-06-04 16:52:16'),(2473,'admin',3,'StoreProduct','Цифр.фотоапарат SONY Cyber-Shot W510 Pink','2012-06-04 16:52:16'),(2474,'admin',3,'StoreProduct','Цифр.фотоапарат SONY Cyber-Shot W510 чорний','2012-06-04 16:52:16'),(2475,'admin',3,'StoreProduct','Чохол для фото/відео камер PORT Designs Casablanca Bag Camcorder','2012-06-04 16:52:16'),(2476,'admin',3,'StoreProduct','Штатив Slik Mirage Light blue міні','2012-06-04 16:52:16'),(2477,'admin',3,'StoreProduct','Штатив Slik Pro 700 DX','2012-06-04 16:52:16'),(2478,'admin',3,'StoreProduct','Штатив Slik S-Pod S-100 BKS-100 чорний','2012-06-04 16:52:16'),(2479,'admin',3,'StoreProduct','Штатив Slik S-Pod S-200 black мині','2012-06-04 16:52:16'),(2480,'admin',3,'StoreProduct','Штатив Slik S-Pod S-200 SL мині','2012-06-04 16:52:16'),(2481,'admin',3,'StoreProduct','Штатив Slik S-Pod SJ-32GM','2012-06-04 16:52:16'),(2482,'admin',3,'StoreProduct','Штатив Velbon C-500/F','2012-06-04 16:52:16'),(2483,'admin',3,'StoreProduct','Штатив Velbon C-600/F','2012-06-04 16:52:16'),(2484,'admin',3,'StoreProduct','Штатив Velbon CX-200T/F','2012-06-04 16:52:16'),(2485,'admin',3,'StoreProduct','Штатив Velbon CX-300T/F','2012-06-04 16:52:16'),(2486,'admin',3,'StoreProduct','Штатив Velbon CX-440/F','2012-06-04 16:52:16'),(2487,'admin',3,'StoreProduct','Штатив Velbon CX-444F','2012-06-04 16:52:16'),(2488,'admin',3,'StoreProduct','Штатив Velbon CX-888/F','2012-06-04 16:52:16'),(2489,'admin',3,'StoreProduct','Цифр.фотоапарат Canon PowerShot SX130 IS срібний','2012-06-04 16:52:22'),(2490,'admin',3,'StoreProduct','Цифр.фотоапарат Canon PowerShot SX210 IS чорний','2012-06-04 16:52:22'),(2491,'admin',3,'StoreProduct','Цифр.фотоапарат FUJI FinePix S2950 ,чорний','2012-06-04 16:52:22'),(2492,'admin',3,'StoreProduct','Цифр.фотоапарат KODAK  C122, срібний','2012-06-04 16:52:22'),(2493,'admin',3,'StoreProduct','Цифр.фотоапарат Nikon Coolpix L21 Silver','2012-06-04 16:52:22'),(2494,'admin',3,'StoreProduct','Цифр.фотоапарат Nikon Coolpix L22 Silver','2012-06-04 16:52:22'),(2495,'admin',3,'StoreProduct','Цифр.фотоапарат Nikon Coolpix L23 Black','2012-06-04 16:52:22'),(2496,'admin',3,'StoreProduct','Цифр.фотоапарат Nikon Coolpix L23 Pink','2012-06-04 16:52:22'),(2497,'admin',3,'StoreProduct','Цифр.фотоапарат Nikon CoolPix P300, чорний','2012-06-04 16:52:22'),(2498,'admin',3,'StoreProduct','Цифр.фотоапарат Nikon CoolPix P500, чорний','2012-06-04 16:52:22'),(2499,'admin',3,'StoreProduct','Цифр.фотоапарат Nikon Coolpix S2500 Black','2012-06-04 16:52:22'),(2500,'admin',3,'StoreProduct','Цифр.фотоапарат Nikon Coolpix S2500 Pink','2012-06-04 16:52:22'),(2501,'admin',3,'StoreProduct','Цифр.фотоапарат Nikon Coolpix S2500 Silver','2012-06-04 16:52:22'),(2502,'admin',3,'StoreProduct','Цифр.фотоапарат Nikon Coolpix S3000 Black','2012-06-04 16:52:22'),(2503,'admin',3,'StoreProduct','Цифр.фотоапарат Nikon Coolpix S3000 Blue','2012-06-04 16:52:22'),(2504,'admin',3,'StoreProduct','Цифр.фотоапарат Nikon Coolpix S3000 Green','2012-06-04 16:52:22'),(2505,'admin',3,'StoreProduct','Цифр.фотоапарат Nikon Coolpix S3000 Magenta','2012-06-04 16:52:22'),(2506,'admin',3,'StoreProduct','Цифр.фотоапарат Nikon Coolpix S3000 Orange','2012-06-04 16:52:22'),(2507,'admin',3,'StoreProduct','Цифр.фотоапарат Nikon Coolpix S3000 Silver','2012-06-04 16:52:22'),(2508,'admin',3,'StoreProduct','Цифр.фотоапарат Nikon Coolpix S3100 Black','2012-06-04 16:52:22'),(2509,'admin',3,'StoreProduct','Цифр.фотоапарат Nikon Coolpix S4000 Black','2012-06-04 16:52:22'),(2510,'admin',3,'StoreProduct','Цифр.фотоапарат Nikon Coolpix S5100 Black','2012-06-04 16:52:22'),(2511,'admin',3,'StoreProduct','Цифр.фотоапарат Nikon D-3100 KIT AF-S DX 18-55 VR','2012-06-04 16:52:22'),(2512,'admin',3,'StoreProduct','Цифр.фотоапарат Nikon D-5000 KIT AF-S DX 18-55 VR','2012-06-04 16:52:22'),(2513,'admin',3,'StoreProduct','Цифр.фотоапарат Nikon D3100 KIT 18-105 VR 2коробки!!!','2012-06-04 16:52:22'),(2514,'admin',3,'StoreProduct','Цифр.фотоапарат Olympus SP-600 UltraZoom Black','2012-06-04 16:52:22'),(2515,'admin',3,'StoreProduct','Цифр.фотоапарат Olympus SP-800 UltraZoom Silver','2012-06-04 16:52:22'),(2516,'admin',3,'StoreProduct','Цифр.фотоапарат PANASONIC DMC-FH25 Black','2012-06-04 16:52:22'),(2517,'admin',3,'StoreProduct','Цифр.фотоапарат Ricoh Caplio R4 Silver','2012-06-04 16:52:22'),(2518,'admin',3,'StoreProduct','Цифр.фотоапарат SONY Cyber-Shot S2000 Black','2012-06-04 16:52:22'),(2519,'admin',3,'StoreProduct','Футляр для фото/відео камер PORT Designs Ibiza L Black чорно-оранжева','2012-06-04 16:52:28'),(2520,'admin',3,'StoreProduct','Футляр для фото/відео камер PORT Designs Ibiza S Black чорно-оранжева','2012-06-04 16:52:28'),(2521,'admin',3,'StoreProduct','Футляр для фото/відео камер PORT Designs Ibiza SLR L Black чорно-оранжева','2012-06-04 16:52:28'),(2522,'admin',3,'StoreProduct','Футляр для фото/відео камер PORT Designs Ibiza SLR S Black чорно-оранжева','2012-06-04 16:52:28'),(2523,'admin',3,'StoreProduct','Цифр. відеокамера Canon FS306 Legria Silver','2012-06-04 16:52:28'),(2524,'admin',3,'StoreProduct','Цифр. відеокамера Panasonic HDC-SD60EE-K, чорна','2012-06-04 16:52:28'),(2525,'admin',3,'StoreProduct','Цифр. відеокамера Panasonic SDR-H85EE-S срібна','2012-06-04 16:52:28'),(2526,'admin',3,'StoreProduct','Цифр. відеокамера Panasonic SDR-S50EE-K, чорна','2012-06-04 16:52:28'),(2527,'admin',3,'StoreProduct','Цифр. відеокамера Panasonic SDR-T50EE-K, чорна','2012-06-04 16:52:28'),(2528,'admin',3,'StoreProduct','Цифр. відеокамера Samsung VP-D381','2012-06-04 16:52:28'),(2529,'admin',3,'StoreProduct','Цифр. відеокамера Sony DCR-SX44E, срібна','2012-06-04 16:52:28'),(2530,'admin',3,'StoreProduct','Цифр.фотоапарат BenQ DC C1430 Black','2012-06-04 16:52:28'),(2531,'admin',3,'StoreProduct','Цифр.фотоапарат BenQ DC C1430 Silver','2012-06-04 16:52:28'),(2532,'admin',3,'StoreProduct','Цифр.фотоапарат Canon IXUS 130 IS black','2012-06-04 16:52:28'),(2533,'admin',3,'StoreProduct','Цифр.фотоапарат Canon IXUS 130 IS orange','2012-06-04 16:52:28'),(2534,'admin',3,'StoreProduct','Цифр.фотоапарат Canon IXUS 210 IS black','2012-06-04 16:52:28'),(2535,'admin',3,'StoreProduct','Цифр.фотоапарат Canon IXUS 300 HS black','2012-06-04 16:52:28'),(2536,'admin',3,'StoreProduct','Цифр.фотоапарат Canon IXUS 95 IS Blue','2012-06-04 16:52:28'),(2537,'admin',3,'StoreProduct','Цифр.фотоапарат Canon PowerShot A1100 IS Silver','2012-06-04 16:52:28'),(2538,'admin',3,'StoreProduct','Цифр.фотоапарат Canon PowerShot A2200 IS Silver','2012-06-04 16:52:28'),(2539,'admin',3,'StoreProduct','Цифр.фотоапарат Canon PowerShot A3000 IS Silver','2012-06-04 16:52:28'),(2540,'admin',3,'StoreProduct','Цифр.фотоапарат Canon PowerShot A3100 IS Silver','2012-06-04 16:52:28'),(2541,'admin',3,'StoreProduct','Цифр.фотоапарат Canon PowerShot A490 Silver','2012-06-04 16:52:28'),(2542,'admin',3,'StoreProduct','Цифр.фотоапарат Canon PowerShot A495 Silver','2012-06-04 16:52:29'),(2543,'admin',3,'StoreProduct','Цифр.фотоапарат Canon PowerShot A800 Black','2012-06-04 16:52:29'),(2544,'admin',3,'StoreProduct','Цифр.фотоапарат Canon PowerShot A800 Red','2012-06-04 16:52:29'),(2545,'admin',3,'StoreProduct','Цифр.фотоапарат Canon PowerShot A800 Silver','2012-06-04 16:52:29'),(2546,'admin',3,'StoreProduct','Цифр.фотоапарат Canon PowerShot SX120 IS чорний','2012-06-04 16:52:29'),(2547,'admin',3,'StoreProduct','Цифр.фотоапарат Canon PowerShot SX210 IS Gold','2012-06-04 16:52:29'),(2548,'admin',3,'StoreProduct','Цифр.фотоапарат Canon PowerShot SX210 IS Pur','2012-06-04 16:52:29'),(2549,'admin',3,'StoreProduct','Фотопапір ColorWay A4, 180 г/м2,   20л, глянцевий','2012-06-04 16:52:33'),(2550,'admin',3,'StoreProduct','Фотопапір ColorWay A4, 180 г/м2,   50л, глянцевий','2012-06-04 16:52:33'),(2551,'admin',3,'StoreProduct','Фотопапір ColorWay A4, 190 г/м2,   20л, матовий','2012-06-04 16:52:33'),(2552,'admin',3,'StoreProduct','Фотопапір ColorWay A4, 210 г/м2,   20л, глянцевий','2012-06-04 16:52:33'),(2553,'admin',3,'StoreProduct','Фотопапір ColorWay A4, 210 г/м2,   50л, глянцевий','2012-06-04 16:52:33'),(2554,'admin',3,'StoreProduct','Фотопапір ColorWay A4, 220 г/м2,   20л, глянцевий двoсторонній','2012-06-04 16:52:33'),(2555,'admin',3,'StoreProduct','Фотопапір ColorWay A4, 220 г/м2,   50л, глянцевий двoсторонній','2012-06-04 16:52:33'),(2556,'admin',3,'StoreProduct','Фотопапір ColorWay A4, 240 г/м2,   20л, суперглянцевий','2012-06-04 16:52:33'),(2557,'admin',3,'StoreProduct','Фотопапір ColorWay A4, 240 г/м2,   50л, глянцевий','2012-06-04 16:52:33'),(2558,'admin',3,'StoreProduct','Фотопапір ColorWay A4, 240 г/м2,   50л, суперглянцевий','2012-06-04 16:52:33'),(2559,'admin',3,'StoreProduct','Фотопапір ColorWay A4, 260 г/м2,   20л, сатин мікропористий','2012-06-04 16:52:34'),(2560,'admin',3,'StoreProduct','Фотопапір ColorWay A4, 260 г/м2,   20л, суперглянцевий','2012-06-04 16:52:34'),(2561,'admin',3,'StoreProduct','Фотопапір ColorWay A4, 260 г/м2,   20л, суперглянцевий шовковий','2012-06-04 16:52:34'),(2562,'admin',3,'StoreProduct','Фотопапір ColorWay A4, 260 г/м2,   50л, суперглянцевий','2012-06-04 16:52:34'),(2563,'admin',3,'StoreProduct','Фотопапір рулонний ColorWay, 24\"x30m, 135 г/м2, глянцевий','2012-06-04 16:52:34'),(2564,'admin',3,'StoreProduct','Фотопапір рулонний ColorWay, 36\"x30m, 135 г/м2, глянцевий','2012-06-04 16:52:34'),(2565,'admin',3,'StoreProduct','Футляр для GPS 4,7\" PORT Designs  Pouch LIMA 4 3 4 7','2012-06-04 16:52:34'),(2566,'admin',3,'StoreProduct','Футляр для фото камер LC Sport-129, Black чорний','2012-06-04 16:52:34'),(2567,'admin',3,'StoreProduct','Футляр для фото камер LC Sport-239, Black чорний','2012-06-04 16:52:34'),(2568,'admin',3,'StoreProduct','Футляр для фото камер Sony LCS-TWС/C для T, W серії, світло-коричнева','2012-06-04 16:52:34'),(2569,'admin',3,'StoreProduct','Футляр для фото камер VAX 8001 Aribau Black чорний','2012-06-04 16:52:34'),(2570,'admin',3,'StoreProduct','Футляр для фото камер VAX 8002 Aribau Orange оранжевий','2012-06-04 16:52:34'),(2571,'admin',3,'StoreProduct','Футляр для фото камер VAX 8003 Aribau Red червоний','2012-06-04 16:52:34'),(2572,'admin',3,'StoreProduct','Футляр для фото камер VAX 8005 Aribau Grey сірий','2012-06-04 16:52:34'),(2573,'admin',3,'StoreProduct','Футляр для фото/відео камер PORT Designs Casablanca L','2012-06-04 16:52:34'),(2574,'admin',3,'StoreProduct','Футляр для фото/відео камер PORT Designs Casablanca L Black чорно-сіра','2012-06-04 16:52:34'),(2575,'admin',3,'StoreProduct','Футляр для фото/відео камер PORT Designs Casablanca S','2012-06-04 16:52:34'),(2576,'admin',3,'StoreProduct','Футляр для фото/відео камер PORT Designs Casablanca S Black чорно-сіра','2012-06-04 16:52:34'),(2577,'admin',3,'StoreProduct','Цифр. відеокамера Canon FS306 Legria Blue','2012-06-04 16:52:34'),(2578,'admin',3,'StoreProduct','Цифр. відеокамера Canon FS306 Legria Red','2012-06-04 16:52:34'),(2579,'admin',3,'StoreProduct','Фотопапір Black Point A6(10*15), 260г/м2,  125л, глянцевий','2012-06-04 16:52:38'),(2580,'admin',3,'StoreProduct','Фотопапір Black Point A6(10*15), 260г/м2,  32л, глянцевий','2012-06-04 16:52:38'),(2581,'admin',3,'StoreProduct','Фотопапір ColorWay 10*15, 150 г/м2,   50л, глянцевий','2012-06-04 16:52:38'),(2582,'admin',3,'StoreProduct','Фотопапір ColorWay 10*15, 190 г/м2,  20л, матовий','2012-06-04 16:52:38'),(2583,'admin',3,'StoreProduct','Фотопапір ColorWay 10*15, 190 г/м2,  50л, матовий','2012-06-04 16:52:38'),(2584,'admin',3,'StoreProduct','Фотопапір ColorWay 10*15, 190 г/м2, 100л, матовий','2012-06-04 16:52:38'),(2585,'admin',3,'StoreProduct','Фотопапір ColorWay 10*15, 210 г/м2, 100л, глянцевий','2012-06-04 16:52:38'),(2586,'admin',3,'StoreProduct','Фотопапір ColorWay 10*15, 210 г/м2, 500л, глянцевий','2012-06-04 16:52:38'),(2587,'admin',3,'StoreProduct','Фотопапір ColorWay 10*15, 240 г/м2,   20л, глянцевий','2012-06-04 16:52:38'),(2588,'admin',3,'StoreProduct','Фотопапір ColorWay 10*15, 240 г/м2,   50л, глянцевий','2012-06-04 16:52:38'),(2589,'admin',3,'StoreProduct','Фотопапір ColorWay 10*15, 240 г/м2, 100л, глянцевий','2012-06-04 16:52:39'),(2590,'admin',3,'StoreProduct','Фотопапір ColorWay 10*15, 260 г/м2,   20л, глянцевий','2012-06-04 16:52:39'),(2591,'admin',3,'StoreProduct','Фотопапір ColorWay 10*15, 260 г/м2,   20л, сатин мікропористий','2012-06-04 16:52:39'),(2592,'admin',3,'StoreProduct','Фотопапір ColorWay 10*15, 260 г/м2,   20л, суперглянцевий мікропористий','2012-06-04 16:52:39'),(2593,'admin',3,'StoreProduct','Фотопапір ColorWay 10*15, 260 г/м2,   20л, суперглянцевий шовковий','2012-06-04 16:52:39'),(2594,'admin',3,'StoreProduct','Фотопапір ColorWay 10*15, 260 г/м2,   50л, глянцевий','2012-06-04 16:52:39'),(2595,'admin',3,'StoreProduct','Фотопапір ColorWay 10*15, 260 г/м2, 100л, глянцевий','2012-06-04 16:52:39'),(2596,'admin',3,'StoreProduct','Фотопапір ColorWay A4, 108 г/м2,   50л, матовий','2012-06-04 16:52:39'),(2597,'admin',3,'StoreProduct','Фотопапір ColorWay A4, 108 г/м2, 100л, матовий','2012-06-04 16:52:39'),(2598,'admin',3,'StoreProduct','Фотопапір ColorWay A4, 130 г/м2,   100л, глянцевий','2012-06-04 16:52:39'),(2599,'admin',3,'StoreProduct','Фотопапір ColorWay A4, 130 г/м2,   20л, глянцевий','2012-06-04 16:52:39'),(2600,'admin',3,'StoreProduct','Фотопапір ColorWay A4, 135 г/м2,   20л, матовий','2012-06-04 16:52:39'),(2601,'admin',3,'StoreProduct','Фотопапір ColorWay A4, 135 г/м2,  100л, матовий','2012-06-04 16:52:39'),(2602,'admin',3,'StoreProduct','Фотопапір ColorWay A4, 140 г/м2,   50л, матовий двосторонній','2012-06-04 16:52:39'),(2603,'admin',3,'StoreProduct','Фотопапір ColorWay A4, 150 г/м2,   100л, глянцевий','2012-06-04 16:52:39'),(2604,'admin',3,'StoreProduct','Фотопапір ColorWay A4, 150 г/м2,   20л, глянцевий','2012-06-04 16:52:39'),(2605,'admin',3,'StoreProduct','Фотопапір ColorWay A4, 150 г/м2,   50л, глянцевий','2012-06-04 16:52:39'),(2606,'admin',3,'StoreProduct','Фотопапір ColorWay A4, 155 г/м2,   50л, глянцевий двoсторонній','2012-06-04 16:52:39'),(2607,'admin',3,'StoreProduct','Фотопапір ColorWay A4, 220 г/м2,   50л, матовий двосторонній','2012-06-04 16:52:39'),(2608,'admin',3,'StoreProduct','Фотопапір ColorWay A4, 240 г/м2,   20л, глянцевий','2012-06-04 16:52:39'),(2609,'admin',3,'StoreProduct','Memory card Secure Digital Micro 2Gb TakeMS 2 Gb Retail','2012-06-04 16:52:43'),(2610,'admin',3,'StoreProduct','Memory card Secure Digital Micro 4Gb GoodRam Retail9 + adapter','2012-06-04 16:52:43'),(2611,'admin',3,'StoreProduct','Memory card Secure Digital Micro 4Gb Transcend SDHC with adapter','2012-06-04 16:52:43'),(2612,'admin',3,'StoreProduct','Memory card Secure Digital Micro 8Gb GoodRam Retail9 + adapter','2012-06-04 16:52:43'),(2613,'admin',3,'StoreProduct','Memory card Secure Digital Micro 8Gb GoodRam SDHC(4)','2012-06-04 16:52:43'),(2614,'admin',3,'StoreProduct','Memory card Secure Digital Micro 8Gb Kingston SDHC','2012-06-04 16:52:43'),(2615,'admin',3,'StoreProduct','Memory card Secure Digital Micro 8Gb Patriot SDHC(10)','2012-06-04 16:52:43'),(2616,'admin',3,'StoreProduct','Memory card Secure Digital Micro 8Gb Patriot SDHC(4)','2012-06-04 16:52:43'),(2617,'admin',3,'StoreProduct','Memory card Secure Digital Micro 8Gb TakeMS SDHC(4) Retail','2012-06-04 16:52:43'),(2618,'admin',3,'StoreProduct','Memory card Secure Digital Micro 8Gb Toshiba SDHC(4)','2012-06-04 16:52:43'),(2619,'admin',3,'StoreProduct','Memory card Secure Digital Micro 8Gb Toshiba SDHC(4) + case + adapter','2012-06-04 16:52:43'),(2620,'admin',3,'StoreProduct','Memory card Secure Digital Micro 8Gb Transcend SDHC(6)','2012-06-04 16:52:43'),(2621,'admin',3,'StoreProduct','Memory card Secure Digital Micro 8Gb Transcend SDHC(6)+SD adapter','2012-06-04 16:52:43'),(2622,'admin',3,'StoreProduct','Memory card Secure Digital XC   64Gb Patriot Cl10','2012-06-04 16:52:43'),(2623,'admin',3,'StoreProduct','Захисний чохол iPhone Case, Modecom HANDY, чорний','2012-06-04 16:52:43'),(2624,'admin',3,'StoreProduct','Рюкзак для фото/відео камер    PORT Designs Casablanca','2012-06-04 16:52:43'),(2625,'admin',3,'StoreProduct','Фотопапір ACME A4 115 г/м2 100л глянцевий (value pack)','2012-06-04 16:52:43'),(2626,'admin',3,'StoreProduct','Фотопапір ACME A4 150 г/м2  50л глянцевий (value pack)','2012-06-04 16:52:43'),(2627,'admin',3,'StoreProduct','Фотопапір ACME A4 170 г/м2  100л глянцевий  (value pack)','2012-06-04 16:52:43'),(2628,'admin',3,'StoreProduct','Фотопапір ACME A4 170 г/м2  20л глянцевий (value pack)','2012-06-04 16:52:43'),(2629,'admin',3,'StoreProduct','Фотопапір ACME A6 (10*15) 115 г/м2 100л глянцевий (value pack)','2012-06-04 16:52:43'),(2630,'admin',3,'StoreProduct','Фотопапір ACME A6 (10*15) 150 г/м2 100л глянцевий (value pack)','2012-06-04 16:52:43'),(2631,'admin',3,'StoreProduct','Фотопапір ACME A6 (10*15) 170 г/м2 20 л глянцевий (value pack)','2012-06-04 16:52:43'),(2632,'admin',3,'StoreProduct','Фотопапір Black Point A4, 230г/м2,  63л, глянцевий','2012-06-04 16:52:43'),(2633,'admin',3,'StoreProduct','Фотопапір Black Point A4, 260г/м2,  25л, глянцевий','2012-06-04 16:52:43'),(2634,'admin',3,'StoreProduct','Фотопапір Black Point A4, 260г/м2,  63л, глянцевий','2012-06-04 16:52:43'),(2635,'admin',3,'StoreProduct','Фотопапір ColorWay 10*15, 180 г/м2, 100л, глянцевий','2012-06-04 16:52:43'),(2636,'admin',3,'StoreProduct','Фотопапір ColorWay 10*15, 180 г/м2, 20л, глянцевий','2012-06-04 16:52:43'),(2637,'admin',3,'StoreProduct','Фотопапір ColorWay 10*15, 180 г/м2, 500л, глянцевий','2012-06-04 16:52:43'),(2638,'admin',3,'StoreProduct','Фотопапір ColorWay 10*15, 180 г/м2, 50л, глянцевий','2012-06-04 16:52:43'),(2639,'admin',3,'StoreProduct','Memory card Secure Digital 4Gb SDHC Patriot Cl 6','2012-06-04 16:52:47'),(2640,'admin',3,'StoreProduct','Memory card Secure Digital 4Gb SDHC Transcend Cl4','2012-06-04 16:52:47'),(2641,'admin',3,'StoreProduct','Memory card Secure Digital 4Gb Toshiba Retail SDHC class2','2012-06-04 16:52:47'),(2642,'admin',3,'StoreProduct','Memory card Secure Digital 4Gb Toshiba Retail SDHC class4','2012-06-04 16:52:47'),(2643,'admin',3,'StoreProduct','Memory card Secure Digital 4Gb, SDHC, Kingston (cl)','2012-06-04 16:52:48'),(2644,'admin',3,'StoreProduct','Memory card Secure Digital 8Gb SDHC GoodRam (cl6)','2012-06-04 16:52:48'),(2645,'admin',3,'StoreProduct','Memory card Secure Digital 8Gb SDHC GoodRam (cl6) Slim Retail','2012-06-04 16:52:48'),(2646,'admin',3,'StoreProduct','Memory card Secure Digital 8Gb SDHC Patriot Class 10','2012-06-04 16:52:48'),(2647,'admin',3,'StoreProduct','Memory card Secure Digital 8Gb SDHC Patriot class 6','2012-06-04 16:52:48'),(2648,'admin',3,'StoreProduct','Memory card Secure Digital 8Gb SDHC Transcend Cl2','2012-06-04 16:52:48'),(2649,'admin',3,'StoreProduct','Memory card Secure Digital 8Gb SDHC Transcend Cl4','2012-06-04 16:52:48'),(2650,'admin',3,'StoreProduct','Memory card Secure Digital 8Gb Toshiba Retail SDHC class10','2012-06-04 16:52:48'),(2651,'admin',3,'StoreProduct','Memory card Secure Digital 8Gb Toshiba Retail SDHC class2','2012-06-04 16:52:48'),(2652,'admin',3,'StoreProduct','Memory card Secure Digital 8Gb Toshiba Retail SDHC class6','2012-06-04 16:52:48'),(2653,'admin',3,'StoreProduct','Memory card Secure Digital 8Gb, Kingston class4','2012-06-04 16:52:48'),(2654,'admin',3,'StoreProduct','Memory card Secure Digital Micro 16Gb GoodRam Retail9+ adapter','2012-06-04 16:52:48'),(2655,'admin',3,'StoreProduct','Memory card Secure Digital Micro 16Gb GoodRam SDHC(2)','2012-06-04 16:52:48'),(2656,'admin',3,'StoreProduct','Memory card Secure Digital Micro 16Gb Patriot SDHC(4) + SD adapter','2012-06-04 16:52:48'),(2657,'admin',3,'StoreProduct','Memory card Secure Digital Micro 16Gb Toshiba + SD adapter','2012-06-04 16:52:48'),(2658,'admin',3,'StoreProduct','Memory card Secure Digital Micro 16Gb Toshiba SDHC + SD adapter','2012-06-04 16:52:48'),(2659,'admin',3,'StoreProduct','Memory card Secure Digital Micro 2Gb Goodram Retail9+ adapter','2012-06-04 16:52:48'),(2660,'admin',3,'StoreProduct','Memory card Secure Digital Micro 2Gb GoodRam Slim Retail','2012-06-04 16:52:48'),(2661,'admin',3,'StoreProduct','Memory card Secure Digital Micro 2Gb Kingston','2012-06-04 16:52:48'),(2662,'admin',3,'StoreProduct','Memory card Secure Digital Micro 2Gb Patriot 3 in 1','2012-06-04 16:52:48'),(2663,'admin',3,'StoreProduct','Memory card Secure Digital Micro 4Gb GoodRam SDHC class 4 Slim Retail','2012-06-04 16:52:48'),(2664,'admin',3,'StoreProduct','Memory card Secure Digital Micro 4Gb Kingston SDHC','2012-06-04 16:52:48'),(2665,'admin',3,'StoreProduct','Memory card Secure Digital Micro 4Gb Patriot SDHC(4)','2012-06-04 16:52:48'),(2666,'admin',3,'StoreProduct','Memory card Secure Digital Micro 4Gb TakeMS (class4) Retail','2012-06-04 16:52:48'),(2667,'admin',3,'StoreProduct','Memory card Secure Digital Micro 4Gb Toshiba','2012-06-04 16:52:48'),(2668,'admin',3,'StoreProduct','Memory card Secure Digital Micro 4Gb Toshiba + case + SD adapter','2012-06-04 16:52:48'),(2669,'admin',3,'StoreProduct','Memory card Secure Digital 4Gb SDHC GoodRam (cl6)','2012-06-04 16:52:52'),(2670,'admin',3,'StoreProduct','Memory card Secure Digital 4Gb SDHC GoodRam - New Retail (cl6)','2012-06-04 16:52:52'),(2671,'admin',3,'StoreProduct','Memory card Secure Digital 32Gb SDHC Patriot class 10','2012-06-04 16:52:52'),(2672,'admin',3,'StoreProduct','Memory card Secure Digital 2Gb GoodRam New Retail 9','2012-06-04 16:52:52'),(2673,'admin',3,'StoreProduct','Memory card Secure Digital 1Gb TakeMS 60x','2012-06-04 16:52:52'),(2674,'admin',3,'StoreProduct','Memory card Secure Digital 16Gb Transcend 600X','2012-06-04 16:52:52'),(2675,'admin',3,'StoreProduct','Memory card Secure Digital 16Gb Toshiba Retail SDHC class10','2012-06-04 16:52:52'),(2676,'admin',3,'StoreProduct','Memory card Secure Digital 16Gb SDHC GoodRam (cl4)','2012-06-04 16:52:52'),(2677,'admin',3,'StoreProduct','Memory card Memory Stick M2 8Gb Goodram +pro Duo adapter','2012-06-04 16:52:52'),(2678,'admin',3,'StoreProduct','Memory card Memory Stick M2 4Gb Goodram +pro Duo adapter','2012-06-04 16:52:52'),(2679,'admin',3,'StoreProduct','Memory card Memory Stick M2 2Gb Goodram +pro Duo adapter','2012-06-04 16:52:53'),(2680,'admin',3,'StoreProduct','Memory card Compact Flash 4Gb Patriot','2012-06-04 16:52:53'),(2681,'admin',3,'StoreProduct','Memory card Compact Flash 4G Pretec 40x','2012-06-04 16:52:53'),(2682,'admin',3,'StoreProduct','Memory card Compact Flash 32Gb Patriot','2012-06-04 16:52:53'),(2683,'admin',3,'StoreProduct','Memory card Compact Flash 32Gb Patriot','2012-06-04 16:52:53'),(2684,'admin',3,'StoreProduct','Memory card Compact Flash 16Gb Pretec 233X','2012-06-04 16:52:53'),(2685,'admin',3,'StoreProduct','Memory card Compact Flash 16Gb Patriot','2012-06-04 16:52:53'),(2686,'admin',3,'StoreProduct','HP A4, C6951A, 20л, Premium Plus Photo Paper satin-matt','2012-06-04 16:52:53'),(2687,'admin',3,'StoreProduct','HP 42\"x45m, Q1406A, Coated Paper','2012-06-04 16:52:53'),(2688,'admin',3,'StoreProduct','HP 36\"x30m, C6030С, Heavyweight Coated Paper','2012-06-04 16:52:53'),(2689,'admin',3,'StoreProduct','HP 24\"x45m, C6035A, Bright White Inkjet Paper','2012-06-04 16:52:53'),(2690,'admin',3,'StoreProduct','HP 24\"x30m, C6029С, Heavyweight Coated Paper -- 130 г/м2,','2012-06-04 16:52:53'),(2691,'admin',3,'StoreProduct','Epson A4 Photo Paper,','2012-06-04 16:52:53'),(2692,'admin',3,'StoreProduct','Epson A4 20л, 251г/м2, Prem.Semigl.Paper, C13S041332','2012-06-04 16:52:53'),(2693,'admin',3,'StoreProduct','Epson 10х15см, 100л., Premium Glossy Photo Paper','2012-06-04 16:52:53'),(2694,'admin',3,'StoreProduct','Epson 10x15см 500л, 225г/м2, Semi-Glossy Photo Paper, C13S042200','2012-06-04 16:52:53'),(2695,'admin',3,'StoreProduct','Epson 10x15см 500л, 225г/м2, Glossy Photo Paper, C13S042201','2012-06-04 16:52:53'),(2696,'admin',3,'StoreProduct','Memory card Compact Flash 8Gb Patriot','2012-06-04 16:52:53'),(2697,'admin',3,'StoreProduct','Memory card Compact Flash 8Gb Patriot','2012-06-04 16:52:53'),(2698,'admin',3,'StoreProduct','Memory card Compact Flash 64Gb Patriot','2012-06-04 16:52:53'),(2699,'admin',3,'StoreProduct','(у) Цифр.фотоапарат Canon PowerShot A1100 IS Silver','2012-06-04 16:52:57'),(2700,'admin',3,'StoreProduct','Epson 10х15см, 100л., Premium Glossy Photo Paper','2012-06-04 16:52:57'),(2701,'admin',3,'StoreProduct','Epson A4 20л, 251г/м2, Prem.Semigl.Paper, C13S041332','2012-06-04 16:52:57'),(2702,'admin',3,'StoreProduct','Epson A4 Photo Paper,','2012-06-04 16:52:57'),(2703,'admin',3,'StoreProduct','HP 24\"x30m, C6029С, Heavyweight Coated Paper -- 130 г/м2,','2012-06-04 16:52:57'),(2704,'admin',3,'StoreProduct','HP 24\"x45m, C6035A, Bright White Inkjet Paper','2012-06-04 16:52:57'),(2705,'admin',3,'StoreProduct','HP 36\"x30m, C6030С, Heavyweight Coated Paper','2012-06-04 16:52:57'),(2706,'admin',3,'StoreProduct','Epson 10x15см 500л, 225г/м2, Semi-Glossy Photo Paper, C13S042200','2012-06-04 16:52:57'),(2707,'admin',3,'StoreProduct','(у) Цифр.фотоапарат Canon PowerShot A1100 IS Silver','2012-06-04 16:52:57'),(2708,'admin',3,'StoreProduct','Epson 10x15см 500л, 225г/м2, Glossy Photo Paper, C13S042201','2012-06-04 16:52:57'),(2709,'admin',3,'StoreAttribute','material','2012-06-04 16:53:14'),(2710,'admin',3,'StoreAttribute','proizvoditel','2012-06-04 16:53:14'),(2711,'admin',3,'StoreAttribute','model','2012-06-04 16:53:14'),(2712,'admin',3,'StoreAttribute','opis','2012-06-04 16:53:14'),(2713,'admin',3,'StoreAttribute','ovirobnik','2012-06-04 16:53:14'),(2714,'admin',3,'StoreAttribute','svitlochutlivist','2012-06-04 16:53:15'),(2715,'admin',3,'StoreAttribute','vidoshukach','2012-06-04 16:53:15'),(2716,'admin',3,'StoreAttribute','makrorezhim','2012-06-04 16:53:15'),(2717,'admin',3,'StoreAttribute','displei','2012-06-04 16:53:15'),(2718,'admin',3,'StoreAttribute','obktiv','2012-06-04 16:53:15'),(2719,'admin',3,'StoreAttribute','zum','2012-06-04 16:53:16'),(2720,'admin',3,'StoreAttribute','klas','2012-06-04 16:53:16'),(2721,'admin',3,'StoreAttribute','interfeisi','2012-06-04 16:53:16'),(2722,'admin',3,'StoreAttribute','virobnik','2012-06-04 16:53:16'),(2723,'admin',3,'StoreAttribute','matricya','2012-06-04 16:53:16'),(2724,'admin',3,'StoreAttribute','garantiya','2012-06-04 16:53:16'),(2725,'admin',3,'StoreCategory','Цифрове фото','2012-06-04 16:53:27'),(2726,'admin',3,'StoreCategory','Цифрові носії','2012-06-04 16:53:32'),(2727,'admin',3,'StoreCategory','Цифрове відео','2012-06-04 16:53:36'),(2728,'admin',3,'StoreCategory','Штативи для фото-відео обладнання','2012-06-04 16:53:41'),(2729,'admin',3,'StoreCategory','Сумки для цифрового обладнання','2012-06-04 16:53:46'),(2730,'admin',3,'StoreCategory','Фотопапір','2012-06-04 16:53:50'),(2731,'admin',3,'SystemModules','accounting1c','2012-06-04 17:42:11'),(2732,'admin',1,'SystemModules','accounting1c','2012-06-04 17:42:24'),(2733,'admin',3,'SystemModules','accounting1c','2012-06-04 17:43:57'),(2734,'admin',1,'SystemModules','accounting1c','2012-06-04 17:44:00'),(2735,'admin',3,'SystemModules','accounting1c','2012-06-04 17:45:50'),(2736,'admin',1,'SystemModules','accounting1c','2012-06-04 17:46:02'),(2737,'admin',2,'StoreProduct','Футляр для фото камер VAX 8002 Aribau Orange оранжевий','2012-06-04 19:44:33'),(2738,'admin',3,'StoreProduct','Цифр.фотоапарат PANASONIC DMC-FH25 Black','2012-06-04 19:44:51'),(2739,'admin',3,'StoreProduct','Цифр.фотоапарат SONY Cyber-Shot S2100 Black','2012-06-04 19:44:51'),(2740,'admin',3,'StoreProduct','Цифр.фотоапарат SONY Cyber-Shot S2100 Orange','2012-06-04 19:44:51'),(2741,'admin',3,'StoreProduct','Цифр.фотоапарат SONY Cyber-Shot S2100 Silver','2012-06-04 19:44:51'),(2742,'admin',3,'StoreProduct','Цифр.фотоапарат SONY Cyber-Shot S3000 Black','2012-06-04 19:44:51'),(2743,'admin',3,'StoreProduct','Цифр.фотоапарат SONY Cyber-Shot S3000 Silver','2012-06-04 19:44:51'),(2744,'admin',3,'StoreProduct','Цифр.фотоапарат SONY Cyber-Shot T99 Violet','2012-06-04 19:44:51'),(2745,'admin',3,'StoreProduct','Цифр.фотоапарат SONY Cyber-Shot W310 Pink','2012-06-04 19:44:51'),(2746,'admin',3,'StoreProduct','Цифр.фотоапарат SONY Cyber-Shot W310 срібний','2012-06-04 19:44:51'),(2747,'admin',3,'StoreProduct','Цифр.фотоапарат SONY Cyber-Shot W310 чорний','2012-06-04 19:44:51'),(2748,'admin',3,'StoreProduct','Цифр.фотоапарат SONY Cyber-Shot W320 Pink','2012-06-04 19:44:51'),(2749,'admin',3,'StoreProduct','Цифр.фотоапарат SONY Cyber-Shot W320 срібний','2012-06-04 19:44:52'),(2750,'admin',3,'StoreProduct','Цифр.фотоапарат SONY Cyber-Shot W320 чорний','2012-06-04 19:44:52'),(2751,'admin',3,'StoreProduct','Цифр.фотоапарат SONY Cyber-Shot W330 чорний','2012-06-04 19:44:52'),(2752,'admin',3,'StoreProduct','Цифр.фотоапарат SONY Cyber-Shot W510 Pink','2012-06-04 19:44:52'),(2753,'admin',3,'StoreProduct','Цифр.фотоапарат SONY Cyber-Shot W510 чорний','2012-06-04 19:44:52'),(2754,'admin',3,'StoreProduct','Чохол для фото/відео камер PORT Designs Casablanca Bag Camcorder','2012-06-04 19:44:52'),(2755,'admin',3,'StoreProduct','Штатив Slik Mirage Light blue міні','2012-06-04 19:44:52'),(2756,'admin',3,'StoreProduct','Штатив Slik Pro 700 DX','2012-06-04 19:44:52'),(2757,'admin',3,'StoreProduct','Штатив Slik S-Pod S-100 BKS-100 чорний','2012-06-04 19:44:52'),(2758,'admin',3,'StoreProduct','Штатив Slik S-Pod S-200 black мині','2012-06-04 19:44:52'),(2759,'admin',3,'StoreProduct','Штатив Slik S-Pod S-200 SL мині','2012-06-04 19:44:52'),(2760,'admin',3,'StoreProduct','Штатив Slik S-Pod SJ-32GM','2012-06-04 19:44:52'),(2761,'admin',3,'StoreProduct','Штатив Velbon C-500/F','2012-06-04 19:44:52'),(2762,'admin',3,'StoreProduct','Штатив Velbon C-600/F','2012-06-04 19:44:52'),(2763,'admin',3,'StoreProduct','Штатив Velbon CX-200T/F','2012-06-04 19:44:52'),(2764,'admin',3,'StoreProduct','Штатив Velbon CX-300T/F','2012-06-04 19:44:52'),(2765,'admin',3,'StoreProduct','Штатив Velbon CX-440/F','2012-06-04 19:44:52'),(2766,'admin',3,'StoreProduct','Штатив Velbon CX-444F','2012-06-04 19:44:52'),(2767,'admin',3,'StoreProduct','Штатив Velbon CX-888/F','2012-06-04 19:44:52'),(2768,'admin',3,'StoreProduct','Цифр.фотоапарат Canon PowerShot A800 Black','2012-06-04 19:44:57'),(2769,'admin',3,'StoreProduct','Цифр.фотоапарат Canon PowerShot SX210 IS чорний','2012-06-04 19:44:57'),(2770,'admin',3,'StoreProduct','Цифр.фотоапарат FUJI FinePix S2950 ,чорний','2012-06-04 19:44:57'),(2771,'admin',3,'StoreProduct','Цифр.фотоапарат KODAK  C122, срібний','2012-06-04 19:44:58'),(2772,'admin',3,'StoreProduct','Цифр.фотоапарат Nikon Coolpix L21 Silver','2012-06-04 19:44:58'),(2773,'admin',3,'StoreProduct','Цифр.фотоапарат Nikon Coolpix L22 Silver','2012-06-04 19:44:58'),(2774,'admin',3,'StoreProduct','Цифр.фотоапарат Nikon Coolpix L23 Black','2012-06-04 19:44:58'),(2775,'admin',3,'StoreProduct','Цифр.фотоапарат Nikon Coolpix L23 Pink','2012-06-04 19:44:58'),(2776,'admin',3,'StoreProduct','Цифр.фотоапарат Nikon CoolPix P300, чорний','2012-06-04 19:44:58'),(2777,'admin',3,'StoreProduct','Цифр.фотоапарат Nikon CoolPix P500, чорний','2012-06-04 19:44:58'),(2778,'admin',3,'StoreProduct','Цифр.фотоапарат Nikon Coolpix S2500 Black','2012-06-04 19:44:58'),(2779,'admin',3,'StoreProduct','Цифр.фотоапарат Nikon Coolpix S2500 Pink','2012-06-04 19:44:58'),(2780,'admin',3,'StoreProduct','Цифр.фотоапарат Nikon Coolpix S2500 Silver','2012-06-04 19:44:58'),(2781,'admin',3,'StoreProduct','Цифр.фотоапарат Nikon Coolpix S3000 Black','2012-06-04 19:44:58'),(2782,'admin',3,'StoreProduct','Цифр.фотоапарат Nikon Coolpix S3000 Blue','2012-06-04 19:44:58'),(2783,'admin',3,'StoreProduct','Цифр.фотоапарат Nikon Coolpix S3000 Green','2012-06-04 19:44:58'),(2784,'admin',3,'StoreProduct','Цифр.фотоапарат Nikon Coolpix S3000 Magenta','2012-06-04 19:44:58'),(2785,'admin',3,'StoreProduct','Цифр.фотоапарат Nikon Coolpix S3000 Orange','2012-06-04 19:44:58'),(2786,'admin',3,'StoreProduct','Цифр.фотоапарат Nikon Coolpix S3000 Silver','2012-06-04 19:44:58'),(2787,'admin',3,'StoreProduct','Цифр.фотоапарат Nikon Coolpix S3100 Black','2012-06-04 19:44:58'),(2788,'admin',3,'StoreProduct','Цифр.фотоапарат Nikon Coolpix S4000 Black','2012-06-04 19:44:58'),(2789,'admin',3,'StoreProduct','Цифр.фотоапарат Nikon Coolpix S5100 Black','2012-06-04 19:44:58'),(2790,'admin',3,'StoreProduct','Цифр.фотоапарат Nikon D-3100 KIT AF-S DX 18-55 VR','2012-06-04 19:44:58'),(2791,'admin',3,'StoreProduct','Цифр.фотоапарат Nikon D-5000 KIT AF-S DX 18-55 VR','2012-06-04 19:44:58'),(2792,'admin',3,'StoreProduct','Цифр.фотоапарат Nikon D3100 KIT 18-105 VR 2коробки!!!','2012-06-04 19:44:58'),(2793,'admin',3,'StoreProduct','Цифр.фотоапарат Olympus SP-600 UltraZoom Black','2012-06-04 19:44:58'),(2794,'admin',3,'StoreProduct','Цифр.фотоапарат Olympus SP-800 UltraZoom Silver','2012-06-04 19:44:58'),(2795,'admin',3,'StoreProduct','Цифр.фотоапарат Ricoh Caplio R4 Silver','2012-06-04 19:44:58'),(2796,'admin',3,'StoreProduct','Цифр.фотоапарат SONY Cyber-Shot S2000 Black','2012-06-04 19:44:58'),(2797,'admin',3,'StoreProduct','Цифр.фотоапарат SONY Cyber-Shot S2000 Silver','2012-06-04 19:44:58'),(2798,'admin',3,'StoreProduct','Футляр для фото/відео камер PORT Designs Ibiza L Black чорно-оранжева','2012-06-04 19:45:04'),(2799,'admin',3,'StoreProduct','Футляр для фото/відео камер PORT Designs Ibiza S Black чорно-оранжева','2012-06-04 19:45:04'),(2800,'admin',3,'StoreProduct','Футляр для фото/відео камер PORT Designs Ibiza SLR L Black чорно-оранжева','2012-06-04 19:45:04'),(2801,'admin',3,'StoreProduct','Цифр. відеокамера Canon FS306 Legria Red','2012-06-04 19:45:04'),(2802,'admin',3,'StoreProduct','Цифр. відеокамера Canon FS306 Legria Silver','2012-06-04 19:45:04'),(2803,'admin',3,'StoreProduct','Цифр. відеокамера Panasonic HDC-SD60EE-K, чорна','2012-06-04 19:45:04'),(2804,'admin',3,'StoreProduct','Цифр. відеокамера Panasonic SDR-H85EE-S срібна','2012-06-04 19:45:04'),(2805,'admin',3,'StoreProduct','Цифр. відеокамера Panasonic SDR-S50EE-K, чорна','2012-06-04 19:45:04'),(2806,'admin',3,'StoreProduct','Цифр. відеокамера Panasonic SDR-T50EE-K, чорна','2012-06-04 19:45:04'),(2807,'admin',3,'StoreProduct','Цифр. відеокамера Samsung VP-D381','2012-06-04 19:45:04'),(2808,'admin',3,'StoreProduct','Цифр. відеокамера Sony DCR-SX44E, срібна','2012-06-04 19:45:04'),(2809,'admin',3,'StoreProduct','Цифр.фотоапарат BenQ DC C1430 Black','2012-06-04 19:45:04'),(2810,'admin',3,'StoreProduct','Цифр.фотоапарат BenQ DC C1430 Silver','2012-06-04 19:45:04'),(2811,'admin',3,'StoreProduct','Цифр.фотоапарат Canon IXUS 130 IS black','2012-06-04 19:45:04'),(2812,'admin',3,'StoreProduct','Цифр.фотоапарат Canon IXUS 130 IS orange','2012-06-04 19:45:04'),(2813,'admin',3,'StoreProduct','Цифр.фотоапарат Canon IXUS 210 IS black','2012-06-04 19:45:04'),(2814,'admin',3,'StoreProduct','Цифр.фотоапарат Canon IXUS 300 HS black','2012-06-04 19:45:04'),(2815,'admin',3,'StoreProduct','Цифр.фотоапарат Canon IXUS 95 IS Blue','2012-06-04 19:45:04'),(2816,'admin',3,'StoreProduct','Цифр.фотоапарат Canon PowerShot A1100 IS Silver','2012-06-04 19:45:04'),(2817,'admin',3,'StoreProduct','Цифр.фотоапарат Canon PowerShot A2200 IS Silver','2012-06-04 19:45:04'),(2818,'admin',3,'StoreProduct','Цифр.фотоапарат Canon PowerShot A3000 IS Silver','2012-06-04 19:45:04'),(2819,'admin',3,'StoreProduct','Цифр.фотоапарат Canon PowerShot A3100 IS Silver','2012-06-04 19:45:04'),(2820,'admin',3,'StoreProduct','Цифр.фотоапарат Canon PowerShot A490 Silver','2012-06-04 19:45:04'),(2821,'admin',3,'StoreProduct','Цифр.фотоапарат Canon PowerShot A495 Silver','2012-06-04 19:45:04'),(2822,'admin',3,'StoreProduct','Цифр.фотоапарат Canon PowerShot A800 Red','2012-06-04 19:45:04'),(2823,'admin',3,'StoreProduct','Цифр.фотоапарат Canon PowerShot A800 Silver','2012-06-04 19:45:04'),(2824,'admin',3,'StoreProduct','Цифр.фотоапарат Canon PowerShot SX120 IS чорний','2012-06-04 19:45:04'),(2825,'admin',3,'StoreProduct','Цифр.фотоапарат Canon PowerShot SX130 IS срібний','2012-06-04 19:45:04'),(2826,'admin',3,'StoreProduct','Цифр.фотоапарат Canon PowerShot SX210 IS Gold','2012-06-04 19:45:04'),(2827,'admin',3,'StoreProduct','Цифр.фотоапарат Canon PowerShot SX210 IS Pur','2012-06-04 19:45:04'),(2828,'admin',3,'StoreProduct','Фотопапір ColorWay A4, 155 г/м2,   50л, глянцевий двoсторонній','2012-06-04 19:45:12'),(2829,'admin',3,'StoreProduct','Фотопапір ColorWay A4, 180 г/м2,   20л, глянцевий','2012-06-04 19:45:12'),(2830,'admin',3,'StoreProduct','Фотопапір ColorWay A4, 180 г/м2,   50л, глянцевий','2012-06-04 19:45:12'),(2831,'admin',3,'StoreProduct','Фотопапір ColorWay A4, 190 г/м2,   20л, матовий','2012-06-04 19:45:12'),(2832,'admin',3,'StoreProduct','Фотопапір ColorWay A4, 210 г/м2,   20л, глянцевий','2012-06-04 19:45:12'),(2833,'admin',3,'StoreProduct','Фотопапір ColorWay A4, 220 г/м2,   50л, матовий двосторонній','2012-06-04 19:45:12'),(2834,'admin',3,'StoreProduct','Фотопапір ColorWay A4, 240 г/м2,   20л, глянцевий','2012-06-04 19:45:12'),(2835,'admin',3,'StoreProduct','Фотопапір ColorWay A4, 240 г/м2,   20л, суперглянцевий','2012-06-04 19:45:12'),(2836,'admin',3,'StoreProduct','Фотопапір ColorWay A4, 240 г/м2,   50л, глянцевий','2012-06-04 19:45:12'),(2837,'admin',3,'StoreProduct','Фотопапір ColorWay A4, 240 г/м2,   50л, суперглянцевий','2012-06-04 19:45:13'),(2838,'admin',3,'StoreProduct','Фотопапір ColorWay A4, 260 г/м2,   20л, сатин мікропористий','2012-06-04 19:45:13'),(2839,'admin',3,'StoreProduct','Фотопапір ColorWay A4, 260 г/м2,   20л, суперглянцевий','2012-06-04 19:45:13'),(2840,'admin',3,'StoreProduct','Фотопапір ColorWay A4, 260 г/м2,   20л, суперглянцевий шовковий','2012-06-04 19:45:13'),(2841,'admin',3,'StoreProduct','Фотопапір ColorWay A4, 260 г/м2,   50л, суперглянцевий','2012-06-04 19:45:13'),(2842,'admin',3,'StoreProduct','Фотопапір рулонний ColorWay, 24\"x30m, 135 г/м2, глянцевий','2012-06-04 19:45:13'),(2843,'admin',3,'StoreProduct','Фотопапір рулонний ColorWay, 36\"x30m, 135 г/м2, глянцевий','2012-06-04 19:45:13'),(2844,'admin',3,'StoreProduct','Футляр для GPS 4,7\" PORT Designs  Pouch LIMA 4 3 4 7','2012-06-04 19:45:13'),(2845,'admin',3,'StoreProduct','Футляр для фото камер LC Sport-129, Black чорний','2012-06-04 19:45:13'),(2846,'admin',3,'StoreProduct','Футляр для фото камер LC Sport-239, Black чорний','2012-06-04 19:45:13'),(2847,'admin',3,'StoreProduct','Футляр для фото камер Sony LCS-TWС/C для T, W серії, світло-коричнева','2012-06-04 19:45:13'),(2848,'admin',3,'StoreProduct','Футляр для фото камер VAX 8001 Aribau Black чорний','2012-06-04 19:45:13'),(2849,'admin',3,'StoreProduct','Футляр для фото камер VAX 8002 Aribau Orange оранжевий','2012-06-04 19:45:13'),(2850,'admin',3,'StoreProduct','Футляр для фото камер VAX 8003 Aribau Red червоний','2012-06-04 19:45:13'),(2851,'admin',3,'StoreProduct','Футляр для фото камер VAX 8005 Aribau Grey сірий','2012-06-04 19:45:13'),(2852,'admin',3,'StoreProduct','Футляр для фото/відео камер PORT Designs Casablanca L','2012-06-04 19:45:13'),(2853,'admin',3,'StoreProduct','Футляр для фото/відео камер PORT Designs Casablanca L Black чорно-сіра','2012-06-04 19:45:13'),(2854,'admin',3,'StoreProduct','Футляр для фото/відео камер PORT Designs Casablanca S','2012-06-04 19:45:13'),(2855,'admin',3,'StoreProduct','Футляр для фото/відео камер PORT Designs Casablanca S Black чорно-сіра','2012-06-04 19:45:13'),(2856,'admin',3,'StoreProduct','Футляр для фото/відео камер PORT Designs Ibiza SLR S Black чорно-оранжева','2012-06-04 19:45:13'),(2857,'admin',3,'StoreProduct','Цифр. відеокамера Canon FS306 Legria Blue','2012-06-04 19:45:13'),(2858,'admin',3,'StoreProduct','Фотопапір ColorWay 10*15, 150 г/м2,   50л, глянцевий','2012-06-04 19:45:18'),(2859,'admin',3,'StoreProduct','Фотопапір ColorWay 10*15, 180 г/м2, 100л, глянцевий','2012-06-04 19:45:18'),(2860,'admin',3,'StoreProduct','Фотопапір ColorWay 10*15, 180 г/м2, 20л, глянцевий','2012-06-04 19:45:18'),(2861,'admin',3,'StoreProduct','Фотопапір ColorWay 10*15, 180 г/м2, 500л, глянцевий','2012-06-04 19:45:18'),(2862,'admin',3,'StoreProduct','Фотопапір ColorWay 10*15, 190 г/м2,  50л, матовий','2012-06-04 19:45:18'),(2863,'admin',3,'StoreProduct','Фотопапір ColorWay 10*15, 190 г/м2, 100л, матовий','2012-06-04 19:45:18'),(2864,'admin',3,'StoreProduct','Фотопапір ColorWay 10*15, 210 г/м2, 100л, глянцевий','2012-06-04 19:45:18'),(2865,'admin',3,'StoreProduct','Фотопапір ColorWay 10*15, 210 г/м2, 500л, глянцевий','2012-06-04 19:45:18'),(2866,'admin',3,'StoreProduct','Фотопапір ColorWay 10*15, 240 г/м2,   20л, глянцевий','2012-06-04 19:45:18'),(2867,'admin',3,'StoreProduct','Фотопапір ColorWay 10*15, 240 г/м2,   50л, глянцевий','2012-06-04 19:45:18'),(2868,'admin',3,'StoreProduct','Фотопапір ColorWay 10*15, 240 г/м2, 100л, глянцевий','2012-06-04 19:45:18'),(2869,'admin',3,'StoreProduct','Фотопапір ColorWay 10*15, 260 г/м2,   20л, глянцевий','2012-06-04 19:45:18'),(2870,'admin',3,'StoreProduct','Фотопапір ColorWay 10*15, 260 г/м2,   20л, сатин мікропористий','2012-06-04 19:45:18'),(2871,'admin',3,'StoreProduct','Фотопапір ColorWay 10*15, 260 г/м2,   20л, суперглянцевий мікропористий','2012-06-04 19:45:18'),(2872,'admin',3,'StoreProduct','Фотопапір ColorWay 10*15, 260 г/м2,   20л, суперглянцевий шовковий','2012-06-04 19:45:18'),(2873,'admin',3,'StoreProduct','Фотопапір ColorWay 10*15, 260 г/м2,   50л, глянцевий','2012-06-04 19:45:18'),(2874,'admin',3,'StoreProduct','Фотопапір ColorWay 10*15, 260 г/м2, 100л, глянцевий','2012-06-04 19:45:18'),(2875,'admin',3,'StoreProduct','Фотопапір ColorWay A4, 108 г/м2,   50л, матовий','2012-06-04 19:45:18'),(2876,'admin',3,'StoreProduct','Фотопапір ColorWay A4, 108 г/м2, 100л, матовий','2012-06-04 19:45:18'),(2877,'admin',3,'StoreProduct','Фотопапір ColorWay A4, 130 г/м2,   100л, глянцевий','2012-06-04 19:45:18'),(2878,'admin',3,'StoreProduct','Фотопапір ColorWay A4, 130 г/м2,   20л, глянцевий','2012-06-04 19:45:18'),(2879,'admin',3,'StoreProduct','Фотопапір ColorWay A4, 135 г/м2,   20л, матовий','2012-06-04 19:45:18'),(2880,'admin',3,'StoreProduct','Фотопапір ColorWay A4, 135 г/м2,  100л, матовий','2012-06-04 19:45:18'),(2881,'admin',3,'StoreProduct','Фотопапір ColorWay A4, 140 г/м2,   50л, матовий двосторонній','2012-06-04 19:45:18'),(2882,'admin',3,'StoreProduct','Фотопапір ColorWay A4, 150 г/м2,   100л, глянцевий','2012-06-04 19:45:18'),(2883,'admin',3,'StoreProduct','Фотопапір ColorWay A4, 150 г/м2,   20л, глянцевий','2012-06-04 19:45:18'),(2884,'admin',3,'StoreProduct','Фотопапір ColorWay A4, 150 г/м2,   50л, глянцевий','2012-06-04 19:45:18'),(2885,'admin',3,'StoreProduct','Фотопапір ColorWay A4, 210 г/м2,   50л, глянцевий','2012-06-04 19:45:18'),(2886,'admin',3,'StoreProduct','Фотопапір ColorWay A4, 220 г/м2,   20л, глянцевий двoсторонній','2012-06-04 19:45:19'),(2887,'admin',3,'StoreProduct','Фотопапір ColorWay A4, 220 г/м2,   50л, глянцевий двoсторонній','2012-06-04 19:45:19'),(2888,'admin',3,'StoreProduct','Memory card Secure Digital Micro 4Gb TakeMS (class4) Retail','2012-06-04 19:45:32'),(2889,'admin',3,'StoreProduct','Memory card Secure Digital Micro 4Gb Toshiba','2012-06-04 19:45:32'),(2890,'admin',3,'StoreProduct','Memory card Secure Digital Micro 4Gb Transcend SDHC with adapter','2012-06-04 19:45:32'),(2891,'admin',3,'StoreProduct','Memory card Secure Digital Micro 8Gb GoodRam Retail9 + adapter','2012-06-04 19:45:32'),(2892,'admin',3,'StoreProduct','Memory card Secure Digital Micro 8Gb GoodRam SDHC(4)','2012-06-04 19:45:32'),(2893,'admin',3,'StoreProduct','Memory card Secure Digital Micro 8Gb Kingston SDHC','2012-06-04 19:45:32'),(2894,'admin',3,'StoreProduct','Memory card Secure Digital Micro 8Gb Patriot SDHC(10)','2012-06-04 19:45:32'),(2895,'admin',3,'StoreProduct','Memory card Secure Digital Micro 8Gb Patriot SDHC(4)','2012-06-04 19:45:32'),(2896,'admin',3,'StoreProduct','Memory card Secure Digital Micro 8Gb TakeMS SDHC(4) Retail','2012-06-04 19:45:32'),(2897,'admin',3,'StoreProduct','Memory card Secure Digital Micro 8Gb Toshiba SDHC(4)','2012-06-04 19:45:32'),(2898,'admin',3,'StoreProduct','Memory card Secure Digital Micro 8Gb Toshiba SDHC(4) + case + adapter','2012-06-04 19:45:33'),(2899,'admin',3,'StoreProduct','Memory card Secure Digital Micro 8Gb Transcend SDHC(6)','2012-06-04 19:45:33'),(2900,'admin',3,'StoreProduct','Memory card Secure Digital Micro 8Gb Transcend SDHC(6)+SD adapter','2012-06-04 19:45:33'),(2901,'admin',3,'StoreProduct','Memory card Secure Digital XC   64Gb Patriot Cl10','2012-06-04 19:45:33'),(2902,'admin',3,'StoreProduct','Захисний чохол iPhone Case, Modecom HANDY, чорний','2012-06-04 19:45:33'),(2903,'admin',3,'StoreProduct','Рюкзак для фото/відео камер    PORT Designs Casablanca','2012-06-04 19:45:33'),(2904,'admin',3,'StoreProduct','Фотопапір ACME A4 115 г/м2 100л глянцевий (value pack)','2012-06-04 19:45:33'),(2905,'admin',3,'StoreProduct','Фотопапір ACME A4 150 г/м2  50л глянцевий (value pack)','2012-06-04 19:45:33'),(2906,'admin',3,'StoreProduct','Фотопапір ACME A4 170 г/м2  100л глянцевий  (value pack)','2012-06-04 19:45:33'),(2907,'admin',3,'StoreProduct','Фотопапір ACME A4 170 г/м2  20л глянцевий (value pack)','2012-06-04 19:45:33'),(2908,'admin',3,'StoreProduct','Фотопапір ACME A6 (10*15) 115 г/м2 100л глянцевий (value pack)','2012-06-04 19:45:33'),(2909,'admin',3,'StoreProduct','Фотопапір ACME A6 (10*15) 150 г/м2 100л глянцевий (value pack)','2012-06-04 19:45:33'),(2910,'admin',3,'StoreProduct','Фотопапір ACME A6 (10*15) 170 г/м2 20 л глянцевий (value pack)','2012-06-04 19:45:33'),(2911,'admin',3,'StoreProduct','Фотопапір Black Point A4, 230г/м2,  63л, глянцевий','2012-06-04 19:45:33'),(2912,'admin',3,'StoreProduct','Фотопапір Black Point A4, 260г/м2,  25л, глянцевий','2012-06-04 19:45:33'),(2913,'admin',3,'StoreProduct','Фотопапір Black Point A4, 260г/м2,  63л, глянцевий','2012-06-04 19:45:33'),(2914,'admin',3,'StoreProduct','Фотопапір Black Point A6(10*15), 260г/м2,  125л, глянцевий','2012-06-04 19:45:33'),(2915,'admin',3,'StoreProduct','Фотопапір Black Point A6(10*15), 260г/м2,  32л, глянцевий','2012-06-04 19:45:33'),(2916,'admin',3,'StoreProduct','Фотопапір ColorWay 10*15, 180 г/м2, 50л, глянцевий','2012-06-04 19:45:33'),(2917,'admin',3,'StoreProduct','Фотопапір ColorWay 10*15, 190 г/м2,  20л, матовий','2012-06-04 19:45:33'),(2918,'admin',3,'StoreProduct','Memory card Secure Digital 4Gb SDHC Patriot Cl 6','2012-06-04 19:45:38'),(2919,'admin',3,'StoreProduct','Memory card Secure Digital 4Gb SDHC Transcend Cl4','2012-06-04 19:45:38'),(2920,'admin',3,'StoreProduct','Memory card Secure Digital 4Gb Toshiba Retail SDHC class2','2012-06-04 19:45:38'),(2921,'admin',3,'StoreProduct','Memory card Secure Digital 4Gb Toshiba Retail SDHC class4','2012-06-04 19:45:38'),(2922,'admin',3,'StoreProduct','Memory card Secure Digital 4Gb, SDHC, Kingston (cl)','2012-06-04 19:45:38'),(2923,'admin',3,'StoreProduct','Memory card Secure Digital 8Gb SDHC GoodRam (cl6)','2012-06-04 19:45:38'),(2924,'admin',3,'StoreProduct','Memory card Secure Digital 8Gb SDHC GoodRam (cl6) Slim Retail','2012-06-04 19:45:38'),(2925,'admin',3,'StoreProduct','Memory card Secure Digital 8Gb SDHC Patriot Class 10','2012-06-04 19:45:38'),(2926,'admin',3,'StoreProduct','Memory card Secure Digital 8Gb SDHC Patriot class 6','2012-06-04 19:45:39'),(2927,'admin',3,'StoreProduct','Memory card Secure Digital 8Gb SDHC Transcend Cl2','2012-06-04 19:45:39'),(2928,'admin',3,'StoreProduct','Memory card Secure Digital 8Gb SDHC Transcend Cl4','2012-06-04 19:45:39'),(2929,'admin',3,'StoreProduct','Memory card Secure Digital 8Gb Toshiba Retail SDHC class10','2012-06-04 19:45:39'),(2930,'admin',3,'StoreProduct','Memory card Secure Digital 8Gb Toshiba Retail SDHC class2','2012-06-04 19:45:39'),(2931,'admin',3,'StoreProduct','Memory card Secure Digital 8Gb Toshiba Retail SDHC class6','2012-06-04 19:45:39'),(2932,'admin',3,'StoreProduct','Memory card Secure Digital 8Gb, Kingston class4','2012-06-04 19:45:39'),(2933,'admin',3,'StoreProduct','Memory card Secure Digital Micro 16Gb GoodRam Retail9+ adapter','2012-06-04 19:45:39'),(2934,'admin',3,'StoreProduct','Memory card Secure Digital Micro 16Gb GoodRam SDHC(2)','2012-06-04 19:45:39'),(2935,'admin',3,'StoreProduct','Memory card Secure Digital Micro 16Gb Patriot SDHC(4) + SD adapter','2012-06-04 19:45:39'),(2936,'admin',3,'StoreProduct','Memory card Secure Digital Micro 16Gb Toshiba + SD adapter','2012-06-04 19:45:39'),(2937,'admin',3,'StoreProduct','Memory card Secure Digital Micro 16Gb Toshiba SDHC + SD adapter','2012-06-04 19:45:39'),(2938,'admin',3,'StoreProduct','Memory card Secure Digital Micro 2Gb Goodram Retail9+ adapter','2012-06-04 19:45:39'),(2939,'admin',3,'StoreProduct','Memory card Secure Digital Micro 2Gb GoodRam Slim Retail','2012-06-04 19:45:39'),(2940,'admin',3,'StoreProduct','Memory card Secure Digital Micro 2Gb Kingston','2012-06-04 19:45:39'),(2941,'admin',3,'StoreProduct','Memory card Secure Digital Micro 2Gb Patriot 3 in 1','2012-06-04 19:45:39'),(2942,'admin',3,'StoreProduct','Memory card Secure Digital Micro 2Gb TakeMS 2 Gb Retail','2012-06-04 19:45:39'),(2943,'admin',3,'StoreProduct','Memory card Secure Digital Micro 4Gb GoodRam Retail9 + adapter','2012-06-04 19:45:39'),(2944,'admin',3,'StoreProduct','Memory card Secure Digital Micro 4Gb GoodRam SDHC class 4 Slim Retail','2012-06-04 19:45:39'),(2945,'admin',3,'StoreProduct','Memory card Secure Digital Micro 4Gb Kingston SDHC','2012-06-04 19:45:39'),(2946,'admin',3,'StoreProduct','Memory card Secure Digital Micro 4Gb Patriot SDHC(4)','2012-06-04 19:45:39'),(2947,'admin',3,'StoreProduct','Memory card Secure Digital Micro 4Gb Toshiba + case + SD adapter','2012-06-04 19:45:39'),(2948,'admin',3,'StoreProduct','Memory card Compact Flash 32Gb Patriot','2012-06-04 19:45:44'),(2949,'admin',3,'StoreProduct','Memory card Compact Flash 32Gb Patriot','2012-06-04 19:45:44'),(2950,'admin',3,'StoreProduct','Memory card Compact Flash 4G Pretec 40x','2012-06-04 19:45:44'),(2951,'admin',3,'StoreProduct','Memory card Compact Flash 4Gb Patriot','2012-06-04 19:45:44'),(2952,'admin',3,'StoreProduct','Memory card Compact Flash 64Gb Patriot','2012-06-04 19:45:44'),(2953,'admin',3,'StoreProduct','Memory card Compact Flash 8Gb Patriot','2012-06-04 19:45:44'),(2954,'admin',3,'StoreProduct','Memory card Compact Flash 8Gb Patriot','2012-06-04 19:45:44'),(2955,'admin',3,'StoreProduct','Memory card Memory Stick M2 2Gb Goodram +pro Duo adapter','2012-06-04 19:45:44'),(2956,'admin',3,'StoreProduct','Memory card Memory Stick M2 4Gb Goodram +pro Duo adapter','2012-06-04 19:45:44'),(2957,'admin',3,'StoreProduct','Memory card Memory Stick M2 8Gb Goodram +pro Duo adapter','2012-06-04 19:45:44'),(2958,'admin',3,'StoreProduct','Memory card Secure Digital 16Gb SDHC GoodRam (cl4)','2012-06-04 19:45:44'),(2959,'admin',3,'StoreProduct','Memory card Secure Digital 16Gb Toshiba Retail SDHC class10','2012-06-04 19:45:44'),(2960,'admin',3,'StoreProduct','Memory card Secure Digital 16Gb Transcend 600X','2012-06-04 19:45:44'),(2961,'admin',3,'StoreProduct','Memory card Secure Digital 1Gb TakeMS 60x','2012-06-04 19:45:44'),(2962,'admin',3,'StoreProduct','Memory card Secure Digital 2Gb GoodRam New Retail 9','2012-06-04 19:45:44'),(2963,'admin',3,'StoreProduct','Memory card Secure Digital 32Gb SDHC Patriot class 10','2012-06-04 19:45:44'),(2964,'admin',3,'StoreProduct','Memory card Secure Digital 4Gb SDHC GoodRam - New Retail (cl6)','2012-06-04 19:45:44'),(2965,'admin',3,'StoreProduct','Memory card Secure Digital 4Gb SDHC GoodRam (cl6)','2012-06-04 19:45:44'),(2966,'admin',3,'StoreProduct','Memory card Compact Flash 16Gb Patriot','2012-06-04 19:45:44'),(2967,'admin',3,'StoreProduct','Memory card Compact Flash 16Gb Pretec 233X','2012-06-04 19:45:44'),(2968,'admin',3,'StoreProduct','HP A4, C6951A, 20л, Premium Plus Photo Paper satin-matt','2012-06-04 19:45:44'),(2969,'admin',3,'StoreProduct','HP 42\"x45m, Q1406A, Coated Paper','2012-06-04 19:45:44'),(2970,'admin',3,'StoreProduct','HP 36\"x45m, Q1405A, Coated Paper','2012-06-04 19:45:44'),(2971,'admin',3,'StoreProduct','HP 36\"x30m, C6030С, Heavyweight Coated Paper','2012-06-04 19:45:44'),(2972,'admin',3,'StoreProduct','HP 24\"x45m, C6035A, Bright White Inkjet Paper','2012-06-04 19:45:44'),(2973,'admin',3,'StoreProduct','HP 24\"x30m, C6029С, Heavyweight Coated Paper -- 130 г/м2,','2012-06-04 19:45:44'),(2974,'admin',3,'StoreProduct','Epson A4 Photo Paper,','2012-06-04 19:45:44'),(2975,'admin',3,'StoreProduct','Epson A4 20л, 251г/м2, Prem.Semigl.Paper, C13S041332','2012-06-04 19:45:44'),(2976,'admin',3,'StoreProduct','(у) Цифр.фотоапарат Canon PowerShot A1100 IS Silver','2012-06-04 19:45:44'),(2977,'admin',3,'StoreProduct','Epson 10x15см 500л, 225г/м2, Glossy Photo Paper, C13S042201','2012-06-04 19:45:44'),(2978,'admin',3,'StoreProduct','Epson 10x15см 500л, 225г/м2, Semi-Glossy Photo Paper, C13S042200','2012-06-04 19:45:54'),(2979,'admin',3,'StoreProduct','Epson 10х15см, 100л., Premium Glossy Photo Paper','2012-06-04 19:45:54'),(2980,'admin',3,'StoreProduct','Цифр.фотоапарат Nikon Coolpix S3000 Silver','2012-06-04 19:47:45'),(2981,'admin',3,'StoreProduct','Цифр.фотоапарат Nikon Coolpix S3000 Orange','2012-06-04 19:47:45'),(2982,'admin',3,'StoreProduct','Цифр.фотоапарат Nikon Coolpix S3000 Magenta','2012-06-04 19:47:45'),(2983,'admin',3,'StoreProduct','Цифр.фотоапарат Canon PowerShot SX210 IS чорний','2012-06-04 19:47:45'),(2984,'admin',3,'StoreProduct','Цифр.фотоапарат FUJI FinePix S2950 ,чорний','2012-06-04 19:47:45'),(2985,'admin',3,'StoreProduct','Цифр.фотоапарат KODAK  C122, срібний','2012-06-04 19:47:45'),(2986,'admin',3,'StoreProduct','Цифр.фотоапарат Nikon CoolPix P500, чорний','2012-06-04 19:47:45'),(2987,'admin',3,'StoreProduct','Цифр.фотоапарат Nikon Coolpix S2500 Black','2012-06-04 19:47:45'),(2988,'admin',3,'StoreProduct','Цифр.фотоапарат Nikon Coolpix S2500 Pink','2012-06-04 19:47:45'),(2989,'admin',3,'StoreProduct','Цифр.фотоапарат Nikon Coolpix S2500 Silver','2012-06-04 19:47:45'),(2990,'admin',3,'StoreProduct','Цифр.фотоапарат Nikon Coolpix S3000 Black','2012-06-04 19:47:45'),(2991,'admin',3,'StoreProduct','Цифр.фотоапарат Nikon Coolpix S3000 Blue','2012-06-04 19:47:46'),(2992,'admin',3,'StoreProduct','Цифр.фотоапарат Nikon Coolpix S3000 Green','2012-06-04 19:47:46'),(2993,'admin',3,'StoreProduct','Цифр.фотоапарат SONY Cyber-Shot S2100 Orange','2012-06-04 19:47:46'),(2994,'admin',3,'StoreProduct','Цифр.фотоапарат SONY Cyber-Shot S2100 Black','2012-06-04 19:47:46'),(2995,'admin',3,'StoreProduct','Цифр.фотоапарат SONY Cyber-Shot S2000 Silver','2012-06-04 19:47:46'),(2996,'admin',3,'StoreProduct','Цифр.фотоапарат SONY Cyber-Shot S2000 Black','2012-06-04 19:47:46'),(2997,'admin',3,'StoreProduct','Цифр.фотоапарат Ricoh Caplio R4 Silver','2012-06-04 19:47:46'),(2998,'admin',3,'StoreProduct','Цифр.фотоапарат PANASONIC DMC-FH25 Black','2012-06-04 19:47:46'),(2999,'admin',3,'StoreProduct','Цифр.фотоапарат Olympus SP-600 UltraZoom Black','2012-06-04 19:47:46'),(3000,'admin',3,'StoreProduct','Цифр.фотоапарат Olympus SP-800 UltraZoom Silver','2012-06-04 19:47:46'),(3001,'admin',3,'StoreProduct','Цифр.фотоапарат Nikon D3100 KIT 18-105 VR 2коробки!!!','2012-06-04 19:47:46'),(3002,'admin',3,'StoreProduct','Цифр.фотоапарат Nikon D-5000 KIT AF-S DX 18-55 VR','2012-06-04 19:47:46'),(3003,'admin',3,'StoreProduct','Цифр.фотоапарат Nikon D-3100 KIT AF-S DX 18-55 VR','2012-06-04 19:47:46'),(3004,'admin',3,'StoreProduct','Цифр.фотоапарат Nikon Coolpix S3100 Black','2012-06-04 19:47:46'),(3005,'admin',3,'StoreProduct','Цифр.фотоапарат Nikon Coolpix S4000 Black','2012-06-04 19:47:46'),(3006,'admin',3,'StoreProduct','Цифр.фотоапарат Nikon Coolpix S5100 Black','2012-06-04 19:47:46'),(3007,'admin',3,'StoreProduct','Цифр.фотоапарат SONY Cyber-Shot S2100 Silver','2012-06-04 19:47:46'),(3008,'admin',3,'StoreProduct','Цифр.фотоапарат SONY Cyber-Shot S3000 Black','2012-06-04 19:47:46'),(3009,'admin',3,'StoreProduct','Цифр.фотоапарат SONY Cyber-Shot S3000 Silver','2012-06-04 19:47:46'),(3010,'admin',3,'StoreProduct','Цифр. відеокамера Canon FS306 Legria Silver','2012-06-04 19:47:51'),(3011,'admin',3,'StoreProduct','Цифр. відеокамера Panasonic HDC-SD60EE-K, чорна','2012-06-04 19:47:51'),(3012,'admin',3,'StoreProduct','Цифр. відеокамера Panasonic SDR-T50EE-K, чорна','2012-06-04 19:47:51'),(3013,'admin',3,'StoreProduct','Цифр. відеокамера Samsung VP-D381','2012-06-04 19:47:51'),(3014,'admin',3,'StoreProduct','Цифр. відеокамера Sony DCR-SX44E, срібна','2012-06-04 19:47:51'),(3015,'admin',3,'StoreProduct','Цифр.фотоапарат BenQ DC C1430 Black','2012-06-04 19:47:51'),(3016,'admin',3,'StoreProduct','Цифр.фотоапарат BenQ DC C1430 Silver','2012-06-04 19:47:51'),(3017,'admin',3,'StoreProduct','Цифр.фотоапарат Canon IXUS 130 IS black','2012-06-04 19:47:51'),(3018,'admin',3,'StoreProduct','Цифр.фотоапарат Canon IXUS 130 IS orange','2012-06-04 19:47:51'),(3019,'admin',3,'StoreProduct','Цифр.фотоапарат Canon IXUS 210 IS black','2012-06-04 19:47:51'),(3020,'admin',3,'StoreProduct','Цифр.фотоапарат Canon IXUS 300 HS black','2012-06-04 19:47:51'),(3021,'admin',3,'StoreProduct','Цифр.фотоапарат Canon IXUS 95 IS Blue','2012-06-04 19:47:51'),(3022,'admin',3,'StoreProduct','Цифр.фотоапарат Canon PowerShot A1100 IS Silver','2012-06-04 19:47:51'),(3023,'admin',3,'StoreProduct','Цифр.фотоапарат Canon PowerShot A2200 IS Silver','2012-06-04 19:47:51'),(3024,'admin',3,'StoreProduct','Цифр.фотоапарат Canon PowerShot A3000 IS Silver','2012-06-04 19:47:51'),(3025,'admin',3,'StoreProduct','Цифр.фотоапарат Canon PowerShot A3100 IS Silver','2012-06-04 19:47:52'),(3026,'admin',3,'StoreProduct','Цифр.фотоапарат Canon PowerShot A490 Silver','2012-06-04 19:47:52'),(3027,'admin',3,'StoreProduct','Цифр.фотоапарат Canon PowerShot A495 Silver','2012-06-04 19:47:52'),(3028,'admin',3,'StoreProduct','Цифр.фотоапарат Canon PowerShot A800 Black','2012-06-04 19:47:52'),(3029,'admin',3,'StoreProduct','Цифр.фотоапарат Canon PowerShot A800 Red','2012-06-04 19:47:52'),(3030,'admin',3,'StoreProduct','Цифр.фотоапарат Canon PowerShot A800 Silver','2012-06-04 19:47:52'),(3031,'admin',3,'StoreProduct','Цифр.фотоапарат Canon PowerShot SX120 IS чорний','2012-06-04 19:47:52'),(3032,'admin',3,'StoreProduct','Цифр.фотоапарат Canon PowerShot SX130 IS срібний','2012-06-04 19:47:52'),(3033,'admin',3,'StoreProduct','Цифр.фотоапарат Canon PowerShot SX210 IS Gold','2012-06-04 19:47:52'),(3034,'admin',3,'StoreProduct','Цифр.фотоапарат Canon PowerShot SX210 IS Pur','2012-06-04 19:47:52'),(3035,'admin',3,'StoreProduct','Цифр.фотоапарат Nikon Coolpix L21 Silver','2012-06-04 19:47:52'),(3036,'admin',3,'StoreProduct','Цифр.фотоапарат Nikon Coolpix L22 Silver','2012-06-04 19:47:52'),(3037,'admin',3,'StoreProduct','Цифр.фотоапарат Nikon Coolpix L23 Black','2012-06-04 19:47:52'),(3038,'admin',3,'StoreProduct','Цифр.фотоапарат Nikon Coolpix L23 Pink','2012-06-04 19:47:52'),(3039,'admin',3,'StoreProduct','Цифр.фотоапарат Nikon CoolPix P300, чорний','2012-06-04 19:47:52'),(3040,'admin',3,'StoreProduct','Цифр.фотоапарат Olympus SP-600 UltraZoom Black','2012-06-04 19:47:59'),(3041,'admin',3,'StoreProduct','Цифр.фотоапарат Olympus SP-800 UltraZoom Silver','2012-06-04 19:47:59'),(3042,'admin',3,'StoreProduct','Цифр.фотоапарат SONY Cyber-Shot S2000 Silver','2012-06-04 19:47:59'),(3043,'admin',3,'StoreProduct','Цифр.фотоапарат SONY Cyber-Shot S2100 Black','2012-06-04 19:47:59'),(3044,'admin',3,'StoreProduct','Цифр.фотоапарат SONY Cyber-Shot S2100 Orange','2012-06-04 19:47:59'),(3045,'admin',3,'StoreProduct','Цифр.фотоапарат SONY Cyber-Shot S2100 Silver','2012-06-04 19:48:00'),(3046,'admin',3,'StoreProduct','Цифр.фотоапарат SONY Cyber-Shot S3000 Black','2012-06-04 19:48:00'),(3047,'admin',3,'StoreProduct','Цифр.фотоапарат SONY Cyber-Shot S3000 Silver','2012-06-04 19:48:00'),(3048,'admin',3,'StoreProduct','Фотопапір рулонний ColorWay, 24\"x30m, 135 г/м2, глянцевий','2012-06-04 19:48:00'),(3049,'admin',3,'StoreProduct','Фотопапір рулонний ColorWay, 36\"x30m, 135 г/м2, глянцевий','2012-06-04 19:48:00'),(3050,'admin',3,'StoreProduct','Футляр для GPS 4,7\" PORT Designs  Pouch LIMA 4 3 4 7','2012-06-04 19:48:00'),(3051,'admin',3,'StoreProduct','Футляр для фото камер LC Sport-129, Black чорний','2012-06-04 19:48:00'),(3052,'admin',3,'StoreProduct','Футляр для фото камер LC Sport-239, Black чорний','2012-06-04 19:48:00'),(3053,'admin',3,'StoreProduct','Футляр для фото камер Sony LCS-TWС/C для T, W серії, світло-коричнева','2012-06-04 19:48:00'),(3054,'admin',3,'StoreProduct','Футляр для фото камер VAX 8001 Aribau Black чорний','2012-06-04 19:48:00'),(3055,'admin',3,'StoreProduct','Футляр для фото камер VAX 8002 Aribau Orange оранжевий','2012-06-04 19:48:00'),(3056,'admin',3,'StoreProduct','Футляр для фото камер VAX 8003 Aribau Red червоний','2012-06-04 19:48:00'),(3057,'admin',3,'StoreProduct','Футляр для фото камер VAX 8005 Aribau Grey сірий','2012-06-04 19:48:00'),(3058,'admin',3,'StoreProduct','Футляр для фото/відео камер PORT Designs Casablanca L','2012-06-04 19:48:00'),(3059,'admin',3,'StoreProduct','Футляр для фото/відео камер PORT Designs Casablanca L Black чорно-сіра','2012-06-04 19:48:00'),(3060,'admin',3,'StoreProduct','Футляр для фото/відео камер PORT Designs Casablanca S','2012-06-04 19:48:00'),(3061,'admin',3,'StoreProduct','Футляр для фото/відео камер PORT Designs Casablanca S Black чорно-сіра','2012-06-04 19:48:00'),(3062,'admin',3,'StoreProduct','Футляр для фото/відео камер PORT Designs Ibiza L Black чорно-оранжева','2012-06-04 19:48:00'),(3063,'admin',3,'StoreProduct','Футляр для фото/відео камер PORT Designs Ibiza S Black чорно-оранжева','2012-06-04 19:48:00'),(3064,'admin',3,'StoreProduct','Футляр для фото/відео камер PORT Designs Ibiza SLR L Black чорно-оранжева','2012-06-04 19:48:00'),(3065,'admin',3,'StoreProduct','Футляр для фото/відео камер PORT Designs Ibiza SLR S Black чорно-оранжева','2012-06-04 19:48:00'),(3066,'admin',3,'StoreProduct','Цифр. відеокамера Canon FS306 Legria Blue','2012-06-04 19:48:00'),(3067,'admin',3,'StoreProduct','Цифр. відеокамера Canon FS306 Legria Red','2012-06-04 19:48:00'),(3068,'admin',3,'StoreProduct','Цифр. відеокамера Panasonic SDR-H85EE-S срібна','2012-06-04 19:48:00'),(3069,'admin',3,'StoreProduct','Цифр. відеокамера Panasonic SDR-S50EE-K, чорна','2012-06-04 19:48:00'),(3070,'admin',3,'StoreProduct','Цифр.фотоапарат Canon PowerShot A495 Silver','2012-06-04 19:48:04'),(3071,'admin',3,'StoreProduct','Цифр.фотоапарат Canon PowerShot SX210 IS Gold','2012-06-04 19:48:04'),(3072,'admin',3,'StoreProduct','Цифр.фотоапарат Canon PowerShot SX210 IS Pur','2012-06-04 19:48:04'),(3073,'admin',3,'StoreProduct','Цифр.фотоапарат Canon PowerShot SX210 IS чорний','2012-06-04 19:48:04'),(3074,'admin',3,'StoreProduct','Цифр.фотоапарат FUJI FinePix S2950 ,чорний','2012-06-04 19:48:04'),(3075,'admin',3,'StoreProduct','Цифр.фотоапарат KODAK  C122, срібний','2012-06-04 19:48:04'),(3076,'admin',3,'StoreProduct','Цифр.фотоапарат Nikon Coolpix L21 Silver','2012-06-04 19:48:04'),(3077,'admin',3,'StoreProduct','Цифр.фотоапарат Nikon Coolpix L22 Silver','2012-06-04 19:48:05'),(3078,'admin',3,'StoreProduct','Цифр.фотоапарат Nikon Coolpix L23 Black','2012-06-04 19:48:05'),(3079,'admin',3,'StoreProduct','Цифр.фотоапарат Nikon Coolpix L23 Pink','2012-06-04 19:48:05'),(3080,'admin',3,'StoreProduct','Цифр.фотоапарат Nikon CoolPix P300, чорний','2012-06-04 19:48:05'),(3081,'admin',3,'StoreProduct','Цифр.фотоапарат Nikon CoolPix P500, чорний','2012-06-04 19:48:05'),(3082,'admin',3,'StoreProduct','Цифр.фотоапарат Nikon Coolpix S2500 Black','2012-06-04 19:48:05'),(3083,'admin',3,'StoreProduct','Цифр.фотоапарат Nikon Coolpix S2500 Pink','2012-06-04 19:48:05'),(3084,'admin',3,'StoreProduct','Цифр.фотоапарат Nikon Coolpix S2500 Silver','2012-06-04 19:48:05'),(3085,'admin',3,'StoreProduct','Цифр.фотоапарат Nikon Coolpix S3000 Black','2012-06-04 19:48:05'),(3086,'admin',3,'StoreProduct','Цифр.фотоапарат Nikon Coolpix S3000 Blue','2012-06-04 19:48:05'),(3087,'admin',3,'StoreProduct','Цифр.фотоапарат Nikon Coolpix S3000 Green','2012-06-04 19:48:05'),(3088,'admin',3,'StoreProduct','Цифр.фотоапарат Nikon Coolpix S3000 Magenta','2012-06-04 19:48:05'),(3089,'admin',3,'StoreProduct','Цифр.фотоапарат Nikon Coolpix S3000 Orange','2012-06-04 19:48:05'),(3090,'admin',3,'StoreProduct','Цифр.фотоапарат Nikon Coolpix S3000 Silver','2012-06-04 19:48:05'),(3091,'admin',3,'StoreProduct','Цифр.фотоапарат Nikon Coolpix S3100 Black','2012-06-04 19:48:05'),(3092,'admin',3,'StoreProduct','Цифр.фотоапарат Nikon Coolpix S4000 Black','2012-06-04 19:48:05'),(3093,'admin',3,'StoreProduct','Цифр.фотоапарат Nikon Coolpix S5100 Black','2012-06-04 19:48:05'),(3094,'admin',3,'StoreProduct','Цифр.фотоапарат Nikon D-3100 KIT AF-S DX 18-55 VR','2012-06-04 19:48:05'),(3095,'admin',3,'StoreProduct','Цифр.фотоапарат Nikon D-5000 KIT AF-S DX 18-55 VR','2012-06-04 19:48:05'),(3096,'admin',3,'StoreProduct','Цифр.фотоапарат Nikon D3100 KIT 18-105 VR 2коробки!!!','2012-06-04 19:48:05'),(3097,'admin',3,'StoreProduct','Цифр.фотоапарат PANASONIC DMC-FH25 Black','2012-06-04 19:48:05'),(3098,'admin',3,'StoreProduct','Цифр.фотоапарат Ricoh Caplio R4 Silver','2012-06-04 19:48:05'),(3099,'admin',3,'StoreProduct','Цифр.фотоапарат SONY Cyber-Shot S2000 Black','2012-06-04 19:48:05'),(3100,'admin',3,'StoreProduct','Цифр. відеокамера Panasonic SDR-H85EE-S срібна','2012-06-04 19:48:09'),(3101,'admin',3,'StoreProduct','Цифр. відеокамера Panasonic SDR-S50EE-K, чорна','2012-06-04 19:48:09'),(3102,'admin',3,'StoreProduct','Цифр. відеокамера Panasonic SDR-T50EE-K, чорна','2012-06-04 19:48:09'),(3103,'admin',3,'StoreProduct','Цифр. відеокамера Samsung VP-D381','2012-06-04 19:48:09'),(3104,'admin',3,'StoreProduct','Цифр. відеокамера Sony DCR-SX44E, срібна','2012-06-04 19:48:09'),(3105,'admin',3,'StoreProduct','Цифр.фотоапарат BenQ DC C1430 Black','2012-06-04 19:48:09'),(3106,'admin',3,'StoreProduct','Цифр.фотоапарат BenQ DC C1430 Silver','2012-06-04 19:48:09'),(3107,'admin',3,'StoreProduct','Цифр.фотоапарат Canon IXUS 130 IS black','2012-06-04 19:48:10'),(3108,'admin',3,'StoreProduct','Цифр.фотоапарат Canon IXUS 130 IS orange','2012-06-04 19:48:10'),(3109,'admin',3,'StoreProduct','Цифр.фотоапарат Canon IXUS 210 IS black','2012-06-04 19:48:10'),(3110,'admin',3,'StoreProduct','Цифр.фотоапарат Canon IXUS 300 HS black','2012-06-04 19:48:10'),(3111,'admin',3,'StoreProduct','Цифр.фотоапарат Canon IXUS 95 IS Blue','2012-06-04 19:48:10'),(3112,'admin',3,'StoreProduct','Цифр.фотоапарат Canon PowerShot A1100 IS Silver','2012-06-04 19:48:10'),(3113,'admin',3,'StoreProduct','Цифр.фотоапарат Canon PowerShot A2200 IS Silver','2012-06-04 19:48:10'),(3114,'admin',3,'StoreProduct','Цифр.фотоапарат Canon PowerShot A3000 IS Silver','2012-06-04 19:48:10'),(3115,'admin',3,'StoreProduct','Цифр.фотоапарат Canon PowerShot A3100 IS Silver','2012-06-04 19:48:10'),(3116,'admin',3,'StoreProduct','Цифр.фотоапарат Canon PowerShot A490 Silver','2012-06-04 19:48:10'),(3117,'admin',3,'StoreProduct','Цифр.фотоапарат Canon PowerShot A800 Black','2012-06-04 19:48:10'),(3118,'admin',3,'StoreProduct','Цифр.фотоапарат Canon PowerShot A800 Red','2012-06-04 19:48:10'),(3119,'admin',3,'StoreProduct','Цифр.фотоапарат Canon PowerShot A800 Silver','2012-06-04 19:48:10'),(3120,'admin',3,'StoreProduct','Цифр.фотоапарат Canon PowerShot SX120 IS чорний','2012-06-04 19:48:10'),(3121,'admin',3,'StoreProduct','Цифр.фотоапарат Canon PowerShot SX130 IS срібний','2012-06-04 19:48:10'),(3122,'admin',3,'StoreProduct','Футляр для фото/відео камер PORT Designs Casablanca L Black чорно-сіра','2012-06-04 19:48:10'),(3123,'admin',3,'StoreProduct','Цифр. відеокамера Panasonic HDC-SD60EE-K, чорна','2012-06-04 19:48:10'),(3124,'admin',3,'StoreProduct','Цифр. відеокамера Canon FS306 Legria Silver','2012-06-04 19:48:10'),(3125,'admin',3,'StoreProduct','Цифр. відеокамера Canon FS306 Legria Red','2012-06-04 19:48:10'),(3126,'admin',3,'StoreProduct','Цифр. відеокамера Canon FS306 Legria Blue','2012-06-04 19:48:10'),(3127,'admin',3,'StoreProduct','Футляр для фото/відео камер PORT Designs Ibiza SLR S Black чорно-оранжева','2012-06-04 19:48:10'),(3128,'admin',3,'StoreProduct','Футляр для фото/відео камер PORT Designs Ibiza SLR L Black чорно-оранжева','2012-06-04 19:48:10'),(3129,'admin',3,'StoreProduct','Футляр для фото/відео камер PORT Designs Ibiza S Black чорно-оранжева','2012-06-04 19:48:10'),(3130,'admin',3,'StoreProduct','Футляр для фото/відео камер PORT Designs Ibiza L Black чорно-оранжева','2012-06-04 19:48:13'),(3131,'admin',3,'StoreProduct','Футляр для фото/відео камер PORT Designs Casablanca S Black чорно-сіра','2012-06-04 19:48:13'),(3132,'admin',3,'StoreProduct','Футляр для фото/відео камер PORT Designs Casablanca S','2012-06-04 19:48:13'),(3133,'admin',3,'StoreProduct','Футляр для фото/відео камер PORT Designs Casablanca L','2012-06-04 19:48:13'),(3134,'admin',3,'StoreProduct','Футляр для фото камер VAX 8005 Aribau Grey сірий','2012-06-04 19:48:13'),(3135,'admin',3,'StoreProduct','Футляр для фото камер VAX 8003 Aribau Red червоний','2012-06-04 19:48:13'),(3136,'admin',3,'StoreProduct','Футляр для фото камер VAX 8002 Aribau Orange оранжевий','2012-06-04 19:48:13'),(3137,'admin',3,'StoreProduct','Футляр для фото камер VAX 8001 Aribau Black чорний','2012-06-04 19:48:13'),(3138,'admin',3,'StoreProduct','Футляр для фото камер Sony LCS-TWС/C для T, W серії, світло-коричнева','2012-06-04 19:48:13'),(3139,'admin',3,'StoreProduct','Футляр для фото камер LC Sport-239, Black чорний','2012-06-04 19:48:13'),(3140,'admin',3,'StoreProduct','Фотопапір рулонний ColorWay, 24\"x30m, 135 г/м2, глянцевий','2012-06-04 19:48:14'),(3141,'admin',3,'StoreProduct','Фотопапір рулонний ColorWay, 36\"x30m, 135 г/м2, глянцевий','2012-06-04 19:48:14'),(3142,'admin',3,'StoreProduct','Футляр для фото камер LC Sport-129, Black чорний','2012-06-04 19:48:14'),(3143,'admin',3,'StoreProduct','Футляр для GPS 4,7\" PORT Designs  Pouch LIMA 4 3 4 7','2012-06-04 19:48:14'),(3144,'admin',3,'StoreAttribute','ovirobnik','2012-06-04 19:48:26'),(3145,'admin',3,'StoreAttribute','klas','2012-06-04 19:48:27'),(3146,'admin',3,'StoreAttribute','opis','2012-06-04 19:48:27'),(3147,'admin',3,'StoreAttribute','material','2012-06-04 19:48:27'),(3148,'admin',3,'StoreAttribute','virobnik','2012-06-04 19:48:27'),(3149,'admin',3,'StoreAttribute','model','2012-06-04 19:48:28'),(3150,'admin',3,'StoreAttribute','garantiya','2012-06-04 19:48:28'),(3151,'admin',3,'StoreAttribute','proizvoditel','2012-06-04 19:48:28'),(3152,'admin',3,'StoreAttribute','svitlochutlivist','2012-06-04 19:48:28'),(3153,'admin',3,'StoreAttribute','obktiv','2012-06-04 19:48:29'),(3154,'admin',3,'StoreAttribute','makrorezhim','2012-06-04 19:48:29'),(3155,'admin',3,'StoreAttribute','matricya','2012-06-04 19:48:29'),(3156,'admin',3,'StoreAttribute','interfeisi','2012-06-04 19:48:29'),(3157,'admin',3,'StoreAttribute','zum','2012-06-04 19:48:29'),(3158,'admin',3,'StoreAttribute','displei','2012-06-04 19:48:29'),(3159,'admin',3,'StoreAttribute','vidoshukach','2012-06-04 19:48:29'),(3160,'admin',3,'StoreCategory','Фото та Відео','2012-06-04 19:48:36'),(3161,'admin',3,'StoreCategory','Цифрові носії','2012-06-04 19:48:40'),(3162,'admin',3,'StoreCategory','Штативи для фото-відео обладнання','2012-06-04 19:48:44'),(3163,'admin',3,'StoreCategory','Цифрове відео','2012-06-04 19:48:47'),(3164,'admin',3,'StoreCategory','Сумки для цифрового обладнання','2012-06-04 19:48:52'),(3165,'admin',3,'StoreCategory','Цифрове фото','2012-06-04 19:48:56'),(3166,'admin',3,'StoreCategory','Фотопапір','2012-06-04 19:49:01'),(3167,'admin',3,'StoreCategory','Фото та Відео','2012-06-04 19:49:06'),(3168,'admin',3,'StoreProduct','Цифр.фотоапарат KODAK  C122, срібний','2012-06-04 20:45:39'),(3169,'admin',3,'StoreProduct','Цифр.фотоапарат Nikon Coolpix L21 Silver','2012-06-04 20:45:39'),(3170,'admin',3,'StoreProduct','Цифр.фотоапарат Nikon Coolpix L22 Silver','2012-06-04 20:45:39'),(3171,'admin',3,'StoreProduct','Цифр.фотоапарат Nikon CoolPix P500, чорний','2012-06-04 20:45:39'),(3172,'admin',3,'StoreProduct','Цифр.фотоапарат Nikon Coolpix S2500 Black','2012-06-04 20:45:39'),(3173,'admin',3,'StoreProduct','Цифр.фотоапарат Nikon Coolpix S2500 Pink','2012-06-04 20:45:39'),(3174,'admin',3,'StoreProduct','Цифр.фотоапарат Nikon Coolpix S2500 Silver','2012-06-04 20:45:39'),(3175,'admin',3,'StoreProduct','Цифр.фотоапарат Nikon Coolpix S3000 Black','2012-06-04 20:45:39'),(3176,'admin',3,'StoreProduct','Цифр.фотоапарат Nikon Coolpix S3000 Blue','2012-06-04 20:45:39'),(3177,'admin',3,'StoreProduct','Цифр.фотоапарат Nikon Coolpix S3000 Green','2012-06-04 20:45:39'),(3178,'admin',3,'StoreProduct','Цифр.фотоапарат Nikon Coolpix S3000 Magenta','2012-06-04 20:45:39'),(3179,'admin',3,'StoreProduct','Цифр.фотоапарат Nikon Coolpix S3000 Orange','2012-06-04 20:45:39'),(3180,'admin',3,'StoreProduct','Цифр.фотоапарат Nikon Coolpix S3000 Silver','2012-06-04 20:45:39'),(3181,'admin',3,'StoreProduct','Цифр.фотоапарат Nikon Coolpix S3100 Black','2012-06-04 20:45:39'),(3182,'admin',3,'StoreProduct','Цифр.фотоапарат Nikon Coolpix S4000 Black','2012-06-04 20:45:39'),(3183,'admin',3,'StoreProduct','Цифр.фотоапарат Nikon Coolpix S5100 Black','2012-06-04 20:45:39'),(3184,'admin',3,'StoreProduct','Цифр.фотоапарат Nikon D-3100 KIT AF-S DX 18-55 VR','2012-06-04 20:45:39'),(3185,'admin',3,'StoreProduct','Цифр.фотоапарат Nikon D-5000 KIT AF-S DX 18-55 VR','2012-06-04 20:45:39'),(3186,'admin',3,'StoreProduct','Цифр.фотоапарат Nikon D3100 KIT 18-105 VR 2коробки!!!','2012-06-04 20:45:39'),(3187,'admin',3,'StoreProduct','Цифр.фотоапарат Olympus SP-600 UltraZoom Black','2012-06-04 20:45:39'),(3188,'admin',3,'StoreProduct','Цифр.фотоапарат Olympus SP-800 UltraZoom Silver','2012-06-04 20:45:39'),(3189,'admin',3,'StoreProduct','Цифр.фотоапарат PANASONIC DMC-FH25 Black','2012-06-04 20:45:40'),(3190,'admin',3,'StoreProduct','Цифр.фотоапарат Ricoh Caplio R4 Silver','2012-06-04 20:45:40'),(3191,'admin',3,'StoreProduct','Цифр.фотоапарат SONY Cyber-Shot S2000 Black','2012-06-04 20:45:40'),(3192,'admin',3,'StoreProduct','Цифр.фотоапарат SONY Cyber-Shot S2000 Silver','2012-06-04 20:45:40'),(3193,'admin',3,'StoreProduct','Цифр.фотоапарат SONY Cyber-Shot S2100 Black','2012-06-04 20:45:40'),(3194,'admin',3,'StoreProduct','Цифр.фотоапарат SONY Cyber-Shot S2100 Orange','2012-06-04 20:45:40'),(3195,'admin',3,'StoreProduct','Цифр.фотоапарат SONY Cyber-Shot S2100 Silver','2012-06-04 20:45:40'),(3196,'admin',3,'StoreProduct','Цифр.фотоапарат SONY Cyber-Shot S3000 Black','2012-06-04 20:45:40'),(3197,'admin',3,'StoreProduct','Цифр.фотоапарат SONY Cyber-Shot S3000 Silver','2012-06-04 20:45:40'),(3198,'admin',3,'StoreProduct','Цифр. відеокамера Panasonic SDR-H85EE-S срібна','2012-06-04 20:45:47'),(3199,'admin',3,'StoreProduct','Цифр. відеокамера Panasonic SDR-S50EE-K, чорна','2012-06-04 20:45:47'),(3200,'admin',3,'StoreProduct','Цифр. відеокамера Panasonic SDR-T50EE-K, чорна','2012-06-04 20:45:47'),(3201,'admin',3,'StoreProduct','Цифр. відеокамера Samsung VP-D381','2012-06-04 20:45:47'),(3202,'admin',3,'StoreProduct','Цифр. відеокамера Sony DCR-SX44E, срібна','2012-06-04 20:45:47'),(3203,'admin',3,'StoreProduct','Цифр.фотоапарат BenQ DC C1430 Black','2012-06-04 20:45:47'),(3204,'admin',3,'StoreProduct','Цифр.фотоапарат BenQ DC C1430 Silver','2012-06-04 20:45:47'),(3205,'admin',3,'StoreProduct','Цифр.фотоапарат Canon IXUS 130 IS black','2012-06-04 20:45:47'),(3206,'admin',3,'StoreProduct','Цифр.фотоапарат Canon IXUS 130 IS orange','2012-06-04 20:45:47'),(3207,'admin',3,'StoreProduct','Цифр.фотоапарат Canon IXUS 210 IS black','2012-06-04 20:45:47'),(3208,'admin',3,'StoreProduct','Цифр.фотоапарат Canon IXUS 300 HS black','2012-06-04 20:45:47'),(3209,'admin',3,'StoreProduct','Цифр.фотоапарат Canon IXUS 95 IS Blue','2012-06-04 20:45:47'),(3210,'admin',3,'StoreProduct','Цифр.фотоапарат Canon PowerShot A1100 IS Silver','2012-06-04 20:45:47'),(3211,'admin',3,'StoreProduct','Цифр.фотоапарат Canon PowerShot A2200 IS Silver','2012-06-04 20:45:47'),(3212,'admin',3,'StoreProduct','Цифр.фотоапарат Canon PowerShot A3000 IS Silver','2012-06-04 20:45:47'),(3213,'admin',3,'StoreProduct','Цифр.фотоапарат Canon PowerShot A3100 IS Silver','2012-06-04 20:45:47'),(3214,'admin',3,'StoreProduct','Цифр.фотоапарат Canon PowerShot A490 Silver','2012-06-04 20:45:47'),(3215,'admin',3,'StoreProduct','Цифр.фотоапарат Canon PowerShot A495 Silver','2012-06-04 20:45:47'),(3216,'admin',3,'StoreProduct','Цифр.фотоапарат Canon PowerShot A800 Black','2012-06-04 20:45:47'),(3217,'admin',3,'StoreProduct','Цифр.фотоапарат Canon PowerShot A800 Red','2012-06-04 20:45:47'),(3218,'admin',3,'StoreProduct','Цифр.фотоапарат Canon PowerShot A800 Silver','2012-06-04 20:45:47'),(3219,'admin',3,'StoreProduct','Цифр.фотоапарат Canon PowerShot SX120 IS чорний','2012-06-04 20:45:47'),(3220,'admin',3,'StoreProduct','Цифр.фотоапарат Canon PowerShot SX130 IS срібний','2012-06-04 20:45:47'),(3221,'admin',3,'StoreProduct','Цифр.фотоапарат Canon PowerShot SX210 IS Gold','2012-06-04 20:45:47'),(3222,'admin',3,'StoreProduct','Цифр.фотоапарат Canon PowerShot SX210 IS Pur','2012-06-04 20:45:47'),(3223,'admin',3,'StoreProduct','Цифр.фотоапарат Canon PowerShot SX210 IS чорний','2012-06-04 20:45:47'),(3224,'admin',3,'StoreProduct','Цифр.фотоапарат FUJI FinePix S2950 ,чорний','2012-06-04 20:45:47'),(3225,'admin',3,'StoreProduct','Цифр.фотоапарат Nikon Coolpix L23 Black','2012-06-04 20:45:47'),(3226,'admin',3,'StoreProduct','Цифр.фотоапарат Nikon Coolpix L23 Pink','2012-06-04 20:45:47'),(3227,'admin',3,'StoreProduct','Цифр.фотоапарат Nikon CoolPix P300, чорний','2012-06-04 20:45:47'),(3228,'admin',3,'StoreProduct','Футляр для фото/відео камер PORT Designs Casablanca L Black чорно-сіра','2012-06-04 20:45:51'),(3229,'admin',3,'StoreProduct','Футляр для фото/відео камер PORT Designs Casablanca S','2012-06-04 20:45:51'),(3230,'admin',3,'StoreProduct','Цифр. відеокамера Panasonic HDC-SD60EE-K, чорна','2012-06-04 20:45:51'),(3231,'admin',3,'StoreProduct','Цифр. відеокамера Canon FS306 Legria Silver','2012-06-04 20:45:51'),(3232,'admin',3,'StoreProduct','Цифр. відеокамера Canon FS306 Legria Red','2012-06-04 20:45:51'),(3233,'admin',3,'StoreProduct','Цифр. відеокамера Canon FS306 Legria Blue','2012-06-04 20:45:51'),(3234,'admin',3,'StoreProduct','Футляр для фото/відео камер PORT Designs Ibiza SLR S Black чорно-оранжева','2012-06-04 20:45:51'),(3235,'admin',3,'StoreProduct','Футляр для фото/відео камер PORT Designs Ibiza SLR L Black чорно-оранжева','2012-06-04 20:45:51'),(3236,'admin',3,'StoreProduct','Футляр для фото/відео камер PORT Designs Ibiza S Black чорно-оранжева','2012-06-04 20:45:51'),(3237,'admin',3,'StoreProduct','Футляр для фото/відео камер PORT Designs Ibiza L Black чорно-оранжева','2012-06-04 20:45:51'),(3238,'admin',3,'StoreProduct','Футляр для фото/відео камер PORT Designs Casablanca S Black чорно-сіра','2012-06-04 20:45:51'),(3239,'admin',3,'StoreProduct','Футляр для фото/відео камер PORT Designs Casablanca L','2012-06-04 20:45:51'),(3240,'admin',3,'StoreProduct','Футляр для фото камер VAX 8005 Aribau Grey сірий','2012-06-04 20:45:51'),(3241,'admin',3,'StoreProduct','Футляр для фото камер VAX 8003 Aribau Red червоний','2012-06-04 20:45:51'),(3242,'admin',3,'StoreProduct','Футляр для фото камер VAX 8002 Aribau Orange оранжевий','2012-06-04 20:45:51'),(3243,'admin',3,'StoreProduct','Футляр для фото камер VAX 8001 Aribau Black чорний','2012-06-04 20:45:51'),(3244,'admin',3,'StoreProduct','Футляр для фото камер Sony LCS-TWС/C для T, W серії, світло-коричнева','2012-06-04 20:45:51'),(3245,'admin',3,'StoreProduct','Футляр для фото камер LC Sport-239, Black чорний','2012-06-04 20:45:51'),(3246,'admin',3,'StoreProduct','Фотопапір рулонний ColorWay, 24\"x30m, 135 г/м2, глянцевий','2012-06-04 20:45:51'),(3247,'admin',3,'StoreProduct','Фотопапір рулонний ColorWay, 36\"x30m, 135 г/м2, глянцевий','2012-06-04 20:45:51'),(3248,'admin',3,'StoreProduct','Футляр для GPS 4,7\" PORT Designs  Pouch LIMA 4 3 4 7','2012-06-04 20:45:51'),(3249,'admin',3,'StoreProduct','Футляр для фото камер LC Sport-129, Black чорний','2012-06-04 20:45:52'),(3250,'admin',3,'StoreProduct','Цифр.фотоапарат Nikon Coolpix L23 Black','2012-06-04 20:47:07'),(3251,'admin',3,'StoreProduct','Цифр.фотоапарат Nikon Coolpix L23 Pink','2012-06-04 20:47:07'),(3252,'admin',3,'StoreProduct','Цифр.фотоапарат Nikon CoolPix P300, чорний','2012-06-04 20:47:07'),(3253,'admin',3,'StoreProduct','Цифр.фотоапарат Nikon CoolPix P500, чорний','2012-06-04 20:47:07'),(3254,'admin',3,'StoreProduct','Цифр.фотоапарат Nikon Coolpix S2500 Black','2012-06-04 20:47:07'),(3255,'admin',3,'StoreProduct','Цифр.фотоапарат Nikon Coolpix S2500 Pink','2012-06-04 20:47:07'),(3256,'admin',3,'StoreProduct','Цифр.фотоапарат Nikon Coolpix S2500 Silver','2012-06-04 20:47:07'),(3257,'admin',3,'StoreProduct','Цифр.фотоапарат Nikon Coolpix S3000 Black','2012-06-04 20:47:07'),(3258,'admin',3,'StoreProduct','Цифр.фотоапарат Nikon Coolpix S3000 Blue','2012-06-04 20:47:07'),(3259,'admin',3,'StoreProduct','Цифр.фотоапарат Nikon Coolpix S3000 Green','2012-06-04 20:47:07'),(3260,'admin',3,'StoreProduct','Цифр.фотоапарат Nikon Coolpix S3000 Magenta','2012-06-04 20:47:07'),(3261,'admin',3,'StoreProduct','Цифр.фотоапарат Nikon Coolpix S3000 Orange','2012-06-04 20:47:07'),(3262,'admin',3,'StoreProduct','Цифр.фотоапарат Nikon Coolpix S3000 Silver','2012-06-04 20:47:07'),(3263,'admin',3,'StoreProduct','Цифр.фотоапарат Nikon Coolpix S3100 Black','2012-06-04 20:47:07'),(3264,'admin',3,'StoreProduct','Цифр.фотоапарат Nikon Coolpix S4000 Black','2012-06-04 20:47:07'),(3265,'admin',3,'StoreProduct','Цифр.фотоапарат Nikon Coolpix S5100 Black','2012-06-04 20:47:07'),(3266,'admin',3,'StoreProduct','Цифр.фотоапарат Nikon D-3100 KIT AF-S DX 18-55 VR','2012-06-04 20:47:07'),(3267,'admin',3,'StoreProduct','Цифр.фотоапарат Nikon D-5000 KIT AF-S DX 18-55 VR','2012-06-04 20:47:07'),(3268,'admin',3,'StoreProduct','Цифр.фотоапарат Nikon D3100 KIT 18-105 VR 2коробки!!!','2012-06-04 20:47:07'),(3269,'admin',3,'StoreProduct','Цифр.фотоапарат Olympus SP-600 UltraZoom Black','2012-06-04 20:47:07'),(3270,'admin',3,'StoreProduct','Цифр.фотоапарат Olympus SP-800 UltraZoom Silver','2012-06-04 20:47:07'),(3271,'admin',3,'StoreProduct','Цифр.фотоапарат PANASONIC DMC-FH25 Black','2012-06-04 20:47:07'),(3272,'admin',3,'StoreProduct','Цифр.фотоапарат Ricoh Caplio R4 Silver','2012-06-04 20:47:07'),(3273,'admin',3,'StoreProduct','Цифр.фотоапарат SONY Cyber-Shot S2000 Black','2012-06-04 20:47:07'),(3274,'admin',3,'StoreProduct','Цифр.фотоапарат SONY Cyber-Shot S2000 Silver','2012-06-04 20:47:07'),(3275,'admin',3,'StoreProduct','Цифр.фотоапарат SONY Cyber-Shot S2100 Black','2012-06-04 20:47:07'),(3276,'admin',3,'StoreProduct','Цифр.фотоапарат SONY Cyber-Shot S2100 Orange','2012-06-04 20:47:07'),(3277,'admin',3,'StoreProduct','Цифр.фотоапарат SONY Cyber-Shot S2100 Silver','2012-06-04 20:47:07'),(3278,'admin',3,'StoreProduct','Цифр.фотоапарат SONY Cyber-Shot S3000 Black','2012-06-04 20:47:08'),(3279,'admin',3,'StoreProduct','Цифр.фотоапарат SONY Cyber-Shot S3000 Silver','2012-06-04 20:47:08'),(3280,'admin',3,'StoreProduct','Цифр. відеокамера Canon FS306 Legria Silver','2012-06-04 20:47:16'),(3281,'admin',3,'StoreProduct','Цифр. відеокамера Panasonic HDC-SD60EE-K, чорна','2012-06-04 20:47:16'),(3282,'admin',3,'StoreProduct','Цифр. відеокамера Panasonic SDR-T50EE-K, чорна','2012-06-04 20:47:16'),(3283,'admin',3,'StoreProduct','Цифр. відеокамера Samsung VP-D381','2012-06-04 20:47:16'),(3284,'admin',3,'StoreProduct','Цифр. відеокамера Sony DCR-SX44E, срібна','2012-06-04 20:47:16'),(3285,'admin',3,'StoreProduct','Цифр.фотоапарат BenQ DC C1430 Black','2012-06-04 20:47:16'),(3286,'admin',3,'StoreProduct','Цифр.фотоапарат BenQ DC C1430 Silver','2012-06-04 20:47:16'),(3287,'admin',3,'StoreProduct','Цифр.фотоапарат Canon IXUS 130 IS black','2012-06-04 20:47:16'),(3288,'admin',3,'StoreProduct','Цифр.фотоапарат Canon IXUS 130 IS orange','2012-06-04 20:47:16'),(3289,'admin',3,'StoreProduct','Цифр.фотоапарат Canon IXUS 210 IS black','2012-06-04 20:47:16'),(3290,'admin',3,'StoreProduct','Цифр.фотоапарат Canon IXUS 300 HS black','2012-06-04 20:47:16'),(3291,'admin',3,'StoreProduct','Цифр.фотоапарат Canon IXUS 95 IS Blue','2012-06-04 20:47:16'),(3292,'admin',3,'StoreProduct','Цифр.фотоапарат Canon PowerShot A1100 IS Silver','2012-06-04 20:47:16'),(3293,'admin',3,'StoreProduct','Цифр.фотоапарат Canon PowerShot A2200 IS Silver','2012-06-04 20:47:16'),(3294,'admin',3,'StoreProduct','Цифр.фотоапарат Canon PowerShot A3000 IS Silver','2012-06-04 20:47:16'),(3295,'admin',3,'StoreProduct','Цифр.фотоапарат Canon PowerShot A3100 IS Silver','2012-06-04 20:47:16'),(3296,'admin',3,'StoreProduct','Цифр.фотоапарат Canon PowerShot A490 Silver','2012-06-04 20:47:16'),(3297,'admin',3,'StoreProduct','Цифр.фотоапарат Canon PowerShot A495 Silver','2012-06-04 20:47:16'),(3298,'admin',3,'StoreProduct','Цифр.фотоапарат Canon PowerShot A800 Black','2012-06-04 20:47:16'),(3299,'admin',3,'StoreProduct','Цифр.фотоапарат Canon PowerShot A800 Red','2012-06-04 20:47:16'),(3300,'admin',3,'StoreProduct','Цифр.фотоапарат Canon PowerShot A800 Silver','2012-06-04 20:47:16'),(3301,'admin',3,'StoreProduct','Цифр.фотоапарат Canon PowerShot SX120 IS чорний','2012-06-04 20:47:16'),(3302,'admin',3,'StoreProduct','Цифр.фотоапарат Canon PowerShot SX130 IS срібний','2012-06-04 20:47:16'),(3303,'admin',3,'StoreProduct','Цифр.фотоапарат Canon PowerShot SX210 IS Gold','2012-06-04 20:47:16'),(3304,'admin',3,'StoreProduct','Цифр.фотоапарат Canon PowerShot SX210 IS Pur','2012-06-04 20:47:16'),(3305,'admin',3,'StoreProduct','Цифр.фотоапарат Canon PowerShot SX210 IS чорний','2012-06-04 20:47:16'),(3306,'admin',3,'StoreProduct','Цифр.фотоапарат FUJI FinePix S2950 ,чорний','2012-06-04 20:47:16'),(3307,'admin',3,'StoreProduct','Цифр.фотоапарат KODAK  C122, срібний','2012-06-04 20:47:16'),(3308,'admin',3,'StoreProduct','Цифр.фотоапарат Nikon Coolpix L21 Silver','2012-06-04 20:47:16'),(3309,'admin',3,'StoreProduct','Цифр.фотоапарат Nikon Coolpix L22 Silver','2012-06-04 20:47:16'),(3310,'admin',3,'StoreProduct','Цифр.фотоапарат PANASONIC DMC-FH25 Black','2012-06-04 20:47:22'),(3311,'admin',3,'StoreProduct','Цифр.фотоапарат Ricoh Caplio R4 Silver','2012-06-04 20:47:22'),(3312,'admin',3,'StoreProduct','Цифр.фотоапарат SONY Cyber-Shot S2000 Black','2012-06-04 20:47:22'),(3313,'admin',3,'StoreProduct','Цифр.фотоапарат SONY Cyber-Shot S2100 Black','2012-06-04 20:47:22'),(3314,'admin',3,'StoreProduct','Цифр.фотоапарат SONY Cyber-Shot S2100 Orange','2012-06-04 20:47:22'),(3315,'admin',3,'StoreProduct','Цифр.фотоапарат SONY Cyber-Shot S2100 Silver','2012-06-04 20:47:22'),(3316,'admin',3,'StoreProduct','Цифр.фотоапарат SONY Cyber-Shot S3000 Black','2012-06-04 20:47:22'),(3317,'admin',3,'StoreProduct','Цифр.фотоапарат SONY Cyber-Shot S3000 Silver','2012-06-04 20:47:22'),(3318,'admin',3,'StoreProduct','Фотопапір рулонний ColorWay, 24\"x30m, 135 г/м2, глянцевий','2012-06-04 20:47:22'),(3319,'admin',3,'StoreProduct','Фотопапір рулонний ColorWay, 36\"x30m, 135 г/м2, глянцевий','2012-06-04 20:47:22'),(3320,'admin',3,'StoreProduct','Футляр для GPS 4,7\" PORT Designs  Pouch LIMA 4 3 4 7','2012-06-04 20:47:22'),(3321,'admin',3,'StoreProduct','Футляр для фото камер LC Sport-129, Black чорний','2012-06-04 20:47:22'),(3322,'admin',3,'StoreProduct','Футляр для фото камер LC Sport-239, Black чорний','2012-06-04 20:47:22'),(3323,'admin',3,'StoreProduct','Футляр для фото камер Sony LCS-TWС/C для T, W серії, світло-коричнева','2012-06-04 20:47:22'),(3324,'admin',3,'StoreProduct','Футляр для фото камер VAX 8001 Aribau Black чорний','2012-06-04 20:47:22'),(3325,'admin',3,'StoreProduct','Футляр для фото камер VAX 8002 Aribau Orange оранжевий','2012-06-04 20:47:22'),(3326,'admin',3,'StoreProduct','Футляр для фото камер VAX 8003 Aribau Red червоний','2012-06-04 20:47:22'),(3327,'admin',3,'StoreProduct','Футляр для фото камер VAX 8005 Aribau Grey сірий','2012-06-04 20:47:22'),(3328,'admin',3,'StoreProduct','Футляр для фото/відео камер PORT Designs Casablanca L','2012-06-04 20:47:22'),(3329,'admin',3,'StoreProduct','Футляр для фото/відео камер PORT Designs Casablanca L Black чорно-сіра','2012-06-04 20:47:22'),(3330,'admin',3,'StoreProduct','Футляр для фото/відео камер PORT Designs Casablanca S','2012-06-04 20:47:22'),(3331,'admin',3,'StoreProduct','Футляр для фото/відео камер PORT Designs Casablanca S Black чорно-сіра','2012-06-04 20:47:22'),(3332,'admin',3,'StoreProduct','Футляр для фото/відео камер PORT Designs Ibiza L Black чорно-оранжева','2012-06-04 20:47:22'),(3333,'admin',3,'StoreProduct','Футляр для фото/відео камер PORT Designs Ibiza S Black чорно-оранжева','2012-06-04 20:47:22'),(3334,'admin',3,'StoreProduct','Футляр для фото/відео камер PORT Designs Ibiza SLR L Black чорно-оранжева','2012-06-04 20:47:22'),(3335,'admin',3,'StoreProduct','Футляр для фото/відео камер PORT Designs Ibiza SLR S Black чорно-оранжева','2012-06-04 20:47:22'),(3336,'admin',3,'StoreProduct','Цифр. відеокамера Canon FS306 Legria Blue','2012-06-04 20:47:22'),(3337,'admin',3,'StoreProduct','Цифр. відеокамера Canon FS306 Legria Red','2012-06-04 20:47:22'),(3338,'admin',3,'StoreProduct','Цифр. відеокамера Panasonic SDR-H85EE-S срібна','2012-06-04 20:47:22'),(3339,'admin',3,'StoreProduct','Цифр. відеокамера Panasonic SDR-S50EE-K, чорна','2012-06-04 20:47:22'),(3340,'admin',3,'StoreProduct','Цифр.фотоапарат Canon PowerShot A800 Silver','2012-06-04 20:47:26'),(3341,'admin',3,'StoreProduct','Цифр.фотоапарат Canon PowerShot SX210 IS Gold','2012-06-04 20:47:26'),(3342,'admin',3,'StoreProduct','Цифр.фотоапарат Canon PowerShot SX210 IS Pur','2012-06-04 20:47:26'),(3343,'admin',3,'StoreProduct','Цифр.фотоапарат Canon PowerShot SX210 IS чорний','2012-06-04 20:47:26'),(3344,'admin',3,'StoreProduct','Цифр.фотоапарат FUJI FinePix S2950 ,чорний','2012-06-04 20:47:26'),(3345,'admin',3,'StoreProduct','Цифр.фотоапарат KODAK  C122, срібний','2012-06-04 20:47:26'),(3346,'admin',3,'StoreProduct','Цифр.фотоапарат Nikon Coolpix L21 Silver','2012-06-04 20:47:26'),(3347,'admin',3,'StoreProduct','Цифр.фотоапарат Nikon Coolpix L22 Silver','2012-06-04 20:47:26'),(3348,'admin',3,'StoreProduct','Цифр.фотоапарат Nikon Coolpix L23 Black','2012-06-04 20:47:26'),(3349,'admin',3,'StoreProduct','Цифр.фотоапарат Nikon Coolpix L23 Pink','2012-06-04 20:47:26'),(3350,'admin',3,'StoreProduct','Цифр.фотоапарат Nikon CoolPix P300, чорний','2012-06-04 20:47:26'),(3351,'admin',3,'StoreProduct','Цифр.фотоапарат Nikon CoolPix P500, чорний','2012-06-04 20:47:26'),(3352,'admin',3,'StoreProduct','Цифр.фотоапарат Nikon Coolpix S2500 Black','2012-06-04 20:47:26'),(3353,'admin',3,'StoreProduct','Цифр.фотоапарат Nikon Coolpix S2500 Pink','2012-06-04 20:47:26'),(3354,'admin',3,'StoreProduct','Цифр.фотоапарат Nikon Coolpix S2500 Silver','2012-06-04 20:47:26'),(3355,'admin',3,'StoreProduct','Цифр.фотоапарат Nikon Coolpix S3000 Black','2012-06-04 20:47:26'),(3356,'admin',3,'StoreProduct','Цифр.фотоапарат Nikon Coolpix S3000 Blue','2012-06-04 20:47:26'),(3357,'admin',3,'StoreProduct','Цифр.фотоапарат Nikon Coolpix S3000 Green','2012-06-04 20:47:26'),(3358,'admin',3,'StoreProduct','Цифр.фотоапарат Nikon Coolpix S3000 Magenta','2012-06-04 20:47:26'),(3359,'admin',3,'StoreProduct','Цифр.фотоапарат Nikon Coolpix S3000 Orange','2012-06-04 20:47:26'),(3360,'admin',3,'StoreProduct','Цифр.фотоапарат Nikon Coolpix S3000 Silver','2012-06-04 20:47:26'),(3361,'admin',3,'StoreProduct','Цифр.фотоапарат Nikon Coolpix S3100 Black','2012-06-04 20:47:27'),(3362,'admin',3,'StoreProduct','Цифр.фотоапарат Nikon Coolpix S4000 Black','2012-06-04 20:47:27'),(3363,'admin',3,'StoreProduct','Цифр.фотоапарат Nikon Coolpix S5100 Black','2012-06-04 20:47:27'),(3364,'admin',3,'StoreProduct','Цифр.фотоапарат Nikon D-3100 KIT AF-S DX 18-55 VR','2012-06-04 20:47:27'),(3365,'admin',3,'StoreProduct','Цифр.фотоапарат Nikon D-5000 KIT AF-S DX 18-55 VR','2012-06-04 20:47:27'),(3366,'admin',3,'StoreProduct','Цифр.фотоапарат Nikon D3100 KIT 18-105 VR 2коробки!!!','2012-06-04 20:47:27'),(3367,'admin',3,'StoreProduct','Цифр.фотоапарат Olympus SP-600 UltraZoom Black','2012-06-04 20:47:27'),(3368,'admin',3,'StoreProduct','Цифр.фотоапарат Olympus SP-800 UltraZoom Silver','2012-06-04 20:47:27'),(3369,'admin',3,'StoreProduct','Цифр.фотоапарат SONY Cyber-Shot S2000 Silver','2012-06-04 20:47:27'),(3370,'admin',3,'StoreProduct','Цифр. відеокамера Panasonic SDR-S50EE-K, чорна','2012-06-04 20:47:31'),(3371,'admin',3,'StoreProduct','Цифр. відеокамера Panasonic SDR-T50EE-K, чорна','2012-06-04 20:47:31'),(3372,'admin',3,'StoreProduct','Цифр. відеокамера Samsung VP-D381','2012-06-04 20:47:31'),(3373,'admin',3,'StoreProduct','Цифр. відеокамера Sony DCR-SX44E, срібна','2012-06-04 20:47:31'),(3374,'admin',3,'StoreProduct','Цифр.фотоапарат BenQ DC C1430 Black','2012-06-04 20:47:31'),(3375,'admin',3,'StoreProduct','Цифр.фотоапарат BenQ DC C1430 Silver','2012-06-04 20:47:31'),(3376,'admin',3,'StoreProduct','Цифр.фотоапарат Canon IXUS 130 IS black','2012-06-04 20:47:31'),(3377,'admin',3,'StoreProduct','Цифр.фотоапарат Canon IXUS 130 IS orange','2012-06-04 20:47:31'),(3378,'admin',3,'StoreProduct','Цифр.фотоапарат Canon IXUS 210 IS black','2012-06-04 20:47:31'),(3379,'admin',3,'StoreProduct','Цифр.фотоапарат Canon IXUS 300 HS black','2012-06-04 20:47:31'),(3380,'admin',3,'StoreProduct','Цифр.фотоапарат Canon IXUS 95 IS Blue','2012-06-04 20:47:31'),(3381,'admin',3,'StoreProduct','Цифр.фотоапарат Canon PowerShot A1100 IS Silver','2012-06-04 20:47:31'),(3382,'admin',3,'StoreProduct','Цифр.фотоапарат Canon PowerShot A2200 IS Silver','2012-06-04 20:47:31'),(3383,'admin',3,'StoreProduct','Цифр.фотоапарат Canon PowerShot A3000 IS Silver','2012-06-04 20:47:31'),(3384,'admin',3,'StoreProduct','Цифр.фотоапарат Canon PowerShot A3100 IS Silver','2012-06-04 20:47:31'),(3385,'admin',3,'StoreProduct','Цифр.фотоапарат Canon PowerShot A490 Silver','2012-06-04 20:47:31'),(3386,'admin',3,'StoreProduct','Цифр.фотоапарат Canon PowerShot A495 Silver','2012-06-04 20:47:31'),(3387,'admin',3,'StoreProduct','Цифр.фотоапарат Canon PowerShot A800 Black','2012-06-04 20:47:31'),(3388,'admin',3,'StoreProduct','Цифр.фотоапарат Canon PowerShot A800 Red','2012-06-04 20:47:31'),(3389,'admin',3,'StoreProduct','Цифр.фотоапарат Canon PowerShot SX120 IS чорний','2012-06-04 20:47:31'),(3390,'admin',3,'StoreProduct','Цифр.фотоапарат Canon PowerShot SX130 IS срібний','2012-06-04 20:47:31'),(3391,'admin',3,'StoreProduct','Футляр для фото/відео камер PORT Designs Casablanca L Black чорно-сіра','2012-06-04 20:47:31'),(3392,'admin',3,'StoreProduct','Футляр для фото/відео камер PORT Designs Casablanca S','2012-06-04 20:47:31'),(3393,'admin',3,'StoreProduct','Футляр для фото/відео камер PORT Designs Casablanca S Black чорно-сіра','2012-06-04 20:47:31'),(3394,'admin',3,'StoreProduct','Футляр для фото/відео камер PORT Designs Ibiza SLR S Black чорно-оранжева','2012-06-04 20:47:31'),(3395,'admin',3,'StoreProduct','Цифр. відеокамера Canon FS306 Legria Blue','2012-06-04 20:47:31'),(3396,'admin',3,'StoreProduct','Цифр. відеокамера Canon FS306 Legria Red','2012-06-04 20:47:31'),(3397,'admin',3,'StoreProduct','Цифр. відеокамера Canon FS306 Legria Silver','2012-06-04 20:47:31'),(3398,'admin',3,'StoreProduct','Цифр. відеокамера Panasonic HDC-SD60EE-K, чорна','2012-06-04 20:47:31'),(3399,'admin',3,'StoreProduct','Цифр. відеокамера Panasonic SDR-H85EE-S срібна','2012-06-04 20:47:31'),(3400,'admin',3,'StoreProduct','Футляр для фото/відео камер PORT Designs Ibiza L Black чорно-оранжева','2012-06-04 20:47:34'),(3401,'admin',3,'StoreProduct','Футляр для фото/відео камер PORT Designs Ibiza S Black чорно-оранжева','2012-06-04 20:47:34'),(3402,'admin',3,'StoreProduct','Футляр для фото/відео камер PORT Designs Ibiza SLR L Black чорно-оранжева','2012-06-04 20:47:34'),(3403,'admin',3,'StoreProduct','Футляр для фото/відео камер PORT Designs Casablanca L','2012-06-04 20:47:34'),(3404,'admin',3,'StoreProduct','Футляр для фото камер VAX 8005 Aribau Grey сірий','2012-06-04 20:47:34'),(3405,'admin',3,'StoreProduct','Футляр для фото камер VAX 8003 Aribau Red червоний','2012-06-04 20:47:34'),(3406,'admin',3,'StoreProduct','Футляр для фото камер VAX 8002 Aribau Orange оранжевий','2012-06-04 20:47:34'),(3407,'admin',3,'StoreProduct','Футляр для фото камер VAX 8001 Aribau Black чорний','2012-06-04 20:47:34'),(3408,'admin',3,'StoreProduct','Футляр для фото камер Sony LCS-TWС/C для T, W серії, світло-коричнева','2012-06-04 20:47:34'),(3409,'admin',3,'StoreProduct','Футляр для фото камер LC Sport-239, Black чорний','2012-06-04 20:47:34'),(3410,'admin',3,'StoreProduct','Фотопапір рулонний ColorWay, 24\"x30m, 135 г/м2, глянцевий','2012-06-04 20:47:34'),(3411,'admin',3,'StoreProduct','Футляр для фото камер LC Sport-129, Black чорний','2012-06-04 20:47:34'),(3412,'admin',3,'StoreProduct','Футляр для GPS 4,7\" PORT Designs  Pouch LIMA 4 3 4 7','2012-06-04 20:47:34'),(3413,'admin',3,'StoreProduct','Фотопапір рулонний ColorWay, 36\"x30m, 135 г/м2, глянцевий','2012-06-04 20:47:34'),(3414,'admin',3,'StoreCategory','Цифрове відео','2012-06-04 20:48:30'),(3415,'admin',3,'StoreCategory','Штативи для фото-відео обладнання','2012-06-04 20:48:35'),(3416,'admin',3,'StoreCategory','Цифрові носії','2012-06-04 20:48:40'),(3417,'admin',3,'StoreCategory','Цифрове фото','2012-06-04 20:49:02'),(3418,'admin',3,'StoreCategory','Сумки для цифрового обладнання','2012-06-04 20:49:06'),(3419,'admin',3,'StoreCategory','Фотопапір','2012-06-04 20:49:10'),(3420,'admin',3,'StoreCategory','Фото та Відео','2012-06-04 20:49:14'),(3421,'admin',3,'StoreAttribute','efektivnii_kut_oglyadu','2012-06-04 20:49:33'),(3422,'admin',3,'StoreAttribute','element_zhivlennya','2012-06-04 20:49:34'),(3423,'admin',3,'StoreAttribute','makrorezhim','2012-06-04 20:49:34'),(3424,'admin',3,'StoreAttribute','sposib_zamiru','2012-06-04 20:49:34'),(3425,'admin',3,'StoreAttribute','zapis_zvuku','2012-06-04 20:49:34'),(3426,'admin',3,'StoreAttribute','obktiv','2012-06-04 20:49:35'),(3427,'admin',3,'StoreAttribute','sumisni_obktivi','2012-06-04 20:49:35'),(3428,'admin',3,'StoreAttribute','rezhim_foto','2012-06-04 20:49:35'),(3429,'admin',3,'StoreAttribute','interfeisi','2012-06-04 20:49:35'),(3430,'admin',3,'StoreAttribute','vaga_kg','2012-06-04 20:49:35'),(3431,'admin',3,'StoreAttribute','stabilizator_zobrazhennya','2012-06-04 20:49:35'),(3432,'admin',3,'StoreAttribute','klas','2012-06-04 20:49:35'),(3433,'admin',3,'StoreAttribute','dovzhina_skladenogo_sm','2012-06-04 20:49:35'),(3434,'admin',3,'StoreAttribute','tip_nosiya','2012-06-04 20:49:35'),(3435,'admin',3,'StoreAttribute','material','2012-06-04 20:49:36'),(3436,'admin',3,'StoreAttribute','kod_virobnika','2012-06-04 20:49:36'),(3437,'admin',3,'StoreAttribute','maksimalne_navantazhennya_kg','2012-06-04 20:49:36'),(3438,'admin',3,'StoreAttribute','fokusna_vidstan','2012-06-04 20:49:36'),(3439,'admin',3,'StoreAttribute','model','2012-06-04 20:49:36'),(3440,'admin',3,'StoreAttribute','matricya','2012-06-04 20:49:37'),(3441,'admin',3,'StoreAttribute','minimalna_visota_sm','2012-06-04 20:49:37'),(3442,'admin',3,'StoreAttribute','formati_zapisu','2012-06-04 20:49:37'),(3443,'admin',3,'StoreAttribute','obm_pamyati','2012-06-04 20:49:37'),(3444,'admin',3,'StoreAttribute','proizvoditel','2012-06-04 20:49:37'),(3445,'admin',3,'StoreAttribute','maksrozdilna_zdatnist_foto','2012-06-04 20:49:37'),(3446,'admin',3,'StoreAttribute','tip_druku','2012-06-04 20:49:37'),(3447,'admin',3,'StoreAttribute','garantiya_mis','2012-06-04 20:49:37'),(3448,'admin',3,'StoreAttribute','vaga_bez_upakovki_kg','2012-06-04 20:49:37'),(3449,'admin',3,'StoreAttribute','tip_karti_pamyati','2012-06-04 20:49:38'),(3450,'admin',3,'StoreAttribute','svitlochutlivist','2012-06-04 20:49:38'),(3451,'admin',3,'StoreAttribute','gabariti_shhvhg_mm','2012-06-04 20:49:42'),(3452,'admin',3,'StoreAttribute','zapis_video','2012-06-04 20:49:43'),(3453,'admin',3,'StoreAttribute','zum','2012-06-04 20:49:43'),(3454,'admin',3,'StoreAttribute','rozdilna_zdatnist_foto','2012-06-04 20:49:43'),(3455,'admin',3,'StoreAttribute','vidoshukach','2012-06-04 20:49:43'),(3456,'admin',3,'StoreAttribute','kilkist_sekcii','2012-06-04 20:49:43'),(3457,'admin',3,'StoreAttribute','garantiya','2012-06-04 20:49:43'),(3458,'admin',3,'StoreAttribute','maksimalna_visota_sm','2012-06-04 20:49:43'),(3459,'admin',3,'StoreAttribute','displei','2012-06-04 20:49:44'),(3460,'admin',3,'StoreAttribute','opis','2012-06-04 20:49:44'),(3461,'admin',3,'StoreAttribute','virobnik','2012-06-04 20:49:44'),(3462,'admin',3,'StoreAttribute','gabariti_shhvhg_vnut_mm','2012-06-04 20:49:44'),(3463,'admin',3,'StoreAttribute','vaga_g','2012-06-04 20:49:44'),(3464,'admin',3,'StoreProduct','Цифр.фотоапарат Nikon Coolpix L23 Black','2012-06-04 20:51:02'),(3465,'admin',3,'StoreProduct','Цифр.фотоапарат Nikon Coolpix L23 Pink','2012-06-04 20:51:02'),(3466,'admin',3,'StoreProduct','Цифр.фотоапарат Nikon CoolPix P300, чорний','2012-06-04 20:51:02'),(3467,'admin',3,'StoreProduct','Цифр.фотоапарат Nikon CoolPix P500, чорний','2012-06-04 20:51:02'),(3468,'admin',3,'StoreProduct','Цифр.фотоапарат Nikon Coolpix S2500 Black','2012-06-04 20:51:02'),(3469,'admin',3,'StoreProduct','Цифр.фотоапарат Nikon Coolpix S2500 Pink','2012-06-04 20:51:03'),(3470,'admin',3,'StoreProduct','Цифр.фотоапарат Nikon Coolpix S2500 Silver','2012-06-04 20:51:03'),(3471,'admin',3,'StoreProduct','Цифр.фотоапарат Nikon Coolpix S3000 Black','2012-06-04 20:51:03'),(3472,'admin',3,'StoreProduct','Цифр.фотоапарат Nikon Coolpix S3000 Blue','2012-06-04 20:51:03'),(3473,'admin',3,'StoreProduct','Цифр.фотоапарат Nikon Coolpix S3000 Green','2012-06-04 20:51:03'),(3474,'admin',3,'StoreProduct','Цифр.фотоапарат Nikon Coolpix S3000 Magenta','2012-06-04 20:51:03'),(3475,'admin',3,'StoreProduct','Цифр.фотоапарат Nikon Coolpix S3000 Orange','2012-06-04 20:51:03'),(3476,'admin',3,'StoreProduct','Цифр.фотоапарат Nikon Coolpix S3000 Silver','2012-06-04 20:51:03'),(3477,'admin',3,'StoreProduct','Цифр.фотоапарат Nikon Coolpix S3100 Black','2012-06-04 20:51:03'),(3478,'admin',3,'StoreProduct','Цифр.фотоапарат Nikon Coolpix S4000 Black','2012-06-04 20:51:04'),(3479,'admin',3,'StoreProduct','Цифр.фотоапарат Nikon Coolpix S5100 Black','2012-06-04 20:51:04'),(3480,'admin',3,'StoreProduct','Цифр.фотоапарат Nikon D-3100 KIT AF-S DX 18-55 VR','2012-06-04 20:51:04'),(3481,'admin',3,'StoreProduct','Цифр.фотоапарат Nikon D-5000 KIT AF-S DX 18-55 VR','2012-06-04 20:51:04'),(3482,'admin',3,'StoreProduct','Цифр.фотоапарат Nikon D3100 KIT 18-105 VR 2коробки!!!','2012-06-04 20:51:04'),(3483,'admin',3,'StoreProduct','Цифр.фотоапарат Olympus SP-600 UltraZoom Black','2012-06-04 20:51:04'),(3484,'admin',3,'StoreProduct','Цифр.фотоапарат Olympus SP-800 UltraZoom Silver','2012-06-04 20:51:04'),(3485,'admin',3,'StoreProduct','Цифр.фотоапарат PANASONIC DMC-FH25 Black','2012-06-04 20:51:05'),(3486,'admin',3,'StoreProduct','Цифр.фотоапарат Ricoh Caplio R4 Silver','2012-06-04 20:51:05'),(3487,'admin',3,'StoreProduct','Цифр.фотоапарат SONY Cyber-Shot S2000 Black','2012-06-04 20:51:05'),(3488,'admin',3,'StoreProduct','Цифр.фотоапарат SONY Cyber-Shot S2000 Silver','2012-06-04 20:51:05'),(3489,'admin',3,'StoreProduct','Цифр.фотоапарат SONY Cyber-Shot S2100 Black','2012-06-04 20:51:05'),(3490,'admin',3,'StoreProduct','Цифр.фотоапарат SONY Cyber-Shot S2100 Orange','2012-06-04 20:51:05'),(3491,'admin',3,'StoreProduct','Цифр.фотоапарат SONY Cyber-Shot S2100 Silver','2012-06-04 20:51:05'),(3492,'admin',3,'StoreProduct','Цифр.фотоапарат SONY Cyber-Shot S3000 Black','2012-06-04 20:51:05'),(3493,'admin',3,'StoreProduct','Цифр.фотоапарат SONY Cyber-Shot S3000 Silver','2012-06-04 20:51:06'),(3494,'admin',3,'StoreProduct','Цифр. відеокамера Panasonic HDC-SD60EE-K, чорна','2012-06-04 20:51:11'),(3495,'admin',3,'StoreProduct','Цифр. відеокамера Panasonic SDR-H85EE-S срібна','2012-06-04 20:51:11'),(3496,'admin',3,'StoreProduct','Цифр. відеокамера Panasonic SDR-T50EE-K, чорна','2012-06-04 20:51:11'),(3497,'admin',3,'StoreProduct','Цифр. відеокамера Samsung VP-D381','2012-06-04 20:51:12'),(3498,'admin',3,'StoreProduct','Цифр. відеокамера Sony DCR-SX44E, срібна','2012-06-04 20:51:12'),(3499,'admin',3,'StoreProduct','Цифр.фотоапарат BenQ DC C1430 Black','2012-06-04 20:51:12'),(3500,'admin',3,'StoreProduct','Цифр.фотоапарат BenQ DC C1430 Silver','2012-06-04 20:51:12'),(3501,'admin',3,'StoreProduct','Цифр.фотоапарат Canon IXUS 130 IS black','2012-06-04 20:51:12'),(3502,'admin',3,'StoreProduct','Цифр.фотоапарат Canon IXUS 130 IS orange','2012-06-04 20:51:12'),(3503,'admin',3,'StoreProduct','Цифр.фотоапарат Canon IXUS 210 IS black','2012-06-04 20:51:12'),(3504,'admin',3,'StoreProduct','Цифр.фотоапарат Canon IXUS 300 HS black','2012-06-04 20:51:13'),(3505,'admin',3,'StoreProduct','Цифр.фотоапарат Canon IXUS 95 IS Blue','2012-06-04 20:51:13'),(3506,'admin',3,'StoreProduct','Цифр.фотоапарат Canon PowerShot A1100 IS Silver','2012-06-04 20:51:13'),(3507,'admin',3,'StoreProduct','Цифр.фотоапарат Canon PowerShot A2200 IS Silver','2012-06-04 20:51:13'),(3508,'admin',3,'StoreProduct','Цифр.фотоапарат Canon PowerShot A3000 IS Silver','2012-06-04 20:51:13'),(3509,'admin',3,'StoreProduct','Цифр.фотоапарат Canon PowerShot A3100 IS Silver','2012-06-04 20:51:13'),(3510,'admin',3,'StoreProduct','Цифр.фотоапарат Canon PowerShot A490 Silver','2012-06-04 20:51:13'),(3511,'admin',3,'StoreProduct','Цифр.фотоапарат Canon PowerShot A495 Silver','2012-06-04 20:51:14'),(3512,'admin',3,'StoreProduct','Цифр.фотоапарат Canon PowerShot A800 Black','2012-06-04 20:51:14'),(3513,'admin',3,'StoreProduct','Цифр.фотоапарат Canon PowerShot A800 Red','2012-06-04 20:51:14'),(3514,'admin',3,'StoreProduct','Цифр.фотоапарат Canon PowerShot A800 Silver','2012-06-04 20:51:14'),(3515,'admin',3,'StoreProduct','Цифр.фотоапарат Canon PowerShot SX120 IS чорний','2012-06-04 20:51:14'),(3516,'admin',3,'StoreProduct','Цифр.фотоапарат Canon PowerShot SX130 IS срібний','2012-06-04 20:51:14'),(3517,'admin',3,'StoreProduct','Цифр.фотоапарат Canon PowerShot SX210 IS Gold','2012-06-04 20:51:14'),(3518,'admin',3,'StoreProduct','Цифр.фотоапарат Canon PowerShot SX210 IS Pur','2012-06-04 20:51:14'),(3519,'admin',3,'StoreProduct','Цифр.фотоапарат Canon PowerShot SX210 IS чорний','2012-06-04 20:51:14'),(3520,'admin',3,'StoreProduct','Цифр.фотоапарат FUJI FinePix S2950 ,чорний','2012-06-04 20:51:14'),(3521,'admin',3,'StoreProduct','Цифр.фотоапарат KODAK  C122, срібний','2012-06-04 20:51:14'),(3522,'admin',3,'StoreProduct','Цифр.фотоапарат Nikon Coolpix L21 Silver','2012-06-04 20:51:15'),(3523,'admin',3,'StoreProduct','Цифр.фотоапарат Nikon Coolpix L22 Silver','2012-06-04 20:51:15'),(3524,'admin',3,'StoreProduct','Цифр.фотоапарат PANASONIC DMC-FH25 Black','2012-06-04 20:51:18'),(3525,'admin',3,'StoreProduct','Цифр.фотоапарат Ricoh Caplio R4 Silver','2012-06-04 20:51:19'),(3526,'admin',3,'StoreProduct','Цифр.фотоапарат SONY Cyber-Shot S2000 Silver','2012-06-04 20:51:19'),(3527,'admin',3,'StoreProduct','Цифр.фотоапарат SONY Cyber-Shot S2100 Black','2012-06-04 20:51:19'),(3528,'admin',3,'StoreProduct','Цифр.фотоапарат SONY Cyber-Shot S2100 Orange','2012-06-04 20:51:19'),(3529,'admin',3,'StoreProduct','Цифр.фотоапарат SONY Cyber-Shot S2100 Silver','2012-06-04 20:51:19'),(3530,'admin',3,'StoreProduct','Цифр.фотоапарат SONY Cyber-Shot S3000 Black','2012-06-04 20:51:19'),(3531,'admin',3,'StoreProduct','Цифр.фотоапарат SONY Cyber-Shot S3000 Silver','2012-06-04 20:51:19'),(3532,'admin',3,'StoreProduct','Фотопапір рулонний ColorWay, 24\"x30m, 135 г/м2, глянцевий','2012-06-04 20:51:19'),(3533,'admin',3,'StoreProduct','Фотопапір рулонний ColorWay, 36\"x30m, 135 г/м2, глянцевий','2012-06-04 20:51:19'),(3534,'admin',3,'StoreProduct','Футляр для GPS 4,7\" PORT Designs  Pouch LIMA 4 3 4 7','2012-06-04 20:51:19'),(3535,'admin',3,'StoreProduct','Футляр для фото камер LC Sport-129, Black чорний','2012-06-04 20:51:19'),(3536,'admin',3,'StoreProduct','Футляр для фото камер LC Sport-239, Black чорний','2012-06-04 20:51:20'),(3537,'admin',3,'StoreProduct','Футляр для фото камер Sony LCS-TWС/C для T, W серії, світло-коричнева','2012-06-04 20:51:20'),(3538,'admin',3,'StoreProduct','Футляр для фото камер VAX 8001 Aribau Black чорний','2012-06-04 20:51:20'),(3539,'admin',3,'StoreProduct','Футляр для фото камер VAX 8002 Aribau Orange оранжевий','2012-06-04 20:51:20'),(3540,'admin',3,'StoreProduct','Футляр для фото камер VAX 8003 Aribau Red червоний','2012-06-04 20:51:20'),(3541,'admin',3,'StoreProduct','Футляр для фото камер VAX 8005 Aribau Grey сірий','2012-06-04 20:51:20'),(3542,'admin',3,'StoreProduct','Футляр для фото/відео камер PORT Designs Casablanca L','2012-06-04 20:51:20'),(3543,'admin',3,'StoreProduct','Футляр для фото/відео камер PORT Designs Casablanca L Black чорно-сіра','2012-06-04 20:51:20'),(3544,'admin',3,'StoreProduct','Футляр для фото/відео камер PORT Designs Casablanca S','2012-06-04 20:51:20'),(3545,'admin',3,'StoreProduct','Футляр для фото/відео камер PORT Designs Casablanca S Black чорно-сіра','2012-06-04 20:51:20'),(3546,'admin',3,'StoreProduct','Футляр для фото/відео камер PORT Designs Ibiza L Black чорно-оранжева','2012-06-04 20:51:20'),(3547,'admin',3,'StoreProduct','Футляр для фото/відео камер PORT Designs Ibiza S Black чорно-оранжева','2012-06-04 20:51:21'),(3548,'admin',3,'StoreProduct','Футляр для фото/відео камер PORT Designs Ibiza SLR L Black чорно-оранжева','2012-06-04 20:51:21'),(3549,'admin',3,'StoreProduct','Футляр для фото/відео камер PORT Designs Ibiza SLR S Black чорно-оранжева','2012-06-04 20:51:21'),(3550,'admin',3,'StoreProduct','Цифр. відеокамера Canon FS306 Legria Blue','2012-06-04 20:51:21'),(3551,'admin',3,'StoreProduct','Цифр. відеокамера Canon FS306 Legria Red','2012-06-04 20:51:21'),(3552,'admin',3,'StoreProduct','Цифр. відеокамера Canon FS306 Legria Silver','2012-06-04 20:51:21'),(3553,'admin',3,'StoreProduct','Цифр. відеокамера Panasonic SDR-S50EE-K, чорна','2012-06-04 20:51:21'),(3554,'admin',3,'StoreProduct','Цифр.фотоапарат Canon PowerShot A800 Black','2012-06-04 20:51:44'),(3555,'admin',3,'StoreProduct','Цифр.фотоапарат Canon PowerShot A800 Red','2012-06-04 20:51:44'),(3556,'admin',3,'StoreProduct','Цифр.фотоапарат Canon PowerShot A800 Silver','2012-06-04 20:51:44'),(3557,'admin',3,'StoreProduct','Цифр.фотоапарат Canon PowerShot SX210 IS чорний','2012-06-04 20:51:44'),(3558,'admin',3,'StoreProduct','Цифр.фотоапарат FUJI FinePix S2950 ,чорний','2012-06-04 20:51:44'),(3559,'admin',3,'StoreProduct','Цифр.фотоапарат KODAK  C122, срібний','2012-06-04 20:51:44'),(3560,'admin',3,'StoreProduct','Цифр.фотоапарат Nikon Coolpix L21 Silver','2012-06-04 20:51:44'),(3561,'admin',3,'StoreProduct','Цифр.фотоапарат Nikon Coolpix L22 Silver','2012-06-04 20:51:44'),(3562,'admin',3,'StoreProduct','Цифр.фотоапарат Nikon Coolpix L23 Black','2012-06-04 20:51:44'),(3563,'admin',3,'StoreProduct','Цифр.фотоапарат Nikon Coolpix L23 Pink','2012-06-04 20:51:44'),(3564,'admin',3,'StoreProduct','Цифр.фотоапарат Nikon CoolPix P300, чорний','2012-06-04 20:51:44'),(3565,'admin',3,'StoreProduct','Цифр.фотоапарат Nikon CoolPix P500, чорний','2012-06-04 20:51:44'),(3566,'admin',3,'StoreProduct','Цифр.фотоапарат Nikon Coolpix S2500 Black','2012-06-04 20:51:44'),(3567,'admin',3,'StoreProduct','Цифр.фотоапарат Nikon Coolpix S2500 Pink','2012-06-04 20:51:44'),(3568,'admin',3,'StoreProduct','Цифр.фотоапарат Nikon Coolpix S2500 Silver','2012-06-04 20:51:44'),(3569,'admin',3,'StoreProduct','Цифр.фотоапарат Nikon Coolpix S3000 Black','2012-06-04 20:51:44'),(3570,'admin',3,'StoreProduct','Цифр.фотоапарат Nikon Coolpix S3000 Blue','2012-06-04 20:51:44'),(3571,'admin',3,'StoreProduct','Цифр.фотоапарат Nikon Coolpix S3000 Green','2012-06-04 20:51:44'),(3572,'admin',3,'StoreProduct','Цифр.фотоапарат Nikon Coolpix S3000 Magenta','2012-06-04 20:51:44'),(3573,'admin',3,'StoreProduct','Цифр.фотоапарат Nikon Coolpix S3000 Orange','2012-06-04 20:51:44'),(3574,'admin',3,'StoreProduct','Цифр.фотоапарат Nikon Coolpix S3000 Silver','2012-06-04 20:51:44'),(3575,'admin',3,'StoreProduct','Цифр.фотоапарат Nikon Coolpix S3100 Black','2012-06-04 20:51:44'),(3576,'admin',3,'StoreProduct','Цифр.фотоапарат Nikon Coolpix S4000 Black','2012-06-04 20:51:45'),(3577,'admin',3,'StoreProduct','Цифр.фотоапарат Nikon Coolpix S5100 Black','2012-06-04 20:51:45'),(3578,'admin',3,'StoreProduct','Цифр.фотоапарат Nikon D-3100 KIT AF-S DX 18-55 VR','2012-06-04 20:51:45'),(3579,'admin',3,'StoreProduct','Цифр.фотоапарат Nikon D-5000 KIT AF-S DX 18-55 VR','2012-06-04 20:51:45'),(3580,'admin',3,'StoreProduct','Цифр.фотоапарат Nikon D3100 KIT 18-105 VR 2коробки!!!','2012-06-04 20:51:45'),(3581,'admin',3,'StoreProduct','Цифр.фотоапарат Olympus SP-600 UltraZoom Black','2012-06-04 20:51:45'),(3582,'admin',3,'StoreProduct','Цифр.фотоапарат Olympus SP-800 UltraZoom Silver','2012-06-04 20:51:45'),(3583,'admin',3,'StoreProduct','Цифр.фотоапарат SONY Cyber-Shot S2000 Black','2012-06-04 20:51:45'),(3584,'admin',3,'StoreProduct','Цифр. відеокамера Panasonic SDR-T50EE-K, чорна','2012-06-04 20:51:49'),(3585,'admin',3,'StoreProduct','Цифр. відеокамера Samsung VP-D381','2012-06-04 20:51:49'),(3586,'admin',3,'StoreProduct','Цифр. відеокамера Sony DCR-SX44E, срібна','2012-06-04 20:51:49'),(3587,'admin',3,'StoreProduct','Цифр.фотоапарат BenQ DC C1430 Black','2012-06-04 20:51:49'),(3588,'admin',3,'StoreProduct','Цифр.фотоапарат BenQ DC C1430 Silver','2012-06-04 20:51:49'),(3589,'admin',3,'StoreProduct','Цифр.фотоапарат Canon IXUS 130 IS black','2012-06-04 20:51:49'),(3590,'admin',3,'StoreProduct','Цифр.фотоапарат Canon IXUS 130 IS orange','2012-06-04 20:51:49'),(3591,'admin',3,'StoreProduct','Цифр.фотоапарат Canon IXUS 210 IS black','2012-06-04 20:51:49'),(3592,'admin',3,'StoreProduct','Цифр.фотоапарат Canon IXUS 300 HS black','2012-06-04 20:51:49'),(3593,'admin',3,'StoreProduct','Цифр.фотоапарат Canon IXUS 95 IS Blue','2012-06-04 20:51:49'),(3594,'admin',3,'StoreProduct','Цифр.фотоапарат Canon PowerShot A1100 IS Silver','2012-06-04 20:51:49'),(3595,'admin',3,'StoreProduct','Цифр.фотоапарат Canon PowerShot A2200 IS Silver','2012-06-04 20:51:49'),(3596,'admin',3,'StoreProduct','Цифр.фотоапарат Canon PowerShot A3000 IS Silver','2012-06-04 20:51:49'),(3597,'admin',3,'StoreProduct','Цифр.фотоапарат Canon PowerShot A3100 IS Silver','2012-06-04 20:51:49'),(3598,'admin',3,'StoreProduct','Цифр.фотоапарат Canon PowerShot A490 Silver','2012-06-04 20:51:49'),(3599,'admin',3,'StoreProduct','Цифр.фотоапарат Canon PowerShot A495 Silver','2012-06-04 20:51:49'),(3600,'admin',3,'StoreProduct','Цифр.фотоапарат Canon PowerShot SX120 IS чорний','2012-06-04 20:51:49'),(3601,'admin',3,'StoreProduct','Цифр.фотоапарат Canon PowerShot SX130 IS срібний','2012-06-04 20:51:49'),(3602,'admin',3,'StoreProduct','Цифр.фотоапарат Canon PowerShot SX210 IS Gold','2012-06-04 20:51:49'),(3603,'admin',3,'StoreProduct','Цифр.фотоапарат Canon PowerShot SX210 IS Pur','2012-06-04 20:51:49'),(3604,'admin',3,'StoreProduct','Футляр для фото/відео камер PORT Designs Ibiza L Black чорно-оранжева','2012-06-04 20:51:49'),(3605,'admin',3,'StoreProduct','Футляр для фото/відео камер PORT Designs Ibiza S Black чорно-оранжева','2012-06-04 20:51:49'),(3606,'admin',3,'StoreProduct','Футляр для фото/відео камер PORT Designs Ibiza SLR L Black чорно-оранжева','2012-06-04 20:51:49'),(3607,'admin',3,'StoreProduct','Футляр для фото/відео камер PORT Designs Ibiza SLR S Black чорно-оранжева','2012-06-04 20:51:50'),(3608,'admin',3,'StoreProduct','Цифр. відеокамера Canon FS306 Legria Blue','2012-06-04 20:51:50'),(3609,'admin',3,'StoreProduct','Цифр. відеокамера Canon FS306 Legria Red','2012-06-04 20:51:50'),(3610,'admin',3,'StoreProduct','Цифр. відеокамера Canon FS306 Legria Silver','2012-06-04 20:51:50'),(3611,'admin',3,'StoreProduct','Цифр. відеокамера Panasonic HDC-SD60EE-K, чорна','2012-06-04 20:51:50'),(3612,'admin',3,'StoreProduct','Цифр. відеокамера Panasonic SDR-H85EE-S срібна','2012-06-04 20:51:50'),(3613,'admin',3,'StoreProduct','Цифр. відеокамера Panasonic SDR-S50EE-K, чорна','2012-06-04 20:51:50'),(3614,'admin',3,'StoreProduct','Футляр для фото/відео камер PORT Designs Casablanca L Black чорно-сіра','2012-06-04 20:51:52'),(3615,'admin',3,'StoreProduct','Футляр для фото/відео камер PORT Designs Casablanca S','2012-06-04 20:51:52'),(3616,'admin',3,'StoreProduct','Футляр для фото/відео камер PORT Designs Casablanca S Black чорно-сіра','2012-06-04 20:51:52'),(3617,'admin',3,'StoreProduct','Футляр для фото/відео камер PORT Designs Casablanca L','2012-06-04 20:51:52'),(3618,'admin',3,'StoreProduct','Футляр для фото камер VAX 8005 Aribau Grey сірий','2012-06-04 20:51:52'),(3619,'admin',3,'StoreProduct','Футляр для фото камер VAX 8002 Aribau Orange оранжевий','2012-06-04 20:51:52'),(3620,'admin',3,'StoreProduct','Футляр для фото камер VAX 8003 Aribau Red червоний','2012-06-04 20:51:52'),(3621,'admin',3,'StoreProduct','Футляр для фото камер VAX 8001 Aribau Black чорний','2012-06-04 20:51:53'),(3622,'admin',3,'StoreProduct','Футляр для фото камер Sony LCS-TWС/C для T, W серії, світло-коричнева','2012-06-04 20:51:53'),(3623,'admin',3,'StoreProduct','Футляр для фото камер LC Sport-239, Black чорний','2012-06-04 20:51:53'),(3624,'admin',3,'StoreProduct','Футляр для фото камер LC Sport-129, Black чорний','2012-06-04 20:51:53'),(3625,'admin',3,'StoreProduct','Футляр для GPS 4,7\" PORT Designs  Pouch LIMA 4 3 4 7','2012-06-04 20:51:53'),(3626,'admin',3,'StoreProduct','Фотопапір рулонний ColorWay, 24\"x30m, 135 г/м2, глянцевий','2012-06-04 20:51:53'),(3627,'admin',3,'StoreProduct','Фотопапір рулонний ColorWay, 36\"x30m, 135 г/м2, глянцевий','2012-06-04 20:51:53'),(3628,'admin',3,'StoreAttribute','vidoshukach','2012-06-04 20:52:01'),(3629,'admin',3,'StoreAttribute','garantiya_mis','2012-06-04 20:52:01'),(3630,'admin',3,'StoreAttribute','sumisni_obktivi','2012-06-04 20:52:01'),(3631,'admin',3,'StoreAttribute','gabariti_shhvhg_mm','2012-06-04 20:52:01'),(3632,'admin',3,'StoreAttribute','zum','2012-06-04 20:52:01'),(3633,'admin',3,'StoreAttribute','svitlochutlivist','2012-06-04 20:52:01'),(3634,'admin',3,'StoreAttribute','displei','2012-06-04 20:52:01'),(3635,'admin',3,'StoreAttribute','interfeisi','2012-06-04 20:52:01'),(3636,'admin',3,'StoreAttribute','opis','2012-06-04 20:52:01'),(3637,'admin',3,'StoreAttribute','vaga_kg','2012-06-04 20:52:01'),(3638,'admin',3,'StoreAttribute','matricya','2012-06-04 20:52:01'),(3639,'admin',3,'StoreAttribute','tip_druku','2012-06-04 20:52:01'),(3640,'admin',3,'StoreAttribute','dovzhina_skladenogo_sm','2012-06-04 20:52:01'),(3641,'admin',3,'StoreAttribute','obktiv','2012-06-04 20:52:01'),(3642,'admin',3,'StoreAttribute','zapis_video','2012-06-04 20:52:01'),(3643,'admin',3,'StoreAttribute','maksrozdilna_zdatnist_foto','2012-06-04 20:52:02'),(3644,'admin',3,'StoreAttribute','kilkist_sekcii','2012-06-04 20:52:02'),(3645,'admin',3,'StoreAttribute','rezhim_foto','2012-06-04 20:52:02'),(3646,'admin',3,'StoreAttribute','kod_virobnika','2012-06-04 20:52:02'),(3647,'admin',3,'StoreAttribute','formati_zapisu','2012-06-04 20:52:02'),(3648,'admin',3,'StoreAttribute','minimalna_visota_sm','2012-06-04 20:52:02'),(3649,'admin',3,'StoreAttribute','stabilizator_zobrazhennya','2012-06-04 20:52:02'),(3650,'admin',3,'StoreAttribute','garantiya','2012-06-04 20:52:02'),(3651,'admin',3,'StoreAttribute','vaga_g','2012-06-04 20:52:02'),(3652,'admin',3,'StoreAttribute','tip_nosiya','2012-06-04 20:52:02'),(3653,'admin',3,'StoreAttribute','proizvoditel','2012-06-04 20:52:02'),(3654,'admin',3,'StoreAttribute','material','2012-06-04 20:52:02'),(3655,'admin',3,'StoreAttribute','element_zhivlennya','2012-06-04 20:52:02'),(3656,'admin',3,'StoreAttribute','virobnik','2012-06-04 20:52:02'),(3657,'admin',3,'StoreAttribute','model','2012-06-04 20:52:02'),(3658,'admin',3,'StoreAttribute','efektivnii_kut_oglyadu','2012-06-04 20:52:06'),(3659,'admin',3,'StoreAttribute','vaga_bez_upakovki_kg','2012-06-04 20:52:06'),(3660,'admin',3,'StoreAttribute','fokusna_vidstan','2012-06-04 20:52:06'),(3661,'admin',3,'StoreAttribute','klas','2012-06-04 20:52:06'),(3662,'admin',3,'StoreAttribute','zapis_zvuku','2012-06-04 20:52:06'),(3663,'admin',3,'StoreAttribute','tip_karti_pamyati','2012-06-04 20:52:06'),(3664,'admin',3,'StoreAttribute','maksimalna_visota_sm','2012-06-04 20:52:06'),(3665,'admin',3,'StoreAttribute','gabariti_shhvhg_vnut_mm','2012-06-04 20:52:06'),(3666,'admin',3,'StoreAttribute','maksimalne_navantazhennya_kg','2012-06-04 20:52:06'),(3667,'admin',3,'StoreAttribute','obm_pamyati','2012-06-04 20:52:07'),(3668,'admin',3,'StoreAttribute','rozdilna_zdatnist_foto','2012-06-04 20:52:07'),(3669,'admin',3,'StoreAttribute','makrorezhim','2012-06-04 20:52:07'),(3670,'admin',3,'StoreAttribute','sposib_zamiru','2012-06-04 20:52:07'),(3671,'admin',3,'StoreCategory','Фотопапір','2012-06-04 20:52:14'),(3672,'admin',3,'StoreCategory','Сумки для цифрового обладнання','2012-06-04 20:52:18'),(3673,'admin',3,'StoreCategory','Цифрові носії','2012-06-04 20:52:25'),(3674,'admin',3,'StoreCategory','Штативи для фото-відео обладнання','2012-06-04 20:52:29'),(3675,'admin',3,'StoreCategory','Цифрове відео','2012-06-04 20:52:32'),(3676,'admin',3,'StoreCategory','Цифрове фото','2012-06-04 20:52:37'),(3677,'admin',3,'StoreCategory','Фото та Відео','2012-06-04 20:52:42'),(3678,'admin',3,'StoreProduct','Цифр.фотоапарат Nikon Coolpix L22 Silver','2012-06-04 20:53:53'),(3679,'admin',3,'StoreProduct','Цифр.фотоапарат Nikon Coolpix L23 Black','2012-06-04 20:53:53'),(3680,'admin',3,'StoreProduct','Цифр.фотоапарат Nikon Coolpix L23 Pink','2012-06-04 20:53:53'),(3681,'admin',3,'StoreProduct','Цифр.фотоапарат Nikon CoolPix P300, чорний','2012-06-04 20:53:53'),(3682,'admin',3,'StoreProduct','Цифр.фотоапарат Nikon CoolPix P500, чорний','2012-06-04 20:53:53'),(3683,'admin',3,'StoreProduct','Цифр.фотоапарат Nikon Coolpix S2500 Black','2012-06-04 20:53:54'),(3684,'admin',3,'StoreProduct','Цифр.фотоапарат Nikon Coolpix S2500 Silver','2012-06-04 20:53:54'),(3685,'admin',3,'StoreProduct','Цифр.фотоапарат Nikon Coolpix S3000 Black','2012-06-04 20:53:54'),(3686,'admin',3,'StoreProduct','Цифр.фотоапарат Nikon Coolpix S3000 Blue','2012-06-04 20:53:54'),(3687,'admin',3,'StoreProduct','Цифр.фотоапарат Nikon Coolpix S3000 Green','2012-06-04 20:53:54'),(3688,'admin',3,'StoreProduct','Цифр.фотоапарат Nikon Coolpix S3000 Magenta','2012-06-04 20:53:54'),(3689,'admin',3,'StoreProduct','Цифр.фотоапарат Nikon Coolpix S3000 Orange','2012-06-04 20:53:54'),(3690,'admin',3,'StoreProduct','Цифр.фотоапарат Nikon Coolpix S3000 Silver','2012-06-04 20:53:55'),(3691,'admin',3,'StoreProduct','Цифр.фотоапарат Nikon Coolpix S3100 Black','2012-06-04 20:53:55'),(3692,'admin',3,'StoreProduct','Цифр.фотоапарат Nikon Coolpix S4000 Black','2012-06-04 20:53:55'),(3693,'admin',3,'StoreProduct','Цифр.фотоапарат Nikon Coolpix S5100 Black','2012-06-04 20:53:55'),(3694,'admin',3,'StoreProduct','Цифр.фотоапарат Nikon D-3100 KIT AF-S DX 18-55 VR','2012-06-04 20:53:55'),(3695,'admin',3,'StoreProduct','Цифр.фотоапарат Nikon D-5000 KIT AF-S DX 18-55 VR','2012-06-04 20:53:55'),(3696,'admin',3,'StoreProduct','Цифр.фотоапарат Nikon D3100 KIT 18-105 VR 2коробки!!!','2012-06-04 20:53:55'),(3697,'admin',3,'StoreProduct','Цифр.фотоапарат Olympus SP-600 UltraZoom Black','2012-06-04 20:53:55'),(3698,'admin',3,'StoreProduct','Цифр.фотоапарат Olympus SP-800 UltraZoom Silver','2012-06-04 20:53:55'),(3699,'admin',3,'StoreProduct','Цифр.фотоапарат PANASONIC DMC-FH25 Black','2012-06-04 20:53:55'),(3700,'admin',3,'StoreProduct','Цифр.фотоапарат Ricoh Caplio R4 Silver','2012-06-04 20:53:55'),(3701,'admin',3,'StoreProduct','Цифр.фотоапарат SONY Cyber-Shot S2000 Black','2012-06-04 20:53:56'),(3702,'admin',3,'StoreProduct','Цифр.фотоапарат SONY Cyber-Shot S2000 Silver','2012-06-04 20:53:56'),(3703,'admin',3,'StoreProduct','Цифр.фотоапарат SONY Cyber-Shot S2100 Black','2012-06-04 20:53:56'),(3704,'admin',3,'StoreProduct','Цифр.фотоапарат SONY Cyber-Shot S2100 Orange','2012-06-04 20:53:56'),(3705,'admin',3,'StoreProduct','Цифр.фотоапарат SONY Cyber-Shot S2100 Silver','2012-06-04 20:53:56'),(3706,'admin',3,'StoreProduct','Цифр.фотоапарат SONY Cyber-Shot S3000 Black','2012-06-04 20:53:56'),(3707,'admin',3,'StoreProduct','Цифр.фотоапарат SONY Cyber-Shot S3000 Silver','2012-06-04 20:53:56'),(3708,'admin',1,'SystemModules','yandexMarket','2012-06-08 21:13:00'),(3709,'admin',3,'Order','67','2012-06-09 11:56:19'),(3710,'admin',3,'Order','68','2012-06-09 11:56:19'),(3711,'admin',3,'StoreProduct','Цифр.фотоапарат Nikon Coolpix L22 Silver','2012-06-09 11:56:33'),(3712,'admin',3,'StoreProduct','Цифр.фотоапарат Nikon Coolpix L23 Black','2012-06-09 11:56:34'),(3713,'admin',3,'StoreProduct','Цифр.фотоапарат Nikon Coolpix L23 Pink','2012-06-09 11:56:34'),(3714,'admin',3,'StoreProduct','Цифр.фотоапарат Nikon CoolPix P300, чорний','2012-06-09 11:56:34'),(3715,'admin',3,'StoreProduct','Цифр.фотоапарат Nikon CoolPix P500, чорний','2012-06-09 11:56:34'),(3716,'admin',3,'StoreProduct','Цифр.фотоапарат Nikon Coolpix S2500 Black','2012-06-09 11:56:34'),(3717,'admin',3,'StoreProduct','Цифр.фотоапарат Nikon Coolpix S2500 Silver','2012-06-09 11:56:34'),(3718,'admin',3,'StoreProduct','Цифр.фотоапарат Nikon Coolpix S3000 Black','2012-06-09 11:56:34'),(3719,'admin',3,'StoreProduct','Цифр.фотоапарат Nikon Coolpix S3000 Blue','2012-06-09 11:56:34'),(3720,'admin',3,'StoreProduct','Цифр.фотоапарат Nikon Coolpix S3000 Green','2012-06-09 11:56:34'),(3721,'admin',3,'StoreProduct','Цифр.фотоапарат Nikon Coolpix S3000 Magenta','2012-06-09 11:56:35'),(3722,'admin',3,'StoreProduct','Цифр.фотоапарат Nikon Coolpix S3000 Orange','2012-06-09 11:56:35'),(3723,'admin',3,'StoreProduct','Цифр.фотоапарат Nikon Coolpix S3000 Silver','2012-06-09 11:56:35'),(3724,'admin',3,'StoreProduct','Цифр.фотоапарат Nikon Coolpix S3100 Black','2012-06-09 11:56:35'),(3725,'admin',3,'StoreProduct','Цифр.фотоапарат Nikon Coolpix S4000 Black','2012-06-09 11:56:35'),(3726,'admin',3,'StoreProduct','Цифр.фотоапарат Nikon Coolpix S5100 Black','2012-06-09 11:56:35'),(3727,'admin',3,'StoreProduct','Цифр.фотоапарат Nikon D-3100 KIT AF-S DX 18-55 VR','2012-06-09 11:56:36'),(3728,'admin',3,'StoreProduct','Цифр.фотоапарат Nikon D-5000 KIT AF-S DX 18-55 VR','2012-06-09 11:56:36'),(3729,'admin',3,'StoreProduct','Цифр.фотоапарат Nikon D3100 KIT 18-105 VR 2коробки!!!','2012-06-09 11:56:36'),(3730,'admin',3,'StoreProduct','Цифр.фотоапарат Olympus SP-600 UltraZoom Black','2012-06-09 11:56:36'),(3731,'admin',3,'StoreProduct','Цифр.фотоапарат Olympus SP-800 UltraZoom Silver','2012-06-09 11:56:36'),(3732,'admin',3,'StoreProduct','Цифр.фотоапарат PANASONIC DMC-FH25 Black','2012-06-09 11:56:36'),(3733,'admin',3,'StoreProduct','Цифр.фотоапарат Ricoh Caplio R4 Silver','2012-06-09 11:56:36'),(3734,'admin',3,'StoreProduct','Цифр.фотоапарат SONY Cyber-Shot S2000 Black','2012-06-09 11:56:36'),(3735,'admin',3,'StoreProduct','Цифр.фотоапарат SONY Cyber-Shot S2000 Silver','2012-06-09 11:56:37'),(3736,'admin',3,'StoreProduct','Цифр.фотоапарат SONY Cyber-Shot S2100 Black','2012-06-09 11:56:37'),(3737,'admin',3,'StoreProduct','Цифр.фотоапарат SONY Cyber-Shot S2100 Orange','2012-06-09 11:56:37'),(3738,'admin',3,'StoreProduct','Цифр.фотоапарат SONY Cyber-Shot S2100 Silver','2012-06-09 11:56:37'),(3739,'admin',3,'StoreProduct','Цифр.фотоапарат SONY Cyber-Shot S3000 Black','2012-06-09 11:56:37'),(3740,'admin',3,'StoreProduct','Цифр.фотоапарат SONY Cyber-Shot S3000 Silver','2012-06-09 11:56:37'),(3741,'admin',3,'StoreProduct','Цифр. відеокамера Panasonic SDR-S50EE-K, чорна','2012-06-09 11:56:43'),(3742,'admin',3,'StoreProduct','Цифр. відеокамера Panasonic SDR-T50EE-K, чорна','2012-06-09 11:56:43'),(3743,'admin',3,'StoreProduct','Цифр. відеокамера Samsung VP-D381','2012-06-09 11:56:43'),(3744,'admin',3,'StoreProduct','Цифр. відеокамера Sony DCR-SX44E, срібна','2012-06-09 11:56:43'),(3745,'admin',3,'StoreProduct','Цифр.фотоапарат BenQ DC C1430 Black','2012-06-09 11:56:43'),(3746,'admin',3,'StoreProduct','Цифр.фотоапарат BenQ DC C1430 Silver','2012-06-09 11:56:43'),(3747,'admin',3,'StoreProduct','Цифр.фотоапарат Canon IXUS 130 IS black','2012-06-09 11:56:43'),(3748,'admin',3,'StoreProduct','Цифр.фотоапарат Canon IXUS 130 IS orange','2012-06-09 11:56:44'),(3749,'admin',3,'StoreProduct','Цифр.фотоапарат Canon IXUS 210 IS black','2012-06-09 11:56:44'),(3750,'admin',3,'StoreProduct','Цифр.фотоапарат Canon IXUS 300 HS black','2012-06-09 11:56:44'),(3751,'admin',3,'StoreProduct','Цифр.фотоапарат Canon IXUS 95 IS Blue','2012-06-09 11:56:44'),(3752,'admin',3,'StoreProduct','Цифр.фотоапарат Canon PowerShot A1100 IS Silver','2012-06-09 11:56:44'),(3753,'admin',3,'StoreProduct','Цифр.фотоапарат Canon PowerShot A2200 IS Silver','2012-06-09 11:56:44'),(3754,'admin',3,'StoreProduct','Цифр.фотоапарат Canon PowerShot A3000 IS Silver','2012-06-09 11:56:44'),(3755,'admin',3,'StoreProduct','Цифр.фотоапарат Canon PowerShot A3100 IS Silver','2012-06-09 11:56:44'),(3756,'admin',3,'StoreProduct','Цифр.фотоапарат Canon PowerShot A490 Silver','2012-06-09 11:56:45'),(3757,'admin',3,'StoreProduct','Цифр.фотоапарат Canon PowerShot A495 Silver','2012-06-09 11:56:45'),(3758,'admin',3,'StoreProduct','Цифр.фотоапарат Canon PowerShot A800 Black','2012-06-09 11:56:45'),(3759,'admin',3,'StoreProduct','Цифр.фотоапарат Canon PowerShot A800 Red','2012-06-09 11:56:45'),(3760,'admin',3,'StoreProduct','Цифр.фотоапарат Canon PowerShot A800 Silver','2012-06-09 11:56:45'),(3761,'admin',3,'StoreProduct','Цифр.фотоапарат Canon PowerShot SX120 IS чорний','2012-06-09 11:56:45'),(3762,'admin',3,'StoreProduct','Цифр.фотоапарат Canon PowerShot SX130 IS срібний','2012-06-09 11:56:45'),(3763,'admin',3,'StoreProduct','Цифр.фотоапарат Canon PowerShot SX210 IS Gold','2012-06-09 11:56:45'),(3764,'admin',3,'StoreProduct','Цифр.фотоапарат Canon PowerShot SX210 IS Pur','2012-06-09 11:56:45'),(3765,'admin',3,'StoreProduct','Цифр.фотоапарат Canon PowerShot SX210 IS чорний','2012-06-09 11:56:45'),(3766,'admin',3,'StoreProduct','Цифр.фотоапарат FUJI FinePix S2950 ,чорний','2012-06-09 11:56:45'),(3767,'admin',3,'StoreProduct','Цифр.фотоапарат KODAK  C122, срібний','2012-06-09 11:56:45'),(3768,'admin',3,'StoreProduct','Цифр.фотоапарат Nikon Coolpix L21 Silver','2012-06-09 11:56:46'),(3769,'admin',3,'StoreProduct','Цифр.фотоапарат Nikon Coolpix S2500 Pink','2012-06-09 11:56:46'),(3770,'admin',3,'StoreProduct','Цифр. відеокамера Canon FS306 Legria Silver','2012-06-09 11:56:46'),(3771,'admin',3,'StoreProduct','Футляр для фото/відео камер PORT Designs Casablanca L','2012-06-09 11:56:49'),(3772,'admin',3,'StoreProduct','Футляр для фото/відео камер PORT Designs Casablanca L Black чорно-сіра','2012-06-09 11:56:49'),(3773,'admin',3,'StoreProduct','Футляр для фото/відео камер PORT Designs Casablanca S','2012-06-09 11:56:49'),(3774,'admin',3,'StoreProduct','Футляр для фото/відео камер PORT Designs Casablanca S Black чорно-сіра','2012-06-09 11:56:50'),(3775,'admin',3,'StoreProduct','Футляр для фото/відео камер PORT Designs Ibiza L Black чорно-оранжева','2012-06-09 11:56:50'),(3776,'admin',3,'StoreProduct','Футляр для фото/відео камер PORT Designs Ibiza S Black чорно-оранжева','2012-06-09 11:56:50'),(3777,'admin',3,'StoreProduct','Футляр для фото/відео камер PORT Designs Ibiza SLR L Black чорно-оранжева','2012-06-09 11:56:50'),(3778,'admin',3,'StoreProduct','Футляр для фото/відео камер PORT Designs Ibiza SLR S Black чорно-оранжева','2012-06-09 11:56:50'),(3779,'admin',3,'StoreProduct','Цифр. відеокамера Canon FS306 Legria Blue','2012-06-09 11:56:50'),(3780,'admin',3,'StoreProduct','Цифр. відеокамера Canon FS306 Legria Red','2012-06-09 11:56:50'),(3781,'admin',3,'StoreProduct','Цифр. відеокамера Panasonic HDC-SD60EE-K, чорна','2012-06-09 11:56:50'),(3782,'admin',3,'StoreProduct','Цифр. відеокамера Panasonic SDR-H85EE-S срібна','2012-06-09 11:56:50'),(3783,'admin',3,'StoreProduct','Футляр для фото камер VAX 8005 Aribau Grey сірий','2012-06-09 11:56:50'),(3784,'admin',3,'StoreProduct','Футляр для фото камер VAX 8002 Aribau Orange оранжевий','2012-06-09 11:56:50'),(3785,'admin',3,'StoreProduct','Футляр для фото камер VAX 8003 Aribau Red червоний','2012-06-09 11:56:51'),(3786,'admin',3,'StoreProduct','Футляр для фото камер Sony LCS-TWС/C для T, W серії, світло-коричнева','2012-06-09 11:56:51'),(3787,'admin',3,'StoreProduct','Футляр для фото камер VAX 8001 Aribau Black чорний','2012-06-09 11:56:51'),(3788,'admin',3,'StoreProduct','Футляр для фото камер LC Sport-239, Black чорний','2012-06-09 11:56:51'),(3789,'admin',3,'StoreProduct','Футляр для фото камер LC Sport-129, Black чорний','2012-06-09 11:56:51'),(3790,'admin',3,'StoreProduct','Футляр для GPS 4,7\" PORT Designs  Pouch LIMA 4 3 4 7','2012-06-09 11:56:51'),(3791,'admin',3,'StoreProduct','Фотопапір рулонний ColorWay, 36\"x30m, 135 г/м2, глянцевий','2012-06-09 11:56:51'),(3792,'admin',3,'StoreProduct','Фотопапір рулонний ColorWay, 24\"x30m, 135 г/м2, глянцевий','2012-06-09 11:56:51'),(3793,'admin',3,'StoreCategory','Цифрове фото','2012-06-09 11:57:03'),(3794,'admin',3,'StoreCategory','Цифрове відео','2012-06-09 11:57:08'),(3795,'admin',3,'StoreCategory','Цифрові носії','2012-06-09 11:57:13'),(3796,'admin',3,'StoreCategory','Штативи для фото-відео обладнання','2012-06-09 11:57:17'),(3797,'admin',3,'StoreCategory','Сумки для цифрового обладнання','2012-06-09 11:57:22'),(3798,'admin',3,'StoreCategory','Фотопапір','2012-06-09 11:57:27'),(3799,'admin',3,'StoreCategory','Фото та Відео','2012-06-09 11:57:31'),(3800,'admin',3,'StoreAttribute','efektivnii_kut_oglyadu','2012-06-09 12:05:46'),(3801,'admin',3,'StoreAttribute','zum','2012-06-09 12:05:46'),(3802,'admin',3,'StoreAttribute','kod_virobnika','2012-06-09 12:05:46'),(3803,'admin',3,'StoreAttribute','sposib_zamiru','2012-06-09 12:05:47'),(3804,'admin',3,'StoreAttribute','interfeisi','2012-06-09 12:05:47'),(3805,'admin',3,'StoreAttribute','tip_karti_pamyati','2012-06-09 12:05:47'),(3806,'admin',3,'StoreAttribute','svitlochutlivist','2012-06-09 12:05:47'),(3807,'admin',3,'StoreAttribute','matricya','2012-06-09 12:05:47'),(3808,'admin',3,'StoreAttribute','gabariti_shhvhg_vnut_mm','2012-06-09 12:05:47'),(3809,'admin',3,'StoreAttribute','tip_nosiya','2012-06-09 12:05:47'),(3810,'admin',3,'StoreAttribute','maksimalne_navantazhennya_kg','2012-06-09 12:05:48'),(3811,'admin',3,'StoreAttribute','obktiv','2012-06-09 12:05:48'),(3812,'admin',3,'StoreAttribute','material','2012-06-09 12:05:48'),(3813,'admin',3,'StoreAttribute','fokusna_vidstan','2012-06-09 12:05:48'),(3814,'admin',3,'StoreAttribute','minimalna_visota_sm','2012-06-09 12:05:48'),(3815,'admin',3,'StoreAttribute','rezhim_foto','2012-06-09 12:05:48'),(3816,'admin',3,'StoreAttribute','model','2012-06-09 12:05:49'),(3817,'admin',3,'StoreAttribute','rozdilna_zdatnist_foto','2012-06-09 12:05:49'),(3818,'admin',3,'StoreAttribute','maksimalna_visota_sm','2012-06-09 12:05:49'),(3819,'admin',3,'StoreAttribute','opis','2012-06-09 12:05:49'),(3820,'admin',3,'StoreAttribute','garantiya','2012-06-09 12:05:49'),(3821,'admin',3,'StoreAttribute','kilkist_sekcii','2012-06-09 12:05:49'),(3822,'admin',3,'StoreAttribute','vaga_g','2012-06-09 12:05:49'),(3823,'admin',3,'StoreAttribute','proizvoditel','2012-06-09 12:05:49'),(3824,'admin',3,'StoreAttribute','vaga_kg','2012-06-09 12:05:49'),(3825,'admin',3,'StoreAttribute','element_zhivlennya','2012-06-09 12:05:50'),(3826,'admin',3,'StoreAttribute','virobnik','2012-06-09 12:05:50'),(3827,'admin',3,'StoreAttribute','sumisni_obktivi','2012-06-09 12:05:50'),(3828,'admin',3,'StoreAttribute','zapis_zvuku','2012-06-09 12:05:50'),(3829,'admin',3,'StoreAttribute','garantiya_mis','2012-06-09 12:05:50'),(3830,'admin',3,'StoreAttribute','obm_pamyati','2012-06-09 12:05:54'),(3831,'admin',3,'StoreAttribute','tip_druku','2012-06-09 12:05:54'),(3832,'admin',3,'StoreAttribute','klas','2012-06-09 12:05:54'),(3833,'admin',3,'StoreAttribute','vidoshukach','2012-06-09 12:05:55'),(3834,'admin',3,'StoreAttribute','dovzhina_skladenogo_sm','2012-06-09 12:05:55'),(3835,'admin',3,'StoreAttribute','gabariti_shhvhg_mm','2012-06-09 12:05:55'),(3836,'admin',3,'StoreAttribute','maksrozdilna_zdatnist_foto','2012-06-09 12:05:55'),(3837,'admin',3,'StoreAttribute','displei','2012-06-09 12:05:55'),(3838,'admin',3,'StoreAttribute','vaga_bez_upakovki_kg','2012-06-09 12:05:55'),(3839,'admin',3,'StoreAttribute','stabilizator_zobrazhennya','2012-06-09 12:05:55'),(3840,'admin',3,'StoreAttribute','formati_zapisu','2012-06-09 12:05:55'),(3841,'admin',3,'StoreAttribute','zapis_video','2012-06-09 12:05:56'),(3842,'admin',3,'StoreAttribute','makrorezhim','2012-06-09 12:05:56'),(3843,'admin',3,'StoreProductType','Simple Product','2012-06-09 12:06:09'),(3844,'admin',1,'StoreProductType','Простой продукт','2012-06-09 12:07:35'),(3845,'admin',3,'Page','Третья новость','2012-06-09 12:07:56'),(3846,'admin',3,'Page','Вторая новость','2012-06-09 12:07:56'),(3847,'admin',3,'Page','Первая новость','2012-06-09 12:07:56'),(3848,'admin',3,'PageCategory','Новости','2012-06-09 12:08:16'),(3849,'admin',2,'StoreCurrency','Доллары','2012-06-09 12:08:41'),(3850,'admin',2,'StoreCurrency','Рубли','2012-06-09 12:11:38'),(3851,'admin',2,'StoreCurrency','Рубли','2012-06-09 12:16:03'),(3852,'admin',1,'StoreCategory','Ноутбуки','2012-06-09 13:15:14'),(3853,'admin',1,'StoreCategory','Бюджетный','2012-06-09 13:15:14'),(3854,'admin',1,'StoreProductType','laptop','2012-06-09 13:15:14'),(3855,'admin',1,'StoreManufacturer','Lenovo','2012-06-09 13:15:14'),(3856,'admin',1,'StoreAttribute','image','2012-06-09 13:15:14'),(3857,'admin',1,'StoreAttribute','processor_manufacturer','2012-06-09 13:15:14'),(3858,'admin',1,'StoreAttribute','freq','2012-06-09 13:15:14'),(3859,'admin',1,'StoreAttribute','memmory','2012-06-09 13:15:14'),(3860,'admin',1,'StoreAttribute','memmory_type','2012-06-09 13:15:14'),(3861,'admin',1,'StoreAttribute','screen','2012-06-09 13:15:14'),(3862,'admin',1,'StoreAttribute','video','2012-06-09 13:15:14'),(3863,'admin',1,'StoreProduct','Lenovo B570','2012-06-09 13:15:14'),(3864,'admin',2,'StoreProduct','Lenovo B570','2012-06-09 13:16:25'),(3865,'admin',1,'StoreAttribute','screen_dimension','2012-06-09 13:37:19'),(3866,'admin',2,'StoreProduct','Lenovo B570','2012-06-09 13:37:19'),(3867,'admin',1,'StoreProduct','Lenovo G570','2012-06-09 13:37:20'),(3868,'admin',1,'StoreManufacturer','Asus','2012-06-09 13:37:20'),(3869,'admin',1,'StoreProduct','ASUS K53U','2012-06-09 13:37:20'),(3870,'admin',1,'StoreProduct','ASUS X54C','2012-06-09 13:37:20'),(3871,'admin',1,'StoreManufacturer','Dell','2012-06-09 13:37:20'),(3872,'admin',1,'StoreProduct','DELL INSPIRON N5050','2012-06-09 13:37:20'),(3873,'admin',1,'StoreManufacturer','Fujitsu','2012-06-09 13:37:21'),(3874,'admin',1,'StoreProduct','Fujitsu LIFEBOOK AH531','2012-06-09 13:37:21'),(3875,'admin',2,'StoreProduct','Lenovo B570','2012-06-09 14:53:44'),(3876,'admin',2,'StoreProduct','Lenovo G570','2012-06-09 14:53:44'),(3877,'admin',2,'StoreProduct','ASUS K53U','2012-06-09 14:53:44'),(3878,'admin',2,'StoreProduct','ASUS X54C','2012-06-09 14:53:44'),(3879,'admin',2,'StoreProduct','DELL INSPIRON N5050','2012-06-09 14:53:45'),(3880,'admin',2,'StoreProduct','Fujitsu LIFEBOOK AH531','2012-06-09 14:53:45'),(3881,'admin',1,'StoreCategory','Игровой','2012-06-09 14:53:45'),(3882,'admin',1,'StoreManufacturer','HP','2012-06-09 14:53:45'),(3883,'admin',1,'StoreProduct','HP EliteBook 8560w','2012-06-09 14:53:45'),(3884,'admin',1,'StoreProduct','DELL ALIENWARE M17x','2012-06-09 14:53:45'),(3885,'admin',1,'StoreManufacturer','Apple','2012-06-09 14:53:45'),(3886,'admin',1,'StoreProduct','Apple MacBook Pro 15 Late 2011','2012-06-09 14:53:45'),(3887,'admin',1,'StoreProduct','Lenovo THINKPAD W520','2012-06-09 14:53:45'),(3888,'admin',1,'StoreManufacturer','Sony','2012-06-09 14:53:45'),(3889,'admin',1,'StoreProduct','Sony VAIO VPC-F13S8R','2012-06-09 14:53:45'),(3890,'admin',1,'StoreManufacturer','Acer','2012-06-09 14:53:46'),(3891,'admin',1,'StoreProduct','Acer ASPIRE 5943G-7748G75TWiss','2012-06-09 14:53:46'),(3892,'admin',2,'StoreAttribute','screen','2012-06-09 14:55:08'),(3893,'admin',2,'StoreAttribute','memmory','2012-06-09 14:55:27'),(3894,'admin',2,'StoreAttribute','processor_manufacturer','2012-06-09 14:55:51'),(3895,'admin',2,'StoreProduct','HP EliteBook 8560w','2012-06-09 15:10:01'),(3896,'admin',2,'StoreProduct','DELL ALIENWARE M17x','2012-06-09 15:10:01'),(3897,'admin',2,'StoreProduct','Acer ASPIRE 5943G-7748G75TWiss','2012-06-09 15:10:01'),(3898,'admin',2,'StoreProduct','Sony VAIO VPC-F13S8R','2012-06-09 15:10:01'),(3899,'admin',2,'StoreProduct','Lenovo THINKPAD W520','2012-06-09 15:10:01'),(3900,'admin',2,'StoreProduct','Apple MacBook Pro 15 Late 2011','2012-06-09 15:10:01'),(3901,'admin',2,'StoreProduct','Fujitsu LIFEBOOK AH531','2012-06-09 15:10:01'),(3902,'admin',2,'StoreProduct','ASUS X54C','2012-06-09 15:10:01'),(3903,'admin',2,'StoreProduct','DELL INSPIRON N5050','2012-06-09 15:10:01'),(3904,'admin',2,'StoreProduct','ASUS K53U','2012-06-09 15:10:01'),(3905,'admin',2,'StoreProduct','Lenovo G570','2012-06-09 15:10:01'),(3906,'admin',2,'StoreProduct','Lenovo B570','2012-06-09 15:10:01'),(3907,'admin',2,'StoreProduct','HP EliteBook 8560w','2012-06-09 15:10:04'),(3908,'admin',2,'StoreProduct','DELL ALIENWARE M17x','2012-06-09 15:10:04'),(3909,'admin',2,'StoreProduct','Acer ASPIRE 5943G-7748G75TWiss','2012-06-09 15:10:04'),(3910,'admin',2,'StoreProduct','Sony VAIO VPC-F13S8R','2012-06-09 15:10:04'),(3911,'admin',2,'StoreProduct','Lenovo THINKPAD W520','2012-06-09 15:10:05'),(3912,'admin',2,'StoreProduct','Apple MacBook Pro 15 Late 2011','2012-06-09 15:10:05'),(3913,'admin',2,'StoreProduct','Fujitsu LIFEBOOK AH531','2012-06-09 15:10:05'),(3914,'admin',2,'StoreProduct','ASUS X54C','2012-06-09 15:10:05'),(3915,'admin',2,'StoreProduct','DELL INSPIRON N5050','2012-06-09 15:10:05'),(3916,'admin',2,'StoreProduct','ASUS K53U','2012-06-09 15:10:05'),(3917,'admin',2,'StoreProduct','Lenovo G570','2012-06-09 15:10:05'),(3918,'admin',2,'StoreProduct','Lenovo B570','2012-06-09 15:10:05'),(3919,'admin',1,'StoreCategory','Компьютеры','2012-06-09 15:49:31'),(3920,'admin',1,'StoreCategory','Компьютерная акустика','2012-06-09 15:49:31'),(3921,'admin',1,'StoreProductType','computer_sound','2012-06-09 15:49:31'),(3922,'admin',1,'StoreManufacturer','Logitech','2012-06-09 15:49:31'),(3923,'admin',1,'StoreAttribute','rms_power','2012-06-09 15:49:31'),(3924,'admin',1,'StoreAttribute','corpus_material','2012-06-09 15:49:32'),(3925,'admin',1,'StoreAttribute','sound_type','2012-06-09 15:49:32'),(3926,'admin',1,'StoreProduct','Logitech X-530','2012-06-09 15:49:32'),(3927,'admin',1,'StoreManufacturer','Microlab','2012-06-09 15:49:32'),(3928,'admin',1,'StoreProduct','Microlab M-860','2012-06-09 15:49:32'),(3929,'admin',1,'StoreManufacturer','Edifier','2012-06-09 15:49:32'),(3930,'admin',1,'StoreProduct','Edifier M3700','2012-06-09 15:49:32'),(3931,'admin',1,'StoreProduct','Logitech Z-313','2012-06-09 15:49:32'),(3932,'admin',1,'StoreManufacturer','Sven','2012-06-09 15:49:32'),(3933,'admin',1,'StoreProduct','Sven SPS-820','2012-06-09 15:49:32'),(3934,'admin',1,'StoreProduct','Edifier M1385','2012-06-09 15:49:32'),(3935,'admin',1,'StoreProduct','Edifier X600','2012-06-09 15:49:33'),(3936,'admin',1,'StoreProduct','Microlab FC 362','2012-06-09 15:49:33'),(3937,'admin',2,'StoreProduct','Microlab FC 362','2012-06-09 15:50:05'),(3938,'admin',2,'StoreProduct','Edifier X600','2012-06-09 15:50:05'),(3939,'admin',2,'StoreProduct','Edifier M1385','2012-06-09 15:50:05'),(3940,'admin',2,'StoreProduct','Sven SPS-820','2012-06-09 15:50:05'),(3941,'admin',2,'StoreProduct','Logitech Z-313','2012-06-09 15:50:05'),(3942,'admin',2,'StoreProduct','Edifier M3700','2012-06-09 15:50:05'),(3943,'admin',2,'StoreProduct','Microlab M-860','2012-06-09 15:50:05'),(3944,'admin',2,'StoreProduct','Logitech X-530','2012-06-09 15:50:05'),(3945,'admin',2,'StoreAttribute','sound_type','2012-06-09 15:51:10'),(3946,'admin',2,'StoreAttribute','corpus_material','2012-06-09 15:51:24'),(3947,'admin',2,'StoreAttribute','freq','2012-06-09 15:51:46'),(3948,'admin',2,'StoreAttribute','rms_power','2012-06-09 15:52:12'),(3949,'admin',1,'StoreCategory','Планшеты','2012-06-09 17:00:25'),(3950,'admin',1,'StoreProductType','tablet','2012-06-09 17:00:25'),(3951,'admin',1,'StoreAttribute','tablet_screen_size','2012-06-09 17:00:25'),(3952,'admin',1,'StoreAttribute','memmory_size','2012-06-09 17:00:25'),(3953,'admin',1,'StoreAttribute','weight','2012-06-09 17:00:25'),(3954,'admin',1,'StoreProduct','Apple iPad 2 16Gb Wi-Fi + 3G','2012-06-09 17:00:25'),(3955,'admin',1,'StoreProduct','Apple iPad 2 64Gb Wi-Fi + 3G','2012-06-09 17:00:25'),(3956,'admin',1,'StoreManufacturer','Samsung','2012-06-09 17:00:25'),(3957,'admin',1,'StoreProduct','Samsung Galaxy Tab 7.0 Plus P6200 16GB','2012-06-09 17:00:25'),(3958,'admin',1,'StoreProduct','Acer Iconia Tab A100 8Gb','2012-06-09 17:00:26'),(3959,'admin',1,'StoreProduct','Asus Transformer Pad Prime 201 64Gb','2012-06-09 17:00:26'),(3960,'admin',1,'StoreProduct','Samsung Galaxy Tab 10.1 P7500 16Gb','2012-06-09 17:00:26'),(3961,'admin',2,'StoreProduct','Apple iPad 2 16Gb Wi-Fi + 3G','2012-06-09 17:01:43'),(3962,'admin',2,'StoreProduct','Apple iPad 2 64Gb Wi-Fi + 3G','2012-06-09 17:01:43'),(3963,'admin',2,'StoreProduct','Samsung Galaxy Tab 7.0 Plus P6200 16GB','2012-06-09 17:01:43'),(3964,'admin',2,'StoreProduct','Acer Iconia Tab A100 8Gb','2012-06-09 17:01:43'),(3965,'admin',2,'StoreProduct','Asus Transformer Pad Prime 201 64Gb','2012-06-09 17:01:43'),(3966,'admin',2,'StoreProduct','Samsung Galaxy Tab 10.1 P7500 16Gb','2012-06-09 17:01:43'),(3967,'admin',1,'StoreCategory','Телефоны','2012-06-09 18:24:36'),(3968,'admin',1,'StoreProductType','phone','2012-06-09 18:24:36'),(3969,'admin',1,'StoreAttribute','phone_platform','2012-06-09 18:24:36'),(3970,'admin',1,'StoreAttribute','phone_weight','2012-06-09 18:24:37'),(3971,'admin',1,'StoreAttribute','phone_display','2012-06-09 18:24:37'),(3972,'admin',1,'StoreAttribute','phone_camera','2012-06-09 18:24:37'),(3973,'admin',1,'StoreProduct','Samsung Galaxy Ace II','2012-06-09 18:24:37'),(3974,'admin',1,'StoreManufacturer','HTC','2012-06-09 18:24:37'),(3975,'admin',1,'StoreProduct','HTC One XL','2012-06-09 18:24:37'),(3976,'admin',1,'StoreProduct','HTC Sensation XL','2012-06-09 18:24:37'),(3977,'admin',1,'StoreProduct','Apple iPhone 4S 16Gb','2012-06-09 18:24:37'),(3978,'admin',1,'StoreProduct','Apple iPhone 3GS 8Gb','2012-06-09 18:24:37'),(3979,'admin',1,'StoreProduct','Apple iPhone 4 16Gb','2012-06-09 18:24:37'),(3980,'admin',1,'StoreManufacturer','Nokia','2012-06-09 18:24:37'),(3981,'admin',1,'StoreProduct','Nokia N9','2012-06-09 18:24:37'),(3982,'admin',1,'StoreManufacturer','BlackBerry','2012-06-09 18:24:37'),(3983,'admin',1,'StoreProduct','BlackBerry Bold 9900','2012-06-09 18:24:37'),(3984,'admin',1,'StoreProduct','BlackBerry Bold 9780','2012-06-09 18:24:38'),(3985,'admin',2,'StoreProduct','Samsung Galaxy Ace II','2012-06-09 18:25:36'),(3986,'admin',2,'StoreProduct','HTC One XL','2012-06-09 18:25:36'),(3987,'admin',2,'StoreProduct','HTC Sensation XL','2012-06-09 18:25:37'),(3988,'admin',2,'StoreProduct','Apple iPhone 4S 16Gb','2012-06-09 18:25:37'),(3989,'admin',2,'StoreProduct','Apple iPhone 3GS 8Gb','2012-06-09 18:25:37'),(3990,'admin',2,'StoreProduct','Apple iPhone 4 16Gb','2012-06-09 18:25:37'),(3991,'admin',2,'StoreProduct','Nokia N9','2012-06-09 18:25:37'),(3992,'admin',2,'StoreProduct','BlackBerry Bold 9900','2012-06-09 18:25:37'),(3993,'admin',2,'StoreProduct','BlackBerry Bold 9780','2012-06-09 18:25:37'),(3994,'admin',2,'StoreAttribute','phone_platform','2012-06-09 18:26:47'),(3995,'admin',2,'StoreAttribute','phone_platform','2012-06-09 18:28:11'),(3996,'admin',2,'StoreAttribute','phone_platform','2012-06-09 18:28:28'),(3997,'admin',1,'StoreCategory','Мониторы','2012-06-09 19:04:11'),(3998,'admin',1,'StoreProductType','monitor','2012-06-09 19:04:11'),(3999,'admin',1,'StoreAttribute','monitor_diagonal','2012-06-09 19:04:11'),(4000,'admin',1,'StoreAttribute','monitor_dimension','2012-06-09 19:04:11'),(4001,'admin',1,'StoreAttribute','view_angle','2012-06-09 19:04:11'),(4002,'admin',1,'StoreProduct','DELL U2412M','2012-06-09 19:04:11'),(4003,'admin',1,'StoreProduct','DELL U2312HM','2012-06-09 19:04:11'),(4004,'admin',1,'StoreManufacturer','LG','2012-06-09 19:04:11'),(4005,'admin',1,'StoreProduct','LG Flatron M2250D','2012-06-09 19:04:11'),(4006,'admin',1,'StoreProduct','LG Flatron IPS226V','2012-06-09 19:04:11'),(4007,'admin',1,'StoreProduct','Samsung SyncMaster S22A350N','2012-06-09 19:04:12'),(4008,'admin',1,'StoreManufacturer','Philips','2012-06-09 19:04:12'),(4009,'admin',1,'StoreProduct','Philips 237E3QPHSU','2012-06-09 19:04:12'),(4010,'admin',1,'StoreProduct','Philips 227E3LSU','2012-06-09 19:04:12'),(4011,'admin',1,'StoreProduct','HP ZR2740w','2012-06-09 19:04:12'),(4012,'admin',1,'StoreProduct','HP ZR2440w','2012-06-09 19:04:13'),(4013,'admin',2,'StoreProduct','DELL U2412M','2012-06-09 19:47:51'),(4014,'admin',2,'StoreProduct','DELL U2312HM','2012-06-09 19:47:51'),(4015,'admin',2,'StoreProduct','LG Flatron M2250D','2012-06-09 19:47:52'),(4016,'admin',2,'StoreProduct','LG Flatron IPS226V','2012-06-09 19:47:52'),(4017,'admin',2,'StoreProduct','Samsung SyncMaster S22A350N','2012-06-09 19:47:52'),(4018,'admin',2,'StoreProduct','Philips 237E3QPHSU','2012-06-09 19:47:52'),(4019,'admin',2,'StoreProduct','Philips 227E3LSU','2012-06-09 19:47:52'),(4020,'admin',2,'StoreProduct','HP ZR2740w','2012-06-09 19:47:52'),(4021,'admin',2,'StoreProduct','HP ZR2440w','2012-06-09 19:47:52'),(4022,'admin',2,'StoreProduct','Samsung SyncMaster S22A350N','2012-06-09 19:51:33'),(4023,'admin',2,'StoreProduct','DELL U2412M','2012-06-09 19:51:43'),(4024,'admin',2,'StoreProduct','DELL U2312HM','2012-06-09 19:51:43'),(4025,'admin',2,'StoreProduct','LG Flatron M2250D','2012-06-09 19:51:43'),(4026,'admin',2,'StoreProduct','LG Flatron IPS226V','2012-06-09 19:51:44'),(4027,'admin',2,'StoreProduct','Samsung SyncMaster S22A350N','2012-06-09 19:51:44'),(4028,'admin',2,'StoreProduct','Philips 237E3QPHSU','2012-06-09 19:51:44'),(4029,'admin',2,'StoreProduct','Philips 227E3LSU','2012-06-09 19:51:44'),(4030,'admin',2,'StoreProduct','HP ZR2740w','2012-06-09 19:51:44'),(4031,'admin',2,'StoreProduct','HP ZR2440w','2012-06-09 19:51:44'),(4032,'admin',2,'StoreProduct','DELL U2412M','2012-06-09 20:22:54'),(4033,'admin',2,'StoreProduct','DELL U2312HM','2012-06-09 20:22:54'),(4034,'admin',2,'StoreProduct','LG Flatron M2250D','2012-06-09 20:22:54'),(4035,'admin',2,'StoreProduct','LG Flatron IPS226V','2012-06-09 20:22:54'),(4036,'admin',2,'StoreProduct','Samsung SyncMaster S22A350N','2012-06-09 20:22:54'),(4037,'admin',2,'StoreProduct','Philips 237E3QPHSU','2012-06-09 20:22:54'),(4038,'admin',2,'StoreProduct','Philips 227E3LSU','2012-06-09 20:22:54'),(4039,'admin',2,'StoreProduct','HP ZR2740w','2012-06-09 20:22:54'),(4040,'admin',2,'StoreProduct','HP ZR2440w','2012-06-09 20:22:54'),(4041,'admin',2,'StoreProduct','Samsung SyncMaster S22A350N','2012-06-09 20:24:10'),(4042,'admin',2,'StoreProduct','DELL U2412M','2012-06-09 20:24:23'),(4043,'admin',2,'StoreProduct','DELL U2312HM','2012-06-09 20:24:23'),(4044,'admin',2,'StoreProduct','LG Flatron M2250D','2012-06-09 20:24:23'),(4045,'admin',2,'StoreProduct','LG Flatron IPS226V','2012-06-09 20:24:23'),(4046,'admin',2,'StoreProduct','Samsung SyncMaster S22A350N','2012-06-09 20:24:23'),(4047,'admin',2,'StoreProduct','Philips 237E3QPHSU','2012-06-09 20:24:23'),(4048,'admin',2,'StoreProduct','Philips 227E3LSU','2012-06-09 20:24:23'),(4049,'admin',2,'StoreProduct','HP ZR2740w','2012-06-09 20:24:23'),(4050,'admin',2,'StoreProduct','HP ZR2440w','2012-06-09 20:24:23'),(4051,'admin',2,'StoreAttribute','monitor_dimension','2012-06-09 20:25:04'),(4052,'admin',2,'StoreProduct','DELL U2412M','2012-06-09 20:25:15'),(4053,'admin',2,'StoreProduct','DELL U2312HM','2012-06-09 20:25:15'),(4054,'admin',2,'StoreProduct','LG Flatron M2250D','2012-06-09 20:25:15'),(4055,'admin',2,'StoreProduct','LG Flatron IPS226V','2012-06-09 20:25:16'),(4056,'admin',2,'StoreProduct','Samsung SyncMaster S22A350N','2012-06-09 20:25:16'),(4057,'admin',2,'StoreProduct','Philips 237E3QPHSU','2012-06-09 20:25:16'),(4058,'admin',2,'StoreProduct','Philips 227E3LSU','2012-06-09 20:25:16'),(4059,'admin',2,'StoreProduct','HP ZR2740w','2012-06-09 20:25:16'),(4060,'admin',2,'StoreProduct','HP ZR2440w','2012-06-09 20:25:16'),(4061,'admin',2,'StoreProduct','DELL U2412M','2012-06-09 20:27:32'),(4062,'admin',2,'StoreProduct','DELL U2312HM','2012-06-09 20:27:32'),(4063,'admin',2,'StoreProduct','LG Flatron M2250D','2012-06-09 20:27:32'),(4064,'admin',2,'StoreProduct','LG Flatron IPS226V','2012-06-09 20:27:32'),(4065,'admin',2,'StoreProduct','Samsung SyncMaster S22A350N','2012-06-09 20:27:32'),(4066,'admin',2,'StoreProduct','Philips 237E3QPHSU','2012-06-09 20:27:32'),(4067,'admin',2,'StoreProduct','Philips 227E3LSU','2012-06-09 20:27:32'),(4068,'admin',2,'StoreProduct','HP ZR2740w','2012-06-09 20:27:32'),(4069,'admin',2,'StoreProduct','HP ZR2440w','2012-06-09 20:27:32'),(4070,'admin',3,'StoreProduct','Philips 237E3QPHSU','2012-06-09 20:32:18'),(4071,'admin',3,'StoreProduct','Samsung SyncMaster S22A350N','2012-06-09 20:32:18'),(4072,'admin',3,'StoreProduct','LG Flatron IPS226V','2012-06-09 20:32:18'),(4073,'admin',3,'StoreProduct','LG Flatron M2250D','2012-06-09 20:32:18'),(4074,'admin',3,'StoreProduct','DELL U2312HM','2012-06-09 20:32:18'),(4075,'admin',3,'StoreProduct','DELL U2412M','2012-06-09 20:32:18'),(4076,'admin',3,'StoreProduct','BlackBerry Bold 9780','2012-06-09 20:32:18'),(4077,'admin',3,'StoreProduct','BlackBerry Bold 9900','2012-06-09 20:32:18'),(4078,'admin',3,'StoreProduct','Nokia N9','2012-06-09 20:32:18'),(4079,'admin',3,'StoreProduct','Apple iPhone 4 16Gb','2012-06-09 20:32:18'),(4080,'admin',3,'StoreProduct','Apple iPhone 3GS 8Gb','2012-06-09 20:32:18'),(4081,'admin',3,'StoreProduct','Apple iPhone 4S 16Gb','2012-06-09 20:32:18'),(4082,'admin',3,'StoreProduct','Acer Iconia Tab A100 8Gb','2012-06-09 20:32:18'),(4083,'admin',3,'StoreProduct','Asus Transformer Pad Prime 201 64Gb','2012-06-09 20:32:18'),(4084,'admin',3,'StoreProduct','Samsung Galaxy Tab 10.1 P7500 16Gb','2012-06-09 20:32:18'),(4085,'admin',3,'StoreProduct','Samsung Galaxy Ace II','2012-06-09 20:32:19'),(4086,'admin',3,'StoreProduct','HTC One XL','2012-06-09 20:32:19'),(4087,'admin',3,'StoreProduct','HTC Sensation XL','2012-06-09 20:32:19'),(4088,'admin',3,'StoreProduct','Samsung Galaxy Tab 7.0 Plus P6200 16GB','2012-06-09 20:32:19'),(4089,'admin',3,'StoreProduct','Apple iPad 2 64Gb Wi-Fi + 3G','2012-06-09 20:32:19'),(4090,'admin',3,'StoreProduct','Apple iPad 2 16Gb Wi-Fi + 3G','2012-06-09 20:32:19'),(4091,'admin',3,'StoreProduct','Microlab FC 362','2012-06-09 20:32:19'),(4092,'admin',3,'StoreProduct','Edifier X600','2012-06-09 20:32:19'),(4093,'admin',3,'StoreProduct','Edifier M1385','2012-06-09 20:32:19'),(4094,'admin',3,'StoreProduct','Sven SPS-820','2012-06-09 20:32:19'),(4095,'admin',3,'StoreProduct','Logitech Z-313','2012-06-09 20:32:19'),(4096,'admin',3,'StoreProduct','Edifier M3700','2012-06-09 20:32:19'),(4097,'admin',3,'StoreProduct','HP ZR2440w','2012-06-09 20:32:19'),(4098,'admin',3,'StoreProduct','HP ZR2740w','2012-06-09 20:32:19'),(4099,'admin',3,'StoreProduct','Philips 227E3LSU','2012-06-09 20:32:19'),(4100,'admin',3,'StoreProduct','HP EliteBook 8560w','2012-06-09 20:32:23'),(4101,'admin',3,'StoreProduct','DELL ALIENWARE M17x','2012-06-09 20:32:23'),(4102,'admin',3,'StoreProduct','Microlab M-860','2012-06-09 20:32:23'),(4103,'admin',3,'StoreProduct','Logitech X-530','2012-06-09 20:32:23'),(4104,'admin',3,'StoreProduct','Acer ASPIRE 5943G-7748G75TWiss','2012-06-09 20:32:23'),(4105,'admin',3,'StoreProduct','Sony VAIO VPC-F13S8R','2012-06-09 20:32:23'),(4106,'admin',3,'StoreProduct','Lenovo THINKPAD W520','2012-06-09 20:32:23'),(4107,'admin',3,'StoreProduct','Apple MacBook Pro 15 Late 2011','2012-06-09 20:32:24'),(4108,'admin',3,'StoreProduct','Fujitsu LIFEBOOK AH531','2012-06-09 20:32:24'),(4109,'admin',3,'StoreProduct','ASUS X54C','2012-06-09 20:32:24'),(4110,'admin',3,'StoreProduct','DELL INSPIRON N5050','2012-06-09 20:32:24'),(4111,'admin',3,'StoreProduct','ASUS K53U','2012-06-09 20:32:24'),(4112,'admin',3,'StoreProduct','Lenovo G570','2012-06-09 20:32:24'),(4113,'admin',3,'StoreProduct','Lenovo B570','2012-06-09 20:32:24'),(4114,'admin',3,'StoreAttribute','phone_camera','2012-06-09 20:32:31'),(4115,'admin',3,'StoreAttribute','rms_power','2012-06-09 20:32:31'),(4116,'admin',3,'StoreAttribute','monitor_diagonal','2012-06-09 20:32:31'),(4117,'admin',3,'StoreAttribute','corpus_material','2012-06-09 20:32:31'),(4118,'admin',3,'StoreAttribute','image','2012-06-09 20:32:31'),(4119,'admin',3,'StoreAttribute','monitor_dimension','2012-06-09 20:32:31'),(4120,'admin',3,'StoreAttribute','sound_type','2012-06-09 20:32:31'),(4121,'admin',3,'StoreAttribute','processor_manufacturer','2012-06-09 20:32:31'),(4122,'admin',3,'StoreAttribute','view_angle','2012-06-09 20:32:31'),(4123,'admin',3,'StoreAttribute','tablet_screen_size','2012-06-09 20:32:31'),(4124,'admin',3,'StoreAttribute','freq','2012-06-09 20:32:31'),(4125,'admin',3,'StoreAttribute','memmory_size','2012-06-09 20:32:31'),(4126,'admin',3,'StoreAttribute','memmory','2012-06-09 20:32:32'),(4127,'admin',3,'StoreAttribute','weight','2012-06-09 20:32:32'),(4128,'admin',3,'StoreAttribute','memmory_type','2012-06-09 20:32:32'),(4129,'admin',3,'StoreAttribute','phone_platform','2012-06-09 20:32:32'),(4130,'admin',3,'StoreAttribute','screen','2012-06-09 20:32:32'),(4131,'admin',3,'StoreAttribute','phone_weight','2012-06-09 20:32:32'),(4132,'admin',3,'StoreAttribute','video','2012-06-09 20:32:32'),(4133,'admin',3,'StoreAttribute','phone_display','2012-06-09 20:32:32'),(4134,'admin',3,'StoreAttribute','screen_dimension','2012-06-09 20:32:32'),(4135,'admin',1,'StoreAttribute','monitor_dimension','2012-06-09 20:32:50'),(4136,'admin',1,'StoreProduct','DELL U2412M','2012-06-09 20:32:50'),(4137,'admin',1,'StoreProduct','DELL U2312HM','2012-06-09 20:32:50'),(4138,'admin',1,'StoreProduct','LG Flatron M2250D','2012-06-09 20:32:50'),(4139,'admin',1,'StoreProduct','LG Flatron IPS226V','2012-06-09 20:32:51'),(4140,'admin',1,'StoreProduct','Samsung SyncMaster S22A350N','2012-06-09 20:32:51'),(4141,'admin',1,'StoreProduct','Philips 237E3QPHSU','2012-06-09 20:32:51'),(4142,'admin',1,'StoreProduct','Philips 227E3LSU','2012-06-09 20:32:51'),(4143,'admin',1,'StoreProduct','HP ZR2740w','2012-06-09 20:32:52'),(4144,'admin',1,'StoreProduct','HP ZR2440w','2012-06-09 20:32:52'),(4145,'admin',3,'StoreProduct','HP ZR2740w','2012-06-09 20:33:56'),(4146,'admin',3,'StoreProduct','HP ZR2440w','2012-06-09 20:33:56'),(4147,'admin',3,'StoreProduct','Philips 237E3QPHSU','2012-06-09 20:33:56'),(4148,'admin',3,'StoreProduct','Philips 227E3LSU','2012-06-09 20:33:56'),(4149,'admin',3,'StoreProduct','LG Flatron M2250D','2012-06-09 20:33:56'),(4150,'admin',3,'StoreProduct','LG Flatron IPS226V','2012-06-09 20:33:56'),(4151,'admin',3,'StoreProduct','Samsung SyncMaster S22A350N','2012-06-09 20:33:56'),(4152,'admin',3,'StoreProduct','DELL U2412M','2012-06-09 20:33:56'),(4153,'admin',3,'StoreProduct','DELL U2312HM','2012-06-09 20:33:56'),(4154,'admin',3,'StoreAttribute','monitor_dimension','2012-06-09 20:34:02'),(4155,'admin',1,'StoreAttribute','monitor_diagonal','2012-06-09 20:34:08'),(4156,'admin',1,'StoreAttribute','monitor_dimension','2012-06-09 20:34:08'),(4157,'admin',1,'StoreAttribute','view_angle','2012-06-09 20:34:08'),(4158,'admin',1,'StoreProduct','DELL U2412M','2012-06-09 20:34:08'),(4159,'admin',1,'StoreProduct','DELL U2312HM','2012-06-09 20:34:08'),(4160,'admin',1,'StoreProduct','LG Flatron M2250D','2012-06-09 20:34:08'),(4161,'admin',1,'StoreProduct','LG Flatron IPS226V','2012-06-09 20:34:08'),(4162,'admin',1,'StoreProduct','Samsung SyncMaster S22A350N','2012-06-09 20:34:08'),(4163,'admin',1,'StoreProduct','Philips 237E3QPHSU','2012-06-09 20:34:09'),(4164,'admin',1,'StoreProduct','Philips 227E3LSU','2012-06-09 20:34:09'),(4165,'admin',1,'StoreProduct','HP ZR2740w','2012-06-09 20:34:09'),(4166,'admin',1,'StoreProduct','HP ZR2440w','2012-06-09 20:34:09'),(4167,'admin',1,'StoreAttribute','processor_manufacturer','2012-06-09 20:35:17'),(4168,'admin',1,'StoreAttribute','freq','2012-06-09 20:35:18'),(4169,'admin',1,'StoreAttribute','memmory','2012-06-09 20:35:18'),(4170,'admin',1,'StoreAttribute','memmory_type','2012-06-09 20:35:18'),(4171,'admin',1,'StoreAttribute','screen','2012-06-09 20:35:18'),(4172,'admin',1,'StoreAttribute','video','2012-06-09 20:35:18'),(4173,'admin',1,'StoreAttribute','screen_dimension','2012-06-09 20:35:18'),(4174,'admin',1,'StoreProduct','Lenovo B570','2012-06-09 20:35:18'),(4175,'admin',1,'StoreProduct','Lenovo G570','2012-06-09 20:35:18'),(4176,'admin',1,'StoreProduct','ASUS K53U','2012-06-09 20:35:18'),(4177,'admin',1,'StoreProduct','ASUS X54C','2012-06-09 20:35:19'),(4178,'admin',1,'StoreProduct','DELL INSPIRON N5050','2012-06-09 20:35:19'),(4179,'admin',1,'StoreProduct','Fujitsu LIFEBOOK AH531','2012-06-09 20:35:19'),(4180,'admin',1,'StoreProduct','HP EliteBook 8560w','2012-06-09 20:35:20'),(4181,'admin',1,'StoreProduct','DELL ALIENWARE M17x','2012-06-09 20:35:20'),(4182,'admin',1,'StoreProduct','Apple MacBook Pro 15 Late 2011','2012-06-09 20:35:20'),(4183,'admin',1,'StoreProduct','Lenovo THINKPAD W520','2012-06-09 20:35:20'),(4184,'admin',1,'StoreProduct','Sony VAIO VPC-F13S8R','2012-06-09 20:35:20'),(4185,'admin',1,'StoreProduct','Acer ASPIRE 5943G-7748G75TWiss','2012-06-09 20:35:21'),(4186,'admin',1,'StoreAttribute','rms_power','2012-06-09 21:12:16'),(4187,'admin',1,'StoreAttribute','corpus_material','2012-06-09 21:12:17'),(4188,'admin',1,'StoreAttribute','sound_type','2012-06-09 21:12:17'),(4189,'admin',1,'StoreProduct','Logitech X-530','2012-06-09 21:12:17'),(4190,'admin',1,'StoreProduct','Microlab M-860','2012-06-09 21:12:18'),(4191,'admin',1,'StoreProduct','Edifier M3700','2012-06-09 21:12:19'),(4192,'admin',1,'StoreProduct','Logitech Z-313','2012-06-09 21:12:19'),(4193,'admin',1,'StoreProduct','Sven SPS-820','2012-06-09 21:12:19'),(4194,'admin',1,'StoreProduct','Edifier M1385','2012-06-09 21:12:19'),(4195,'admin',1,'StoreProduct','Edifier X600','2012-06-09 21:12:20'),(4196,'admin',1,'StoreManufacturer','Microlab;62 Вт','2012-06-09 21:12:20'),(4197,'admin',1,'StoreProduct','Microlab FC 362','2012-06-09 21:12:20'),(4198,'admin',2,'StoreProduct','Lenovo B570','2012-06-09 21:12:26'),(4199,'admin',2,'StoreProduct','Lenovo G570','2012-06-09 21:12:26'),(4200,'admin',2,'StoreProduct','ASUS K53U','2012-06-09 21:12:26'),(4201,'admin',2,'StoreProduct','ASUS X54C','2012-06-09 21:12:27'),(4202,'admin',2,'StoreProduct','DELL INSPIRON N5050','2012-06-09 21:12:27'),(4203,'admin',2,'StoreProduct','Fujitsu LIFEBOOK AH531','2012-06-09 21:12:27'),(4204,'admin',2,'StoreProduct','HP EliteBook 8560w','2012-06-09 21:12:27'),(4205,'admin',2,'StoreProduct','DELL ALIENWARE M17x','2012-06-09 21:12:27'),(4206,'admin',2,'StoreProduct','Apple MacBook Pro 15 Late 2011','2012-06-09 21:12:27'),(4207,'admin',2,'StoreProduct','Lenovo THINKPAD W520','2012-06-09 21:12:27'),(4208,'admin',2,'StoreProduct','Sony VAIO VPC-F13S8R','2012-06-09 21:12:27'),(4209,'admin',2,'StoreProduct','Acer ASPIRE 5943G-7748G75TWiss','2012-06-09 21:12:28'),(4210,'admin',2,'StoreProduct','DELL U2412M','2012-06-09 21:12:40'),(4255,'admin',1,'Page','Доставка и оплата','2012-06-10 22:37:18'),(4254,'admin',1,'Page','Гарантия','2012-06-10 22:37:06'),(4253,'admin',1,'Page','Как сделать заказ','2012-06-10 22:36:50'),(4252,'admin',2,'Page','Помощь','2012-06-10 22:36:26'),(4251,'admin',1,'Page','Помощь','2012-06-10 22:35:51'),(4250,'admin',2,'StoreProduct','Microlab FC 362','2012-06-10 11:12:34'),(4249,'admin',2,'StoreProduct','Edifier X600','2012-06-10 11:12:34'),(4248,'admin',2,'StoreProduct','Edifier M1385','2012-06-10 11:12:34'),(4247,'admin',2,'StoreProduct','Sven SPS-820','2012-06-10 11:12:34'),(4246,'admin',2,'StoreProduct','Logitech Z-313','2012-06-10 11:12:34'),(4245,'admin',2,'StoreProduct','Edifier M3700','2012-06-10 11:12:34'),(4244,'admin',2,'StoreProduct','Microlab M-860','2012-06-10 11:12:34'),(4243,'admin',2,'StoreProduct','Logitech X-530','2012-06-10 11:12:34'),(4242,'admin',2,'Order','69','2012-06-09 23:05:27'),(4241,'admin',2,'User','admin','2012-06-09 22:53:26');
/*!40000 ALTER TABLE `ActionLog` ENABLE KEYS */;
UNLOCK TABLES;

--
-- Table structure for table `AuthAssignment`
--

DROP TABLE IF EXISTS `AuthAssignment`;
/*!40101 SET @saved_cs_client     = @@character_set_client */;
/*!40101 SET character_set_client = utf8 */;
CREATE TABLE `AuthAssignment` (
  `itemname` varchar(64) NOT NULL,
  `userid` varchar(64) NOT NULL,
  `bizrule` text,
  `data` text,
  PRIMARY KEY (`itemname`,`userid`)
) ENGINE=MyISAM DEFAULT CHARSET=utf8;
/*!40101 SET character_set_client = @saved_cs_client */;

--
-- Dumping data for table `AuthAssignment`
--

LOCK TABLES `AuthAssignment` WRITE;
/*!40000 ALTER TABLE `AuthAssignment` DISABLE KEYS */;
INSERT INTO `AuthAssignment` VALUES ('Admin','1',NULL,NULL);
/*!40000 ALTER TABLE `AuthAssignment` ENABLE KEYS */;
UNLOCK TABLES;

--
-- Table structure for table `AuthItem`
--

DROP TABLE IF EXISTS `AuthItem`;
/*!40101 SET @saved_cs_client     = @@character_set_client */;
/*!40101 SET character_set_client = utf8 */;
CREATE TABLE `AuthItem` (
  `name` varchar(64) NOT NULL,
  `type` int(11) NOT NULL,
  `description` text,
  `bizrule` text,
  `data` text,
  PRIMARY KEY (`name`)
) ENGINE=MyISAM DEFAULT CHARSET=utf8;
/*!40101 SET character_set_client = @saved_cs_client */;

--
-- Dumping data for table `AuthItem`
--

LOCK TABLES `AuthItem` WRITE;
/*!40000 ALTER TABLE `AuthItem` DISABLE KEYS */;
INSERT INTO `AuthItem` VALUES ('Admin',2,NULL,NULL,'N;'),('Authenticated',2,NULL,NULL,'N;'),('Guest',2,NULL,NULL,'N;');
/*!40000 ALTER TABLE `AuthItem` ENABLE KEYS */;
UNLOCK TABLES;

--
-- Table structure for table `AuthItemChild`
--

DROP TABLE IF EXISTS `AuthItemChild`;
/*!40101 SET @saved_cs_client     = @@character_set_client */;
/*!40101 SET character_set_client = utf8 */;
CREATE TABLE `AuthItemChild` (
  `parent` varchar(64) NOT NULL,
  `child` varchar(64) NOT NULL,
  PRIMARY KEY (`parent`,`child`),
  KEY `child` (`child`)
) ENGINE=MyISAM DEFAULT CHARSET=utf8;
/*!40101 SET character_set_client = @saved_cs_client */;

--
-- Dumping data for table `AuthItemChild`
--

LOCK TABLES `AuthItemChild` WRITE;
/*!40000 ALTER TABLE `AuthItemChild` DISABLE KEYS */;
/*!40000 ALTER TABLE `AuthItemChild` ENABLE KEYS */;
UNLOCK TABLES;

--
-- Table structure for table `Comments`
--

DROP TABLE IF EXISTS `Comments`;
/*!40101 SET @saved_cs_client     = @@character_set_client */;
/*!40101 SET character_set_client = utf8 */;
CREATE TABLE `Comments` (
  `id` int(11) NOT NULL AUTO_INCREMENT,
  `user_id` int(11) NOT NULL DEFAULT '0',
  `class_name` varchar(100) NOT NULL,
  `object_pk` int(11) NOT NULL,
  `status` tinyint(4) NOT NULL,
  `email` varchar(255) NOT NULL,
  `name` varchar(50) NOT NULL,
  `text` text NOT NULL,
  `created` datetime NOT NULL,
  `updated` datetime NOT NULL,
  `ip_address` varchar(255) NOT NULL,
  PRIMARY KEY (`id`),
  KEY `user_id` (`user_id`),
  KEY `class_name_index` (`class_name`)
) ENGINE=MyISAM AUTO_INCREMENT=37 DEFAULT CHARSET=utf8;
/*!40101 SET character_set_client = @saved_cs_client */;

--
-- Dumping data for table `Comments`
--

LOCK TABLES `Comments` WRITE;
/*!40000 ALTER TABLE `Comments` DISABLE KEYS */;
/*!40000 ALTER TABLE `Comments` ENABLE KEYS */;
UNLOCK TABLES;

--
-- Table structure for table `Discount`
--

DROP TABLE IF EXISTS `Discount`;
/*!40101 SET @saved_cs_client     = @@character_set_client */;
/*!40101 SET character_set_client = utf8 */;
CREATE TABLE `Discount` (
  `id` int(11) NOT NULL AUTO_INCREMENT,
  `name` varchar(255) NOT NULL,
  `active` tinyint(1) NOT NULL,
  `sum` varchar(10) NOT NULL,
  `start_date` datetime NOT NULL,
  `end_date` datetime NOT NULL,
  PRIMARY KEY (`id`),
  KEY `active` (`active`),
  KEY `start_date` (`start_date`),
  KEY `end_date` (`end_date`)
) ENGINE=MyISAM AUTO_INCREMENT=3 DEFAULT CHARSET=utf8;
/*!40101 SET character_set_client = @saved_cs_client */;

--
-- Dumping data for table `Discount`
--

LOCK TABLES `Discount` WRITE;
/*!40000 ALTER TABLE `Discount` DISABLE KEYS */;
/*!40000 ALTER TABLE `Discount` ENABLE KEYS */;
UNLOCK TABLES;

--
-- Table structure for table `DiscountCategory`
--

DROP TABLE IF EXISTS `DiscountCategory`;
/*!40101 SET @saved_cs_client     = @@character_set_client */;
/*!40101 SET character_set_client = utf8 */;
CREATE TABLE `DiscountCategory` (
  `id` int(11) NOT NULL AUTO_INCREMENT,
  `discount_id` int(11) NOT NULL,
  `category_id` int(11) NOT NULL,
  PRIMARY KEY (`id`),
  KEY `discount_id` (`discount_id`),
  KEY `category_id` (`category_id`)
) ENGINE=MyISAM AUTO_INCREMENT=21 DEFAULT CHARSET=utf8;
/*!40101 SET character_set_client = @saved_cs_client */;

--
-- Dumping data for table `DiscountCategory`
--

LOCK TABLES `DiscountCategory` WRITE;
/*!40000 ALTER TABLE `DiscountCategory` DISABLE KEYS */;
/*!40000 ALTER TABLE `DiscountCategory` ENABLE KEYS */;
UNLOCK TABLES;

--
-- Table structure for table `DiscountManufacturer`
--

DROP TABLE IF EXISTS `DiscountManufacturer`;
/*!40101 SET @saved_cs_client     = @@character_set_client */;
/*!40101 SET character_set_client = utf8 */;
CREATE TABLE `DiscountManufacturer` (
  `id` int(11) NOT NULL AUTO_INCREMENT,
  `discount_id` int(11) NOT NULL,
  `manufacturer_id` int(11) NOT NULL,
  PRIMARY KEY (`id`),
  KEY `discount_id` (`discount_id`),
  KEY `manufacturer_id` (`manufacturer_id`)
) ENGINE=MyISAM AUTO_INCREMENT=13 DEFAULT CHARSET=utf8;
/*!40101 SET character_set_client = @saved_cs_client */;

--
-- Dumping data for table `DiscountManufacturer`
--

LOCK TABLES `DiscountManufacturer` WRITE;
/*!40000 ALTER TABLE `DiscountManufacturer` DISABLE KEYS */;
/*!40000 ALTER TABLE `DiscountManufacturer` ENABLE KEYS */;
UNLOCK TABLES;

--
-- Table structure for table `Order`
--

DROP TABLE IF EXISTS `Order`;
/*!40101 SET @saved_cs_client     = @@character_set_client */;
/*!40101 SET character_set_client = utf8 */;
CREATE TABLE `Order` (
  `id` int(11) NOT NULL AUTO_INCREMENT,
  `user_id` int(11) DEFAULT NULL,
  `secret_key` varchar(10) NOT NULL,
  `delivery_id` int(11) NOT NULL,
  `delivery_price` float(10,2) NOT NULL,
  `total_price` float(10,2) NOT NULL,
  `status_id` int(11) NOT NULL,
  `paid` tinyint(1) NOT NULL,
  `user_name` varchar(100) NOT NULL,
  `user_email` varchar(100) NOT NULL,
  `user_address` varchar(255) NOT NULL COMMENT 'delivery address',
  `user_phone` varchar(30) NOT NULL,
  `user_comment` varchar(500) NOT NULL,
  `ip_address` varchar(50) NOT NULL,
  `created` datetime NOT NULL,
  `updated` datetime NOT NULL,
  PRIMARY KEY (`id`),
  KEY `user_id` (`user_id`),
  KEY `secret_key` (`secret_key`),
  KEY `delivery_id` (`delivery_id`),
  KEY `status_id` (`status_id`)
) ENGINE=MyISAM AUTO_INCREMENT=70 DEFAULT CHARSET=utf8;
/*!40101 SET character_set_client = @saved_cs_client */;

--
-- Dumping data for table `Order`
--

LOCK TABLES `Order` WRITE;
/*!40000 ALTER TABLE `Order` DISABLE KEYS */;
INSERT INTO `Order` VALUES (69,1,'tr46qodzqv',14,30.00,1370.00,1,0,'Administrator','firstrow@gmail.com','where to delivery','000-000-00-00','','127.0.0.1','2012-06-09 19:23:22','2012-06-09 23:05:27');
/*!40000 ALTER TABLE `Order` ENABLE KEYS */;
UNLOCK TABLES;

--
-- Table structure for table `OrderProduct`
--

DROP TABLE IF EXISTS `OrderProduct`;
/*!40101 SET @saved_cs_client     = @@character_set_client */;
/*!40101 SET character_set_client = utf8 */;
CREATE TABLE `OrderProduct` (
  `id` int(11) NOT NULL AUTO_INCREMENT,
  `order_id` int(11) NOT NULL,
  `product_id` int(11) NOT NULL,
  `configurable_id` int(11) NOT NULL,
  `name` text NOT NULL,
  `configurable_name` text NOT NULL COMMENT 'Store name of configurable product',
  `configurable_data` text NOT NULL,
  `variants` text NOT NULL,
  `quantity` smallint(6) NOT NULL,
  `sku` varchar(255) NOT NULL,
  `price` float(10,2) NOT NULL,
  PRIMARY KEY (`id`),
  KEY `order_id` (`order_id`),
  KEY `product_id` (`product_id`),
  KEY `configurable_id` (`configurable_id`)
) ENGINE=MyISAM AUTO_INCREMENT=4 DEFAULT CHARSET=utf8;
/*!40101 SET character_set_client = @saved_cs_client */;

--
-- Dumping data for table `OrderProduct`
--

LOCK TABLES `OrderProduct` WRITE;
/*!40000 ALTER TABLE `OrderProduct` DISABLE KEYS */;
INSERT INTO `OrderProduct` VALUES (1,69,960,0,'Apple iPhone 4 16Gb','','','',1,'',550.00),(2,69,929,0,'Lenovo B570','','','',1,'',345.00),(3,69,1025,0,'Samsung Galaxy Tab 10.1 P7500 16Gb','','','',1,'',475.00);
/*!40000 ALTER TABLE `OrderProduct` ENABLE KEYS */;
UNLOCK TABLES;

--
-- Table structure for table `OrderStatus`
--

DROP TABLE IF EXISTS `OrderStatus`;
/*!40101 SET @saved_cs_client     = @@character_set_client */;
/*!40101 SET character_set_client = utf8 */;
CREATE TABLE `OrderStatus` (
  `id` int(11) NOT NULL AUTO_INCREMENT,
  `name` varchar(255) NOT NULL,
  `position` int(11) DEFAULT '0',
  PRIMARY KEY (`id`),
  KEY `position` (`position`)
) ENGINE=MyISAM AUTO_INCREMENT=5 DEFAULT CHARSET=utf8;
/*!40101 SET character_set_client = @saved_cs_client */;

--
-- Dumping data for table `OrderStatus`
--

LOCK TABLES `OrderStatus` WRITE;
/*!40000 ALTER TABLE `OrderStatus` DISABLE KEYS */;
INSERT INTO `OrderStatus` VALUES (1,'Новый',0),(2,'Доставлен',1),(3,'Отменен',2);
/*!40000 ALTER TABLE `OrderStatus` ENABLE KEYS */;
UNLOCK TABLES;

--
-- Table structure for table `Page`
--

DROP TABLE IF EXISTS `Page`;
/*!40101 SET @saved_cs_client     = @@character_set_client */;
/*!40101 SET character_set_client = utf8 */;
CREATE TABLE `Page` (
  `id` int(11) NOT NULL AUTO_INCREMENT,
  `user_id` int(11) NOT NULL,
  `category_id` int(11) DEFAULT NULL,
  `url` varchar(255) NOT NULL,
  `created` datetime NOT NULL,
  `updated` datetime NOT NULL,
  `publish_date` datetime NOT NULL,
  `status` varchar(255) NOT NULL,
  `layout` varchar(2555) NOT NULL,
  `view` varchar(255) NOT NULL,
  PRIMARY KEY (`id`),
  KEY `user_id` (`user_id`),
  KEY `category_id` (`category_id`),
  KEY `url` (`url`),
  KEY `created` (`created`),
  KEY `updated` (`updated`),
  KEY `publish_date` (`publish_date`),
  KEY `status` (`status`)
) ENGINE=MyISAM AUTO_INCREMENT=12 DEFAULT CHARSET=utf8;
/*!40101 SET character_set_client = @saved_cs_client */;

--
-- Dumping data for table `Page`
--

LOCK TABLES `Page` WRITE;
/*!40000 ALTER TABLE `Page` DISABLE KEYS */;
INSERT INTO `Page` VALUES (8,1,NULL,'help','2012-06-10 22:35:51','2012-06-10 22:36:26','2012-06-10 22:35:29','published','',''),(9,1,NULL,'how-to-create-order','2012-06-10 22:36:50','2012-06-10 22:36:50','2012-06-10 22:36:27','published','',''),(10,1,NULL,'garantiya','2012-06-10 22:37:06','2012-06-10 22:37:06','2012-06-10 22:36:50','published','',''),(11,1,NULL,'dostavka-i-oplata','2012-06-10 22:37:18','2012-06-10 22:37:18','2012-06-10 22:37:07','published','','');
/*!40000 ALTER TABLE `Page` ENABLE KEYS */;
UNLOCK TABLES;

--
-- Table structure for table `PageCategory`
--

DROP TABLE IF EXISTS `PageCategory`;
/*!40101 SET @saved_cs_client     = @@character_set_client */;
/*!40101 SET character_set_client = utf8 */;
CREATE TABLE `PageCategory` (
  `id` int(11) NOT NULL AUTO_INCREMENT,
  `parent_id` int(11) DEFAULT NULL,
  `url` varchar(255) NOT NULL,
  `full_url` text NOT NULL,
  `layout` varchar(255) NOT NULL,
  `view` varchar(255) NOT NULL,
  `created` datetime NOT NULL,
  `updated` datetime NOT NULL,
  `page_size` smallint(6) DEFAULT NULL,
  PRIMARY KEY (`id`),
  KEY `parent_id` (`parent_id`),
  KEY `url` (`url`),
  KEY `created` (`created`),
  KEY `updated` (`updated`)
) ENGINE=MyISAM AUTO_INCREMENT=7 DEFAULT CHARSET=utf8;
/*!40101 SET character_set_client = @saved_cs_client */;

--
-- Dumping data for table `PageCategory`
--

LOCK TABLES `PageCategory` WRITE;
/*!40000 ALTER TABLE `PageCategory` DISABLE KEYS */;
/*!40000 ALTER TABLE `PageCategory` ENABLE KEYS */;
UNLOCK TABLES;

--
-- Table structure for table `PageCategoryTranslate`
--

DROP TABLE IF EXISTS `PageCategoryTranslate`;
/*!40101 SET @saved_cs_client     = @@character_set_client */;
/*!40101 SET character_set_client = utf8 */;
CREATE TABLE `PageCategoryTranslate` (
  `id` int(11) NOT NULL AUTO_INCREMENT,
  `object_id` int(11) NOT NULL,
  `language_id` int(11) NOT NULL,
  `name` varchar(255) DEFAULT NULL,
  `description` text,
  `meta_title` varchar(255) DEFAULT NULL,
  `meta_description` varchar(255) DEFAULT NULL,
  `meta_keywords` varchar(255) DEFAULT NULL,
  PRIMARY KEY (`id`),
  KEY `object_id` (`object_id`),
  KEY `language_id` (`language_id`)
) ENGINE=MyISAM AUTO_INCREMENT=13 DEFAULT CHARSET=utf8;
/*!40101 SET character_set_client = @saved_cs_client */;

--
-- Dumping data for table `PageCategoryTranslate`
--

LOCK TABLES `PageCategoryTranslate` WRITE;
/*!40000 ALTER TABLE `PageCategoryTranslate` DISABLE KEYS */;
/*!40000 ALTER TABLE `PageCategoryTranslate` ENABLE KEYS */;
UNLOCK TABLES;

--
-- Table structure for table `PageTranslate`
--

DROP TABLE IF EXISTS `PageTranslate`;
/*!40101 SET @saved_cs_client     = @@character_set_client */;
/*!40101 SET character_set_client = utf8 */;
CREATE TABLE `PageTranslate` (
  `id` int(11) NOT NULL AUTO_INCREMENT,
  `object_id` int(11) NOT NULL,
  `language_id` int(11) NOT NULL,
  `title` varchar(255) NOT NULL,
  `short_description` text,
  `full_description` text,
  `meta_title` varchar(255) DEFAULT NULL,
  `meta_keywords` varchar(255) DEFAULT NULL,
  `meta_description` varchar(255) DEFAULT NULL,
  PRIMARY KEY (`id`),
  KEY `object_id` (`object_id`),
  KEY `language_id` (`language_id`)
) ENGINE=MyISAM AUTO_INCREMENT=23 DEFAULT CHARSET=utf8;
/*!40101 SET character_set_client = @saved_cs_client */;

--
-- Dumping data for table `PageTranslate`
--

LOCK TABLES `PageTranslate` WRITE;
/*!40000 ALTER TABLE `PageTranslate` DISABLE KEYS */;
INSERT INTO `PageTranslate` VALUES (22,11,9,'Доставка и оплата','','','','',''),(15,8,1,'Помощь','','','','',''),(16,8,9,'Помощь','','','','',''),(17,9,1,'Как сделать заказ','','','','',''),(18,9,9,'Как сделать заказ','','','','',''),(19,10,1,'Гарантия','','','','',''),(20,10,9,'Гарантия','','','','',''),(21,11,1,'Доставка и оплата','','','','','');
/*!40000 ALTER TABLE `PageTranslate` ENABLE KEYS */;
UNLOCK TABLES;

--
-- Table structure for table `Rights`
--

DROP TABLE IF EXISTS `Rights`;
/*!40101 SET @saved_cs_client     = @@character_set_client */;
/*!40101 SET character_set_client = utf8 */;
CREATE TABLE `Rights` (
  `itemname` varchar(64) NOT NULL,
  `type` int(11) NOT NULL,
  `weight` int(11) NOT NULL,
  PRIMARY KEY (`itemname`)
) ENGINE=MyISAM DEFAULT CHARSET=utf8;
/*!40101 SET character_set_client = @saved_cs_client */;

--
-- Dumping data for table `Rights`
--

LOCK TABLES `Rights` WRITE;
/*!40000 ALTER TABLE `Rights` DISABLE KEYS */;
/*!40000 ALTER TABLE `Rights` ENABLE KEYS */;
UNLOCK TABLES;

--
-- Table structure for table `StoreAttribute`
--

DROP TABLE IF EXISTS `StoreAttribute`;
/*!40101 SET @saved_cs_client     = @@character_set_client */;
/*!40101 SET character_set_client = utf8 */;
CREATE TABLE `StoreAttribute` (
  `id` int(11) NOT NULL AUTO_INCREMENT,
  `name` varchar(255) NOT NULL,
  `type` tinyint(4) NOT NULL,
  `display_on_front` tinyint(1) NOT NULL DEFAULT '1',
  `use_in_filter` tinyint(1) NOT NULL,
  `use_in_variants` tinyint(1) NOT NULL,
  `use_in_compare` tinyint(1) NOT NULL DEFAULT '0',
  `select_many` tinyint(1) NOT NULL,
  `position` int(11) DEFAULT '0',
  `required` tinyint(1) NOT NULL,
  PRIMARY KEY (`id`),
  KEY `use_in_filter` (`use_in_filter`),
  KEY `display_on_front` (`display_on_front`),
  KEY `position` (`position`),
  KEY `use_in_variants` (`use_in_variants`),
  KEY `use_in_compare` (`use_in_compare`),
  KEY `name` (`name`)
) ENGINE=MyISAM AUTO_INCREMENT=318 DEFAULT CHARSET=utf8;
/*!40101 SET character_set_client = @saved_cs_client */;

--
-- Dumping data for table `StoreAttribute`
--

LOCK TABLES `StoreAttribute` WRITE;
/*!40000 ALTER TABLE `StoreAttribute` DISABLE KEYS */;
INSERT INTO `StoreAttribute` VALUES (298,'monitor_diagonal',3,1,0,0,0,0,0,0),(299,'monitor_dimension',3,1,0,0,0,0,0,0),(300,'view_angle',3,1,0,0,0,0,0,0),(301,'processor_manufacturer',3,1,0,0,0,0,0,0),(302,'freq',3,1,0,0,0,0,0,0),(303,'memmory',3,1,0,0,0,0,0,0),(304,'memmory_type',3,1,0,0,0,0,0,0),(305,'screen',3,1,0,0,0,0,0,0),(306,'video',3,1,0,0,0,0,0,0),(307,'screen_dimension',3,1,0,0,0,0,0,0),(308,'rms_power',3,1,0,0,0,0,0,0),(309,'corpus_material',3,1,0,0,0,0,0,0),(310,'sound_type',3,1,0,0,0,0,0,0),(311,'phone_platform',3,1,0,0,0,0,0,0),(312,'phone_weight',3,1,0,0,0,0,0,0),(313,'phone_display',3,1,0,0,0,0,0,0),(314,'phone_camera',3,1,0,0,0,0,0,0),(315,'tablet_screen_size',3,1,0,0,0,0,0,0),(316,'memmory_size',3,1,0,0,0,0,0,0),(317,'weight',3,1,0,0,0,0,0,0);
/*!40000 ALTER TABLE `StoreAttribute` ENABLE KEYS */;
UNLOCK TABLES;

--
-- Table structure for table `StoreAttributeOption`
--

DROP TABLE IF EXISTS `StoreAttributeOption`;
/*!40101 SET @saved_cs_client     = @@character_set_client */;
/*!40101 SET character_set_client = utf8 */;
CREATE TABLE `StoreAttributeOption` (
  `id` int(11) NOT NULL AUTO_INCREMENT,
  `attribute_id` int(11) NOT NULL,
  `position` tinyint(4) NOT NULL,
  PRIMARY KEY (`id`),
  KEY `attribute_id` (`attribute_id`),
  KEY `position` (`position`)
) ENGINE=MyISAM AUTO_INCREMENT=1568 DEFAULT CHARSET=utf8;
/*!40101 SET character_set_client = @saved_cs_client */;

--
-- Dumping data for table `StoreAttributeOption`
--

LOCK TABLES `StoreAttributeOption` WRITE;
/*!40000 ALTER TABLE `StoreAttributeOption` DISABLE KEYS */;
INSERT INTO `StoreAttributeOption` VALUES (1503,302,0),(1502,302,0),(1538,313,0),(1524,310,0),(1563,317,0),(1567,317,0),(1501,301,0),(1557,317,0),(1551,313,0),(1527,309,0),(1496,304,0),(1511,302,0),(1510,307,0),(1526,308,0),(1495,303,0),(1566,317,0),(1514,305,0),(1549,311,0),(1562,316,0),(1509,306,0),(1508,303,0),(1486,299,0),(1500,304,0),(1494,302,0),(1507,302,0),(1493,301,0),(1548,313,0),(1488,298,0),(1523,309,0),(1561,317,0),(1490,300,0),(1506,301,0),(1556,316,0),(1513,303,0),(1560,307,0),(1492,299,0),(1515,306,0),(1518,305,0),(1530,308,0),(1541,311,0),(1525,308,0),(1537,312,0),(1540,312,0),(1553,313,0),(1529,310,0),(1546,312,0),(1536,314,0),(1555,307,0),(1499,307,0),(1543,313,0),(1498,306,0),(1522,308,0),(1559,315,0),(1521,306,0),(1558,316,0),(1528,308,0),(1512,306,0),(1517,302,0),(1519,306,0),(1520,302,0),(1491,298,0),(1535,313,0),(1539,314,0),(1552,312,0),(1505,302,0),(1565,307,0),(1489,298,0),(1497,305,0),(1550,312,0),(1564,315,0),(1534,312,0),(1533,311,0),(1532,310,0),(1485,298,0),(1504,306,0),(1544,312,0),(1487,300,0),(1547,311,0),(1516,301,0),(1542,312,0),(1554,315,0),(1531,308,0),(1545,314,0);
/*!40000 ALTER TABLE `StoreAttributeOption` ENABLE KEYS */;
UNLOCK TABLES;

--
-- Table structure for table `StoreAttributeOptionTranslate`
--

DROP TABLE IF EXISTS `StoreAttributeOptionTranslate`;
/*!40101 SET @saved_cs_client     = @@character_set_client */;
/*!40101 SET character_set_client = utf8 */;
CREATE TABLE `StoreAttributeOptionTranslate` (
  `id` int(11) NOT NULL AUTO_INCREMENT,
  `language_id` int(11) NOT NULL,
  `object_id` int(11) NOT NULL,
  `value` varchar(255) NOT NULL,
  PRIMARY KEY (`id`),
  KEY `language_id` (`language_id`),
  KEY `object_id` (`object_id`)
) ENGINE=MyISAM AUTO_INCREMENT=3135 DEFAULT CHARSET=utf8;
/*!40101 SET character_set_client = @saved_cs_client */;

--
-- Dumping data for table `StoreAttributeOptionTranslate`
--

LOCK TABLES `StoreAttributeOptionTranslate` WRITE;
/*!40000 ALTER TABLE `StoreAttributeOptionTranslate` DISABLE KEYS */;
INSERT INTO `StoreAttributeOptionTranslate` VALUES (2969,1,1485,'24\"'),(2970,9,1485,'24\"'),(2971,1,1486,'1920x1200'),(2972,9,1486,'1920x1200'),(2973,1,1487,'178°/178°'),(2974,9,1487,'178°/178°'),(2975,1,1488,'23\"'),(2976,9,1488,'23\"'),(2977,1,1489,'21.5\"'),(2978,9,1489,'21.5\"'),(2979,1,1490,'170°/160°'),(2980,9,1490,'170°/160°'),(2981,1,1491,'27\"'),(2982,9,1491,'27\"'),(2983,1,1492,'2560x1440'),(2984,9,1492,'2560x1440'),(2985,1,1493,'Celeron'),(2986,9,1493,'Celeron'),(2987,1,1494,'2200 МГц'),(2988,9,1494,'2200 МГц'),(2989,1,1495,'2048 Мб'),(2990,9,1495,'2048 Мб'),(2991,1,1496,'DDR 3'),(2992,9,1496,'DDR 3'),(2993,1,1497,'15.6 дюйм'),(2994,9,1497,'15.6 дюйм'),(2995,1,1498,'Intel GMA HD'),(2996,9,1498,'Intel GMA HD'),(2997,1,1499,'1366x768'),(2998,9,1499,'1366x768'),(2999,1,1500,'DDR3'),(3000,9,1500,'DDR3'),(3001,1,1501,'E-240'),(3002,9,1501,'E-240'),(3003,1,1502,'1650 МГц'),(3004,9,1502,'1650 МГц'),(3005,1,1503,'1500 МГц'),(3006,9,1503,'1500 МГц'),(3007,1,1504,'Intel HD Graphics 3000'),(3008,9,1504,'Intel HD Graphics 3000'),(3009,1,1505,'1700 МГц'),(3010,9,1505,'1700 МГц'),(3011,1,1506,'Core i7'),(3012,9,1506,'Core i7'),(3013,1,1507,'2500 МГц'),(3014,9,1507,'2500 МГц'),(3015,1,1508,'8192 Мб'),(3016,9,1508,'8192 Мб'),(3017,1,1509,'NVIDIA Quadro 2000M'),(3018,9,1509,'NVIDIA Quadro 2000M'),(3019,1,1510,'1920x1080'),(3020,9,1510,'1920x1080'),(3021,1,1511,'2700 МГц'),(3022,9,1511,'2700 МГц'),(3023,1,1512,'AMD Radeon HD 6990M'),(3024,9,1512,'AMD Radeon HD 6990M'),(3025,1,1513,'4096 Мб'),(3026,9,1513,'4096 Мб'),(3027,1,1514,'15.4 дюйм'),(3028,9,1514,'15.4 дюйм'),(3029,1,1515,'ATI Radeon HD 6770М'),(3030,9,1515,'ATI Radeon HD 6770М'),(3031,1,1516,'Core i5'),(3032,9,1516,'Core i5'),(3033,1,1517,'2660 МГц'),(3034,9,1517,'2660 МГц'),(3035,1,1518,'16.4 дюйм'),(3036,9,1518,'16.4 дюйм'),(3037,1,1519,'NVIDIA GeForce GT 425M'),(3038,9,1519,'NVIDIA GeForce GT 425M'),(3039,1,1520,'1730 МГц'),(3040,9,1520,'1730 МГц'),(3041,1,1521,'ATI Mobility Radeon HD 5850'),(3042,9,1521,'ATI Mobility Radeon HD 5850'),(3043,1,1522,'71 Вт'),(3044,9,1522,'71 Вт'),(3045,1,1523,'пластик'),(3046,9,1523,'пластик'),(3047,1,1524,'5.1'),(3048,9,1524,'5.1'),(3049,1,1525,'62 Вт'),(3050,9,1525,'62 Вт'),(3051,1,1526,'80 Вт'),(3052,9,1526,'80 Вт'),(3053,1,1527,'MDF'),(3054,9,1527,'MDF'),(3055,1,1528,'25 Вт'),(3056,9,1528,'25 Вт'),(3057,1,1529,'2.1'),(3058,9,1529,'2.1'),(3059,1,1530,'30 Вт'),(3060,9,1530,'30 Вт'),(3061,1,1531,'28 Вт'),(3062,9,1531,'28 Вт'),(3063,1,1532,'число каналов: 2.1, мощность 54 Вт, 35-20000 Гц, материал сабвуфера: MDF, разъем для наушников'),(3064,9,1532,'число каналов: 2.1, мощность 54 Вт, 35-20000 Гц, материал сабвуфера: MDF, разъем для наушников'),(3065,1,1533,'Android'),(3066,9,1533,'Android'),(3067,1,1534,'118 г'),(3068,9,1534,'118 г'),(3069,1,1535,'3.8\"'),(3070,9,1535,'3.8\"'),(3071,1,1536,'5 МП'),(3072,9,1536,'5 МП'),(3073,1,1537,'129 г'),(3074,9,1537,'129 г'),(3075,1,1538,'4.7\"'),(3076,9,1538,'4.7\"'),(3077,1,1539,'8 МП'),(3078,9,1539,'8 МП'),(3079,1,1540,'162 г'),(3080,9,1540,'162 г'),(3081,1,1541,'iOS'),(3082,9,1541,'iOS'),(3083,1,1542,'140 г'),(3084,9,1542,'140 г'),(3085,1,1543,'3.5\"'),(3086,9,1543,'3.5\"'),(3087,1,1544,'135 г'),(3088,9,1544,'135 г'),(3089,1,1545,'3 МП'),(3090,9,1545,'3 МП'),(3091,1,1546,'137 г'),(3092,9,1546,'137 г'),(3093,1,1547,'MeeGo'),(3094,9,1547,'MeeGo'),(3095,1,1548,'3.9\"'),(3096,9,1548,'3.9\"'),(3097,1,1549,'BlackBerry OS'),(3098,9,1549,'BlackBerry OS'),(3099,1,1550,'130 г'),(3100,9,1550,'130 г'),(3101,1,1551,'2.8\"'),(3102,9,1551,'2.8\"'),(3103,1,1552,'122 г'),(3104,9,1552,'122 г'),(3105,1,1553,'2.4\"'),(3106,9,1553,'2.4\"'),(3107,1,1554,'9.7\"'),(3108,9,1554,'9.7\"'),(3109,1,1555,'1024x768'),(3110,9,1555,'1024x768'),(3111,1,1556,'16 Гб'),(3112,9,1556,'16 Гб'),(3113,1,1557,'613 г'),(3114,9,1557,'613 г'),(3115,1,1558,'64 Гб'),(3116,9,1558,'64 Гб'),(3117,1,1559,'7\"'),(3118,9,1559,'7\"'),(3119,1,1560,'1024x600'),(3120,9,1560,'1024x600'),(3121,1,1561,'343 г'),(3122,9,1561,'343 г'),(3123,1,1562,'8 Гб'),(3124,9,1562,'8 Гб'),(3125,1,1563,'410 г'),(3126,9,1563,'410 г'),(3127,1,1564,'10.1\"'),(3128,9,1564,'10.1\"'),(3129,1,1565,'1280x800'),(3130,9,1565,'1280x800'),(3131,1,1566,'586 г'),(3132,9,1566,'586 г'),(3133,1,1567,'565 г'),(3134,9,1567,'565 г');
/*!40000 ALTER TABLE `StoreAttributeOptionTranslate` ENABLE KEYS */;
UNLOCK TABLES;

--
-- Table structure for table `StoreAttributeTranslate`
--

DROP TABLE IF EXISTS `StoreAttributeTranslate`;
/*!40101 SET @saved_cs_client     = @@character_set_client */;
/*!40101 SET character_set_client = utf8 */;
CREATE TABLE `StoreAttributeTranslate` (
  `id` int(11) NOT NULL AUTO_INCREMENT,
  `object_id` int(11) NOT NULL,
  `language_id` int(11) NOT NULL,
  `title` varchar(255) NOT NULL,
  PRIMARY KEY (`id`),
  KEY `object_id` (`object_id`),
  KEY `language_id` (`language_id`)
) ENGINE=MyISAM AUTO_INCREMENT=577 DEFAULT CHARSET=utf8;
/*!40101 SET character_set_client = @saved_cs_client */;

--
-- Dumping data for table `StoreAttributeTranslate`
--

LOCK TABLES `StoreAttributeTranslate` WRITE;
/*!40000 ALTER TABLE `StoreAttributeTranslate` DISABLE KEYS */;
INSERT INTO `StoreAttributeTranslate` VALUES (81,70,1,'Клас'),(82,70,9,'Клас'),(537,298,1,'Monitor diagonal'),(538,298,9,'Monitor diagonal'),(539,299,1,'Monitor dimension'),(540,299,9,'Monitor dimension'),(541,300,1,'View angle'),(542,300,9,'View angle'),(543,301,1,'Processor manufacturer'),(544,301,9,'Processor manufacturer'),(545,302,1,'Freq'),(546,302,9,'Freq'),(547,303,1,'Memmory'),(548,303,9,'Memmory'),(549,304,1,'Memmory type'),(550,304,9,'Memmory type'),(551,305,1,'Screen'),(552,305,9,'Screen'),(553,306,1,'Video'),(554,306,9,'Video'),(555,307,1,'Screen dimension'),(556,307,9,'Screen dimension'),(557,308,1,'Rms power'),(558,308,9,'Rms power'),(559,309,1,'Corpus material'),(560,309,9,'Corpus material'),(561,310,1,'Sound type'),(562,310,9,'Sound type'),(563,311,1,'Phone platform'),(564,311,9,'Phone platform'),(565,312,1,'Phone weight'),(566,312,9,'Phone weight'),(567,313,1,'Phone display'),(568,313,9,'Phone display'),(569,314,1,'Phone camera'),(570,314,9,'Phone camera'),(571,315,1,'Tablet screen size'),(572,315,9,'Tablet screen size'),(573,316,1,'Memmory size'),(574,316,9,'Memmory size'),(575,317,1,'Weight'),(576,317,9,'Weight');
/*!40000 ALTER TABLE `StoreAttributeTranslate` ENABLE KEYS */;
UNLOCK TABLES;

--
-- Table structure for table `StoreCategory`
--

DROP TABLE IF EXISTS `StoreCategory`;
/*!40101 SET @saved_cs_client     = @@character_set_client */;
/*!40101 SET character_set_client = utf8 */;
CREATE TABLE `StoreCategory` (
  `id` int(10) unsigned NOT NULL AUTO_INCREMENT,
  `lft` int(10) unsigned NOT NULL,
  `rgt` int(10) unsigned NOT NULL,
  `level` smallint(5) unsigned NOT NULL,
  `url` varchar(255) NOT NULL,
  `full_path` varchar(255) NOT NULL,
  `layout` varchar(255) NOT NULL,
  `view` varchar(255) NOT NULL,
  PRIMARY KEY (`id`),
  KEY `lft` (`lft`),
  KEY `rgt` (`rgt`),
  KEY `level` (`level`),
  KEY `url` (`url`),
  KEY `full_path` (`full_path`)
) ENGINE=MyISAM AUTO_INCREMENT=209 DEFAULT CHARSET=utf8;
/*!40101 SET character_set_client = @saved_cs_client */;

--
-- Dumping data for table `StoreCategory`
--

LOCK TABLES `StoreCategory` WRITE;
/*!40000 ALTER TABLE `StoreCategory` DISABLE KEYS */;
INSERT INTO `StoreCategory` VALUES (1,1,26,1,'root','','',''),(201,10,15,2,'noutbuki','noutbuki','',''),(202,11,12,3,'byudzhetnii','noutbuki/byudzhetnii','',''),(203,13,14,3,'igrovoi','noutbuki/igrovoi','',''),(204,16,21,2,'kompyuteri','kompyuteri','',''),(205,17,18,3,'kompyuternaya-akustika','kompyuteri/kompyuternaya-akustika','',''),(206,19,20,3,'plansheti','kompyuteri/plansheti','',''),(207,22,23,2,'telefoni','telefoni','',''),(208,24,25,2,'monitori','monitori','','');
/*!40000 ALTER TABLE `StoreCategory` ENABLE KEYS */;
UNLOCK TABLES;

--
-- Table structure for table `StoreCategoryTranslate`
--

DROP TABLE IF EXISTS `StoreCategoryTranslate`;
/*!40101 SET @saved_cs_client     = @@character_set_client */;
/*!40101 SET character_set_client = utf8 */;
CREATE TABLE `StoreCategoryTranslate` (
  `id` int(10) unsigned NOT NULL AUTO_INCREMENT,
  `object_id` int(11) NOT NULL,
  `language_id` int(11) NOT NULL,
  `name` varchar(255) NOT NULL,
  `meta_title` varchar(255) NOT NULL,
  `meta_keywords` varchar(255) NOT NULL,
  `meta_description` varchar(255) NOT NULL,
  PRIMARY KEY (`id`),
  KEY `object_id` (`object_id`),
  KEY `language_id` (`language_id`),
  KEY `name` (`name`)
) ENGINE=MyISAM AUTO_INCREMENT=343 DEFAULT CHARSET=utf8;
/*!40101 SET character_set_client = @saved_cs_client */;

--
-- Dumping data for table `StoreCategoryTranslate`
--

LOCK TABLES `StoreCategoryTranslate` WRITE;
/*!40000 ALTER TABLE `StoreCategoryTranslate` DISABLE KEYS */;
INSERT INTO `StoreCategoryTranslate` VALUES (1,1,1,'root','','',''),(2,1,9,'root','','',''),(187,131,1,'Фото та Відео','','',''),(188,131,9,'Фото та Відео','','',''),(189,132,1,'Цифрове фото','','',''),(190,132,9,'Цифрове фото','','',''),(191,133,1,'Цифрове відео','','',''),(192,133,9,'Цифрове відео','','',''),(193,134,1,'Цифрові носії','','',''),(194,134,9,'Цифрові носії','','',''),(195,135,1,'Штативи для фото-відео обладнання','','',''),(196,135,9,'Штативи для фото-відео обладнання','','',''),(197,136,1,'Сумки для цифрового обладнання','','',''),(198,136,9,'Сумки для цифрового обладнання','','',''),(199,137,1,'Фотопапір','','',''),(200,137,9,'Фотопапір','','',''),(333,204,1,'Компьютеры','','',''),(334,204,9,'Компьютеры','','',''),(335,205,1,'Компьютерная акустика','','',''),(336,205,9,'Компьютерная акустика','','',''),(337,206,1,'Планшеты','','',''),(338,206,9,'Планшеты','','',''),(339,207,1,'Телефоны','','',''),(340,207,9,'Телефоны','','',''),(341,208,1,'Мониторы','','',''),(342,208,9,'Мониторы','','',''),(332,203,9,'Игровой','','',''),(327,201,1,'Ноутбуки','','',''),(328,201,9,'Ноутбуки','','',''),(329,202,1,'Бюджетный','','',''),(330,202,9,'Бюджетный','','',''),(331,203,1,'Игровой','','','');
/*!40000 ALTER TABLE `StoreCategoryTranslate` ENABLE KEYS */;
UNLOCK TABLES;

--
-- Table structure for table `StoreCurrency`
--

DROP TABLE IF EXISTS `StoreCurrency`;
/*!40101 SET @saved_cs_client     = @@character_set_client */;
/*!40101 SET character_set_client = utf8 */;
CREATE TABLE `StoreCurrency` (
  `id` int(11) NOT NULL AUTO_INCREMENT,
  `name` varchar(255) NOT NULL,
  `iso` varchar(10) NOT NULL,
  `symbol` varchar(10) NOT NULL,
  `rate` float(10,3) NOT NULL,
  `main` tinyint(1) DEFAULT NULL,
  `default` tinyint(1) DEFAULT NULL,
  PRIMARY KEY (`id`)
) ENGINE=MyISAM AUTO_INCREMENT=3 DEFAULT CHARSET=utf8;
/*!40101 SET character_set_client = @saved_cs_client */;

--
-- Dumping data for table `StoreCurrency`
--

LOCK TABLES `StoreCurrency` WRITE;
/*!40000 ALTER TABLE `StoreCurrency` DISABLE KEYS */;
INSERT INTO `StoreCurrency` VALUES (1,'Доллары','USD','$',1.000,1,1),(2,'Рубли','RUR','руб.',32.520,0,0);
/*!40000 ALTER TABLE `StoreCurrency` ENABLE KEYS */;
UNLOCK TABLES;

--
-- Table structure for table `StoreDeliveryMethod`
--

DROP TABLE IF EXISTS `StoreDeliveryMethod`;
/*!40101 SET @saved_cs_client     = @@character_set_client */;
/*!40101 SET character_set_client = utf8 */;
CREATE TABLE `StoreDeliveryMethod` (
  `id` int(11) NOT NULL AUTO_INCREMENT,
  `price` float(10,2) NOT NULL DEFAULT '0.00',
  `free_from` float(10,2) NOT NULL DEFAULT '0.00',
  `position` smallint(6) NOT NULL,
  `active` tinyint(1) DEFAULT NULL,
  PRIMARY KEY (`id`),
  KEY `position` (`position`)
) ENGINE=MyISAM AUTO_INCREMENT=15 DEFAULT CHARSET=utf8;
/*!40101 SET character_set_client = @saved_cs_client */;

--
-- Dumping data for table `StoreDeliveryMethod`
--

LOCK TABLES `StoreDeliveryMethod` WRITE;
/*!40000 ALTER TABLE `StoreDeliveryMethod` DISABLE KEYS */;
INSERT INTO `StoreDeliveryMethod` VALUES (14,30.00,0.00,0,1);
/*!40000 ALTER TABLE `StoreDeliveryMethod` ENABLE KEYS */;
UNLOCK TABLES;

--
-- Table structure for table `StoreDeliveryMethodTranslate`
--

DROP TABLE IF EXISTS `StoreDeliveryMethodTranslate`;
/*!40101 SET @saved_cs_client     = @@character_set_client */;
/*!40101 SET character_set_client = utf8 */;
CREATE TABLE `StoreDeliveryMethodTranslate` (
  `id` int(11) NOT NULL AUTO_INCREMENT,
  `object_id` int(11) NOT NULL,
  `language_id` int(11) NOT NULL,
  `name` varchar(255) NOT NULL,
  `description` text,
  PRIMARY KEY (`id`),
  KEY `object_id` (`object_id`),
  KEY `language_id` (`language_id`)
) ENGINE=MyISAM AUTO_INCREMENT=3 DEFAULT CHARSET=utf8;
/*!40101 SET character_set_client = @saved_cs_client */;

--
-- Dumping data for table `StoreDeliveryMethodTranslate`
--

LOCK TABLES `StoreDeliveryMethodTranslate` WRITE;
/*!40000 ALTER TABLE `StoreDeliveryMethodTranslate` DISABLE KEYS */;
INSERT INTO `StoreDeliveryMethodTranslate` VALUES (1,14,1,'Russian','russian description'),(2,14,9,'English','english description');
/*!40000 ALTER TABLE `StoreDeliveryMethodTranslate` ENABLE KEYS */;
UNLOCK TABLES;

--
-- Table structure for table `StoreDeliveryPayment`
--

DROP TABLE IF EXISTS `StoreDeliveryPayment`;
/*!40101 SET @saved_cs_client     = @@character_set_client */;
/*!40101 SET character_set_client = utf8 */;
CREATE TABLE `StoreDeliveryPayment` (
  `id` int(11) NOT NULL AUTO_INCREMENT,
  `delivery_id` int(11) NOT NULL,
  `payment_id` int(11) NOT NULL,
  PRIMARY KEY (`id`)
) ENGINE=MyISAM AUTO_INCREMENT=43 DEFAULT CHARSET=utf8 COMMENT='Saves relations between delivery and payment methods ';
/*!40101 SET character_set_client = @saved_cs_client */;

--
-- Dumping data for table `StoreDeliveryPayment`
--

LOCK TABLES `StoreDeliveryPayment` WRITE;
/*!40000 ALTER TABLE `StoreDeliveryPayment` DISABLE KEYS */;
INSERT INTO `StoreDeliveryPayment` VALUES (24,12,14),(23,10,16),(22,10,13),(21,10,14),(34,11,16),(33,11,13),(25,12,15),(26,12,16),(41,14,18),(40,14,17),(42,14,19);
/*!40000 ALTER TABLE `StoreDeliveryPayment` ENABLE KEYS */;
UNLOCK TABLES;

--
-- Table structure for table `StoreManufacturer`
--

DROP TABLE IF EXISTS `StoreManufacturer`;
/*!40101 SET @saved_cs_client     = @@character_set_client */;
/*!40101 SET character_set_client = utf8 */;
CREATE TABLE `StoreManufacturer` (
  `id` int(11) NOT NULL AUTO_INCREMENT,
  `url` varchar(255) NOT NULL,
  `layout` varchar(255) NOT NULL,
  `view` varchar(255) NOT NULL,
  PRIMARY KEY (`id`),
  KEY `url` (`url`)
) ENGINE=MyISAM AUTO_INCREMENT=54 DEFAULT CHARSET=utf8;
/*!40101 SET character_set_client = @saved_cs_client */;

--
-- Dumping data for table `StoreManufacturer`
--

LOCK TABLES `StoreManufacturer` WRITE;
/*!40000 ALTER TABLE `StoreManufacturer` DISABLE KEYS */;
INSERT INTO `StoreManufacturer` VALUES (47,'samsung','',''),(48,'htc','',''),(49,'nokia','',''),(50,'blackberry','',''),(46,'sven','',''),(45,'edifier','',''),(44,'microlab','',''),(43,'logitech','',''),(42,'acer','',''),(41,'sony','',''),(40,'apple','',''),(39,'hp','',''),(38,'fujitsu','',''),(37,'dell','',''),(36,'asus','',''),(35,'lenovo','',''),(51,'lg','',''),(52,'philips','',''),(53,'microlab62-vt','','');
/*!40000 ALTER TABLE `StoreManufacturer` ENABLE KEYS */;
UNLOCK TABLES;

--
-- Table structure for table `StoreManufacturerTranslate`
--

DROP TABLE IF EXISTS `StoreManufacturerTranslate`;
/*!40101 SET @saved_cs_client     = @@character_set_client */;
/*!40101 SET character_set_client = utf8 */;
CREATE TABLE `StoreManufacturerTranslate` (
  `id` int(11) NOT NULL AUTO_INCREMENT,
  `object_id` int(11) NOT NULL,
  `language_id` int(11) NOT NULL,
  `name` varchar(255) NOT NULL,
  `description` text NOT NULL,
  `meta_title` varchar(255) NOT NULL,
  `meta_keywords` varchar(255) NOT NULL,
  `meta_description` varchar(255) NOT NULL,
  PRIMARY KEY (`id`),
  KEY `object_id` (`object_id`),
  KEY `language_id` (`language_id`)
) ENGINE=MyISAM AUTO_INCREMENT=89 DEFAULT CHARSET=utf8;
/*!40101 SET character_set_client = @saved_cs_client */;

--
-- Dumping data for table `StoreManufacturerTranslate`
--

LOCK TABLES `StoreManufacturerTranslate` WRITE;
/*!40000 ALTER TABLE `StoreManufacturerTranslate` DISABLE KEYS */;
INSERT INTO `StoreManufacturerTranslate` VALUES (80,49,9,'Nokia','','','',''),(79,49,1,'Nokia','','','',''),(78,48,9,'HTC','','','',''),(77,48,1,'HTC','','','',''),(76,47,9,'Samsung','','','',''),(75,47,1,'Samsung','','','',''),(74,46,9,'Sven','','','',''),(73,46,1,'Sven','','','',''),(72,45,9,'Edifier','','','',''),(71,45,1,'Edifier','','','',''),(70,44,9,'Microlab','','','',''),(69,44,1,'Microlab','','','',''),(68,43,9,'Logitech','','','',''),(67,43,1,'Logitech','','','',''),(66,42,9,'Acer','','','',''),(65,42,1,'Acer','','','',''),(64,41,9,'Sony','','','',''),(63,41,1,'Sony','','','',''),(62,40,9,'Apple','','','',''),(61,40,1,'Apple','','','',''),(60,39,9,'HP','','','',''),(59,39,1,'HP','','','',''),(58,38,9,'Fujitsu','','','',''),(57,38,1,'Fujitsu','','','',''),(56,37,9,'Dell','','','',''),(55,37,1,'Dell','','','',''),(54,36,9,'Asus','','','',''),(53,36,1,'Asus','','','',''),(52,35,9,'Lenovo','','','',''),(51,35,1,'Lenovo','','','',''),(81,50,1,'BlackBerry','','','',''),(82,50,9,'BlackBerry','','','',''),(83,51,1,'LG','','','',''),(84,51,9,'LG','','','',''),(85,52,1,'Philips','','','',''),(86,52,9,'Philips','','','',''),(87,53,1,'Microlab;62 Вт','','','',''),(88,53,9,'Microlab;62 Вт','','','','');
/*!40000 ALTER TABLE `StoreManufacturerTranslate` ENABLE KEYS */;
UNLOCK TABLES;

--
-- Table structure for table `StorePaymentMethod`
--

DROP TABLE IF EXISTS `StorePaymentMethod`;
/*!40101 SET @saved_cs_client     = @@character_set_client */;
/*!40101 SET character_set_client = utf8 */;
CREATE TABLE `StorePaymentMethod` (
  `id` int(11) NOT NULL AUTO_INCREMENT,
  `currency_id` int(11) NOT NULL,
  `active` tinyint(1) DEFAULT NULL,
  `payment_system` varchar(100) NOT NULL,
  `position` smallint(6) DEFAULT NULL,
  PRIMARY KEY (`id`),
  KEY `currency_id` (`currency_id`)
) ENGINE=MyISAM AUTO_INCREMENT=20 DEFAULT CHARSET=utf8;
/*!40101 SET character_set_client = @saved_cs_client */;

--
-- Dumping data for table `StorePaymentMethod`
--

LOCK TABLES `StorePaymentMethod` WRITE;
/*!40000 ALTER TABLE `StorePaymentMethod` DISABLE KEYS */;
INSERT INTO `StorePaymentMethod` VALUES (17,2,1,'webmoney',0),(18,1,1,'webmoney',1),(19,1,1,'robokassa',2);
/*!40000 ALTER TABLE `StorePaymentMethod` ENABLE KEYS */;
UNLOCK TABLES;

--
-- Table structure for table `StorePaymentMethodTranslate`
--

DROP TABLE IF EXISTS `StorePaymentMethodTranslate`;
/*!40101 SET @saved_cs_client     = @@character_set_client */;
/*!40101 SET character_set_client = utf8 */;
CREATE TABLE `StorePaymentMethodTranslate` (
  `id` int(11) NOT NULL AUTO_INCREMENT,
  `object_id` int(11) NOT NULL,
  `language_id` int(11) NOT NULL,
  `name` varchar(255) NOT NULL,
  `description` text,
  PRIMARY KEY (`id`),
  KEY `object_id` (`object_id`),
  KEY `language_id` (`language_id`)
) ENGINE=MyISAM AUTO_INCREMENT=7 DEFAULT CHARSET=utf8;
/*!40101 SET character_set_client = @saved_cs_client */;

--
-- Dumping data for table `StorePaymentMethodTranslate`
--

LOCK TABLES `StorePaymentMethodTranslate` WRITE;
/*!40000 ALTER TABLE `StorePaymentMethodTranslate` DISABLE KEYS */;
INSERT INTO `StorePaymentMethodTranslate` VALUES (1,17,1,'Russian payment','russian description'),(2,17,9,'English payment1','russian description'),(3,18,1,'Наличка','<p>ыла оылдао ылдао ылдоа ылдва<br />ыаол ывла оывалд ыова</p>'),(4,18,9,'Наличка','<p>ыла оылдао ылдао ылдоа ылдва<br />ыаол ывла оывалд ыова</p>'),(5,19,1,'Robokassa','<p>Description goes here</p>'),(6,19,9,'Robokassa','<p>Description goes here</p>');
/*!40000 ALTER TABLE `StorePaymentMethodTranslate` ENABLE KEYS */;
UNLOCK TABLES;

--
-- Table structure for table `StoreProduct`
--

DROP TABLE IF EXISTS `StoreProduct`;
/*!40101 SET @saved_cs_client     = @@character_set_client */;
/*!40101 SET character_set_client = utf8 */;
CREATE TABLE `StoreProduct` (
  `id` int(11) NOT NULL AUTO_INCREMENT,
  `manufacturer_id` int(11) DEFAULT NULL,
  `type_id` int(11) NOT NULL,
  `use_configurations` tinyint(1) NOT NULL DEFAULT '0',
  `url` varchar(255) NOT NULL,
  `price` float(10,2) NOT NULL,
  `max_price` float(10,2) NOT NULL DEFAULT '0.00',
  `is_active` tinyint(1) NOT NULL,
  `layout` varchar(255) DEFAULT NULL,
  `view` varchar(255) DEFAULT NULL,
  `sku` varchar(255) DEFAULT NULL,
  `quantity` int(11) DEFAULT '0',
  `availability` tinyint(2) NOT NULL DEFAULT '1',
  `auto_decrease_quantity` tinyint(2) NOT NULL DEFAULT '1',
  `views_count` int(11) NOT NULL,
  `created` datetime NOT NULL,
  `updated` datetime NOT NULL,
  `added_to_cart_count` int(11) NOT NULL,
  `votes` int(11) NOT NULL,
  `rating` int(11) NOT NULL,
  PRIMARY KEY (`id`),
  KEY `manufacturer_id` (`manufacturer_id`),
  KEY `type_id` (`type_id`),
  KEY `price` (`price`),
  KEY `max_price` (`max_price`),
  KEY `is_active` (`is_active`),
  KEY `sku` (`sku`),
  KEY `created` (`created`),
  KEY `updated` (`updated`),
  KEY `added_to_cart_count` (`added_to_cart_count`),
  KEY `views_count` (`views_count`)
) ENGINE=MyISAM AUTO_INCREMENT=1026 DEFAULT CHARSET=utf8;
/*!40101 SET character_set_client = @saved_cs_client */;

--
-- Dumping data for table `StoreProduct`
--

LOCK TABLES `StoreProduct` WRITE;
/*!40000 ALTER TABLE `StoreProduct` DISABLE KEYS */;
INSERT INTO `StoreProduct` VALUES (982,37,6,0,'dell-u2412m',240.00,0.00,1,NULL,NULL,NULL,0,1,1,1,'2012-06-09 21:12:40','2012-06-09 21:12:40',0,0,0),(983,37,6,0,'dell-u2312hm',180.00,0.00,1,NULL,NULL,NULL,0,1,1,3,'2012-06-09 21:12:40','2012-06-09 21:12:40',0,0,0),(984,51,6,0,'lg-flatron-m2250d',210.00,0.00,1,NULL,NULL,NULL,0,1,1,2,'2012-06-09 21:12:40','2012-06-09 21:12:40',0,0,0),(985,51,6,0,'lg-flatron-ips226v',175.00,0.00,1,NULL,NULL,NULL,0,1,1,0,'2012-06-09 21:12:40','2012-06-09 21:12:40',0,0,0),(986,47,6,0,'samsung-syncmaster-s22a350n',150.00,0.00,1,NULL,NULL,NULL,0,1,1,0,'2012-06-09 21:12:40','2012-06-09 21:12:40',0,0,0),(987,52,6,0,'philips-237e3qphsu',160.00,0.00,1,NULL,NULL,NULL,0,1,1,0,'2012-06-09 21:12:41','2012-06-09 21:12:41',0,0,0),(988,52,6,0,'philips-227e3lsu',190.00,0.00,1,NULL,NULL,NULL,0,1,1,0,'2012-06-09 21:12:41','2012-06-09 21:12:41',0,0,0),(989,39,6,0,'hp-zr2740w',460.00,0.00,1,NULL,NULL,NULL,0,1,1,0,'2012-06-09 21:12:41','2012-06-09 21:12:41',0,0,0),(990,39,6,0,'hp-zr2440w',380.00,0.00,1,NULL,NULL,NULL,0,1,1,0,'2012-06-09 21:12:41','2012-06-09 21:12:41',0,0,0),(991,35,2,0,'lenovo-b570',345.00,0.00,1,NULL,NULL,NULL,0,1,1,0,'2012-06-09 21:12:26','2012-06-09 21:12:26',0,0,0),(992,35,2,0,'lenovo-g570',360.00,0.00,1,NULL,NULL,NULL,0,1,1,1,'2012-06-09 21:12:26','2012-06-09 21:12:26',1,0,0),(993,36,2,0,'asus-k53u',375.00,0.00,1,NULL,NULL,NULL,0,1,1,0,'2012-06-09 21:12:26','2012-06-09 21:12:26',0,0,0),(994,36,2,0,'asus-x54c',370.00,0.00,1,NULL,NULL,NULL,0,1,1,0,'2012-06-09 21:12:27','2012-06-09 21:12:27',0,0,0),(995,37,2,0,'dell-inspiron-n5050',380.00,0.00,1,NULL,NULL,NULL,0,1,1,0,'2012-06-09 21:12:27','2012-06-09 21:12:27',0,0,0),(996,38,2,0,'fujitsu-lifebook-ah531',395.00,0.00,1,NULL,NULL,NULL,0,1,1,0,'2012-06-09 21:12:27','2012-06-09 21:12:27',0,0,0),(997,39,2,0,'hp-elitebook-8560w',3150.00,0.00,1,NULL,NULL,NULL,0,1,1,0,'2012-06-09 21:12:27','2012-06-09 21:12:27',0,0,0),(998,37,2,0,'dell-alienware-m17x',2850.00,0.00,1,NULL,NULL,NULL,0,1,1,1,'2012-06-09 21:12:27','2012-06-09 21:12:27',0,0,0),(999,40,2,0,'apple-macbook-pro-15-late-2011',2600.00,0.00,1,NULL,NULL,NULL,0,1,1,0,'2012-06-09 21:12:27','2012-06-09 21:12:27',0,0,0),(1000,35,2,0,'lenovo-thinkpad-w520',2450.00,0.00,1,NULL,NULL,NULL,0,1,1,0,'2012-06-09 21:12:27','2012-06-09 21:12:27',0,0,0),(1001,41,2,0,'sony-vaio-vpc-f13s8r',1950.00,0.00,1,NULL,NULL,NULL,0,1,1,0,'2012-06-09 21:12:27','2012-06-09 21:12:27',0,0,0),(1002,42,2,0,'acer-aspire-5943g-7748g75twiss',2350.00,0.00,1,NULL,NULL,NULL,0,1,1,1,'2012-06-09 21:12:28','2012-06-09 21:12:28',0,0,0),(1003,43,3,0,'logitech-x-530',99.00,0.00,1,NULL,NULL,NULL,0,1,1,0,'2012-06-09 21:12:17','2012-06-09 21:12:16',0,0,0),(1004,44,3,0,'microlab-m-860',89.00,0.00,1,NULL,NULL,NULL,0,1,1,0,'2012-06-09 21:12:18','2012-06-09 21:12:18',0,0,0),(1005,45,3,0,'edifier-m3700',115.00,0.00,1,NULL,NULL,NULL,0,1,1,0,'2012-06-09 21:12:19','2012-06-09 21:12:19',0,0,0),(1006,43,3,0,'logitech-z-313',84.00,0.00,1,NULL,NULL,NULL,0,1,1,0,'2012-06-09 21:12:19','2012-06-09 21:12:19',0,0,0),(1007,46,3,0,'sven-sps-820',55.00,0.00,1,NULL,NULL,NULL,0,1,1,1,'2012-06-09 21:12:19','2012-06-09 21:12:19',0,0,0),(1008,45,3,0,'edifier-m1385',67.00,0.00,1,NULL,NULL,NULL,0,1,1,0,'2012-06-09 21:12:19','2012-06-09 21:12:19',0,0,0),(1009,45,3,0,'edifier-x600',45.00,0.00,1,NULL,NULL,NULL,0,1,1,0,'2012-06-09 21:12:20','2012-06-09 21:12:20',0,0,0),(1010,53,3,0,'microlab-fc-362',85.00,0.00,1,NULL,NULL,NULL,0,1,1,0,'2012-06-09 21:12:20','2012-06-09 21:12:20',0,0,0),(1011,47,5,0,'samsung-galaxy-ace-ii',390.00,0.00,1,NULL,NULL,NULL,0,1,1,0,'2012-06-09 21:12:50','2012-06-09 21:12:50',0,0,0),(1012,48,5,0,'htc-one-xl',425.00,0.00,1,NULL,NULL,NULL,0,1,1,0,'2012-06-09 21:12:50','2012-06-09 21:12:50',0,0,0),(1013,48,5,0,'htc-sensation-xl',480.00,0.00,1,NULL,NULL,NULL,0,1,1,0,'2012-06-09 21:12:50','2012-06-09 21:12:50',0,0,0),(1014,40,5,0,'apple-iphone-4s-16gb',675.00,0.00,1,NULL,NULL,NULL,0,1,1,1,'2012-06-09 21:12:51','2012-06-09 21:12:51',0,0,0),(1015,40,5,0,'apple-iphone-3gs-8gb',425.00,0.00,1,NULL,NULL,NULL,0,1,1,0,'2012-06-09 21:12:51','2012-06-09 21:12:51',0,0,0),(1016,40,5,0,'apple-iphone-4-16gb',550.00,0.00,1,NULL,NULL,NULL,0,1,1,1,'2012-06-09 21:12:51','2012-06-09 21:12:51',1,0,0),(1017,49,5,0,'nokia-n9',425.00,0.00,1,NULL,NULL,NULL,0,1,1,0,'2012-06-09 21:12:51','2012-06-09 21:12:51',0,0,0),(1018,50,5,0,'blackberry-bold-9900',445.00,0.00,1,NULL,NULL,NULL,0,1,1,1,'2012-06-09 21:12:51','2012-06-09 21:12:51',0,0,0),(1019,50,5,0,'blackberry-bold-9780',379.00,0.00,1,NULL,NULL,NULL,0,1,1,3,'2012-06-09 21:12:52','2012-06-09 21:12:52',0,0,0),(1020,40,4,0,'apple-ipad-2-16gb-wi-fi--3g',430.00,0.00,1,NULL,NULL,NULL,0,1,1,1,'2012-06-09 21:13:00','2012-06-09 21:13:00',1,0,0),(1021,40,4,0,'apple-ipad-2-64gb-wi-fi--3g',560.00,0.00,1,NULL,NULL,NULL,0,1,1,0,'2012-06-09 21:13:01','2012-06-09 21:13:01',0,0,0),(1022,47,4,0,'samsung-galaxy-tab-70-plus-p6200-16gb',350.00,0.00,1,NULL,NULL,NULL,0,1,1,5,'2012-06-09 21:13:01','2012-06-09 21:13:01',2,0,0),(1023,42,4,0,'acer-iconia-tab-a100-8gb',365.00,0.00,1,NULL,NULL,NULL,0,1,1,1,'2012-06-09 21:13:01','2012-06-09 21:13:01',0,0,0),(1024,36,4,0,'asus-transformer-pad-prime-201-64gb',495.00,0.00,1,NULL,NULL,NULL,0,1,1,6,'2012-06-09 21:13:01','2012-06-09 21:13:01',1,1,3),(1025,47,4,0,'samsung-galaxy-tab-101-p7500-16gb',475.00,0.00,1,NULL,NULL,NULL,0,1,1,2,'2012-06-09 21:13:02','2012-06-09 21:13:02',0,0,0);
/*!40000 ALTER TABLE `StoreProduct` ENABLE KEYS */;
UNLOCK TABLES;

--
-- Table structure for table `StoreProductAttributeEAV`
--

DROP TABLE IF EXISTS `StoreProductAttributeEAV`;
/*!40101 SET @saved_cs_client     = @@character_set_client */;
/*!40101 SET character_set_client = utf8 */;
CREATE TABLE `StoreProductAttributeEAV` (
  `entity` int(11) unsigned NOT NULL,
  `attribute` varchar(250) NOT NULL,
  `value` text NOT NULL,
  KEY `ikEntity` (`entity`),
  KEY `attribute` (`attribute`),
  KEY `value` (`value`(50))
) ENGINE=MyISAM DEFAULT CHARSET=utf8;
/*!40101 SET character_set_client = @saved_cs_client */;

--
-- Dumping data for table `StoreProductAttributeEAV`
--

LOCK TABLES `StoreProductAttributeEAV` WRITE;
/*!40000 ALTER TABLE `StoreProductAttributeEAV` DISABLE KEYS */;
INSERT INTO `StoreProductAttributeEAV` VALUES (982,'view_angle','1487'),(982,'monitor_dimension','1486'),(982,'monitor_diagonal','1485'),(983,'view_angle','1487'),(983,'monitor_dimension','1486'),(983,'monitor_diagonal','1488'),(984,'view_angle','1490'),(984,'monitor_dimension','1486'),(984,'monitor_diagonal','1489'),(985,'view_angle','1487'),(985,'monitor_dimension','1486'),(985,'monitor_diagonal','1489'),(986,'view_angle','1490'),(986,'monitor_dimension','1486'),(986,'monitor_diagonal','1489'),(987,'view_angle','1487'),(987,'monitor_dimension','1486'),(987,'monitor_diagonal','1488'),(988,'view_angle','1487'),(988,'monitor_dimension','1486'),(988,'monitor_diagonal','1489'),(989,'view_angle','1487'),(989,'monitor_dimension','1492'),(989,'monitor_diagonal','1491'),(990,'view_angle','1487'),(990,'monitor_dimension','1486'),(990,'monitor_diagonal','1485'),(991,'screen_dimension','1499'),(991,'video','1498'),(991,'screen','1497'),(991,'memmory_type','1500'),(991,'memmory','1495'),(991,'freq','1494'),(991,'processor_manufacturer','1493'),(992,'screen_dimension','1499'),(992,'video','1498'),(992,'screen','1497'),(992,'memmory_type','1500'),(992,'memmory','1495'),(992,'freq','1494'),(992,'processor_manufacturer','1493'),(993,'screen_dimension','1499'),(993,'video','1498'),(993,'screen','1497'),(993,'memmory_type','1500'),(993,'memmory','1495'),(993,'freq','1502'),(993,'processor_manufacturer','1501'),(994,'screen_dimension','1499'),(994,'video','1504'),(994,'screen','1497'),(994,'memmory_type','1500'),(994,'memmory','1495'),(994,'freq','1503'),(994,'processor_manufacturer','1493'),(995,'screen_dimension','1499'),(995,'video','1504'),(995,'screen','1497'),(995,'memmory_type','1500'),(995,'memmory','1495'),(995,'freq','1505'),(995,'processor_manufacturer','1493'),(996,'screen_dimension','1499'),(996,'video','1504'),(996,'screen','1497'),(996,'memmory_type','1500'),(996,'memmory','1495'),(996,'freq','1505'),(996,'processor_manufacturer','1493'),(997,'screen_dimension','1510'),(997,'video','1509'),(997,'screen','1497'),(997,'memmory_type','1500'),(997,'memmory','1508'),(997,'freq','1507'),(997,'processor_manufacturer','1506'),(998,'screen_dimension','1486'),(998,'video','1512'),(998,'screen','1497'),(998,'memmory_type','1500'),(998,'memmory','1508'),(998,'freq','1511'),(998,'processor_manufacturer','1506'),(999,'screen_dimension','1510'),(999,'video','1515'),(999,'screen','1514'),(999,'memmory_type','1500'),(999,'memmory','1513'),(999,'freq','1507'),(999,'processor_manufacturer','1506'),(1000,'screen_dimension','1510'),(1000,'video','1509'),(1000,'screen','1497'),(1000,'memmory_type','1500'),(1000,'memmory','1513'),(1000,'freq','1511'),(1000,'processor_manufacturer','1506'),(1001,'screen_dimension','1510'),(1001,'video','1519'),(1001,'screen','1518'),(1001,'memmory_type','1500'),(1001,'memmory','1513'),(1001,'freq','1517'),(1001,'processor_manufacturer','1516'),(1002,'screen_dimension','1510'),(1002,'video','1521'),(1002,'screen','1497'),(1002,'memmory_type','1500'),(1002,'memmory','1508'),(1002,'freq','1520'),(1002,'processor_manufacturer','1506'),(1003,'rms_power','1522'),(1003,'corpus_material','1523'),(1003,'sound_type','1524'),(1004,'rms_power','1525'),(1004,'corpus_material','1523'),(1004,'sound_type','1524'),(1005,'rms_power','1526'),(1005,'corpus_material','1527'),(1005,'sound_type','1524'),(1006,'rms_power','1528'),(1006,'corpus_material','1523'),(1006,'sound_type','1529'),(1007,'rms_power','1530'),(1007,'corpus_material','1527'),(1007,'sound_type','1529'),(1008,'rms_power','1531'),(1008,'corpus_material','1527'),(1008,'sound_type','1529'),(1009,'rms_power','1530'),(1009,'corpus_material','1527'),(1009,'sound_type','1529'),(1010,'rms_power','1527'),(1010,'corpus_material','1529'),(1010,'sound_type','1532'),(1011,'phone_platform','1533'),(1011,'phone_weight','1534'),(1011,'phone_display','1535'),(1011,'phone_camera','1536'),(1012,'phone_platform','1533'),(1012,'phone_weight','1537'),(1012,'phone_display','1538'),(1012,'phone_camera','1539'),(1013,'phone_platform','1533'),(1013,'phone_weight','1540'),(1013,'phone_display','1538'),(1013,'phone_camera','1539'),(1014,'phone_platform','1541'),(1014,'phone_weight','1542'),(1014,'phone_display','1543'),(1014,'phone_camera','1539'),(1015,'phone_platform','1541'),(1015,'phone_weight','1544'),(1015,'phone_display','1543'),(1015,'phone_camera','1545'),(1016,'phone_platform','1541'),(1016,'phone_weight','1546'),(1016,'phone_display','1543'),(1016,'phone_camera','1536'),(1017,'phone_platform','1547'),(1017,'phone_weight','1544'),(1017,'phone_display','1548'),(1017,'phone_camera','1539'),(1018,'phone_platform','1549'),(1018,'phone_weight','1550'),(1018,'phone_display','1551'),(1018,'phone_camera','1536'),(1019,'phone_platform','1549'),(1019,'phone_weight','1552'),(1019,'phone_display','1553'),(1019,'phone_camera','1536'),(1020,'tablet_screen_size','1554'),(1020,'screen_dimension','1555'),(1020,'memmory_size','1556'),(1020,'weight','1557'),(1021,'tablet_screen_size','1554'),(1021,'screen_dimension','1555'),(1021,'memmory_size','1558'),(1021,'weight','1557'),(1022,'tablet_screen_size','1559'),(1022,'screen_dimension','1560'),(1022,'memmory_size','1556'),(1022,'weight','1561'),(1023,'tablet_screen_size','1559'),(1023,'screen_dimension','1560'),(1023,'memmory_size','1562'),(1023,'weight','1563'),(1024,'tablet_screen_size','1564'),(1024,'screen_dimension','1565'),(1024,'memmory_size','1558'),(1024,'weight','1566'),(1025,'tablet_screen_size','1564'),(1025,'screen_dimension','1565'),(1025,'memmory_size','1556'),(1025,'weight','1567');
/*!40000 ALTER TABLE `StoreProductAttributeEAV` ENABLE KEYS */;
UNLOCK TABLES;

--
-- Table structure for table `StoreProductCategoryRef`
--

DROP TABLE IF EXISTS `StoreProductCategoryRef`;
/*!40101 SET @saved_cs_client     = @@character_set_client */;
/*!40101 SET character_set_client = utf8 */;
CREATE TABLE `StoreProductCategoryRef` (
  `id` int(11) NOT NULL AUTO_INCREMENT,
  `product` int(11) NOT NULL,
  `category` int(11) NOT NULL,
  `is_main` tinyint(1) NOT NULL,
  PRIMARY KEY (`id`),
  KEY `category` (`category`),
  KEY `product` (`product`),
  KEY `is_main` (`is_main`)
) ENGINE=MyISAM AUTO_INCREMENT=4172 DEFAULT CHARSET=utf8;
/*!40101 SET character_set_client = @saved_cs_client */;

--
-- Dumping data for table `StoreProductCategoryRef`
--

LOCK TABLES `StoreProductCategoryRef` WRITE;
/*!40000 ALTER TABLE `StoreProductCategoryRef` DISABLE KEYS */;
INSERT INTO `StoreProductCategoryRef` VALUES (4151,1005,205,1),(4163,1017,207,1),(4143,997,203,1),(4136,990,208,1),(4141,995,202,1),(4149,1003,205,1),(4162,1016,207,1),(4137,991,202,1),(4165,1019,207,1),(4171,1025,206,1),(4161,1015,207,1),(4158,1012,207,1),(4144,998,203,1),(4142,996,202,1),(4135,989,208,1),(4133,987,208,1),(4129,983,208,1),(4140,994,202,1),(4157,1011,207,1),(4154,1008,205,1),(4166,1020,206,1),(4145,999,203,1),(4167,1021,206,1),(4156,1010,205,1),(4160,1014,207,1),(4134,988,208,1),(4138,992,202,1),(4169,1023,206,1),(4132,986,208,1),(4146,1000,203,1),(4153,1007,205,1),(4128,982,208,1),(4150,1004,205,1),(4159,1013,207,1),(4131,985,208,1),(4130,984,208,1),(4152,1006,205,1),(4147,1001,203,1),(4170,1024,206,1),(4139,993,202,1),(4168,1022,206,1),(4164,1018,207,1),(4148,1002,203,1),(4155,1009,205,1);
/*!40000 ALTER TABLE `StoreProductCategoryRef` ENABLE KEYS */;
UNLOCK TABLES;

--
-- Table structure for table `StoreProductConfigurableAttributes`
--

DROP TABLE IF EXISTS `StoreProductConfigurableAttributes`;
/*!40101 SET @saved_cs_client     = @@character_set_client */;
/*!40101 SET character_set_client = utf8 */;
CREATE TABLE `StoreProductConfigurableAttributes` (
  `product_id` int(11) NOT NULL COMMENT 'Attributes available to configure product',
  `attribute_id` int(11) NOT NULL,
  UNIQUE KEY `product_attribute_index` (`product_id`,`attribute_id`)
) ENGINE=MyISAM DEFAULT CHARSET=utf8;
/*!40101 SET character_set_client = @saved_cs_client */;

--
-- Dumping data for table `StoreProductConfigurableAttributes`
--

LOCK TABLES `StoreProductConfigurableAttributes` WRITE;
/*!40000 ALTER TABLE `StoreProductConfigurableAttributes` DISABLE KEYS */;
/*!40000 ALTER TABLE `StoreProductConfigurableAttributes` ENABLE KEYS */;
UNLOCK TABLES;

--
-- Table structure for table `StoreProductConfigurations`
--

DROP TABLE IF EXISTS `StoreProductConfigurations`;
/*!40101 SET @saved_cs_client     = @@character_set_client */;
/*!40101 SET character_set_client = utf8 */;
CREATE TABLE `StoreProductConfigurations` (
  `product_id` int(11) NOT NULL COMMENT 'Saves relations beetwen product and configurations',
  `configurable_id` int(11) NOT NULL,
  UNIQUE KEY `idsunique` (`product_id`,`configurable_id`)
) ENGINE=MyISAM DEFAULT CHARSET=utf8;
/*!40101 SET character_set_client = @saved_cs_client */;

--
-- Dumping data for table `StoreProductConfigurations`
--

LOCK TABLES `StoreProductConfigurations` WRITE;
/*!40000 ALTER TABLE `StoreProductConfigurations` DISABLE KEYS */;
/*!40000 ALTER TABLE `StoreProductConfigurations` ENABLE KEYS */;
UNLOCK TABLES;

--
-- Table structure for table `StoreProductImage`
--

DROP TABLE IF EXISTS `StoreProductImage`;
/*!40101 SET @saved_cs_client     = @@character_set_client */;
/*!40101 SET character_set_client = utf8 */;
CREATE TABLE `StoreProductImage` (
  `id` int(11) NOT NULL AUTO_INCREMENT,
  `product_id` int(11) NOT NULL,
  `name` varchar(255) NOT NULL,
  `is_main` tinyint(1) DEFAULT '0',
  `uploaded_by` int(11) NOT NULL,
  `date_uploaded` datetime NOT NULL,
  PRIMARY KEY (`id`)
) ENGINE=MyISAM AUTO_INCREMENT=174 DEFAULT CHARSET=utf8;
/*!40101 SET character_set_client = @saved_cs_client */;

--
-- Dumping data for table `StoreProductImage`
--

LOCK TABLES `StoreProductImage` WRITE;
/*!40000 ALTER TABLE `StoreProductImage` DISABLE KEYS */;
INSERT INTO `StoreProductImage` VALUES (164,1016,'1016.jpg',1,1,'2012-06-09 21:12:51'),(163,1015,'1015.jpg',1,1,'2012-06-09 21:12:51'),(162,1014,'1014.jpg',1,1,'2012-06-09 21:12:51'),(161,1013,'1013.jpg',1,1,'2012-06-09 21:12:51'),(160,1012,'1012.jpg',1,1,'2012-06-09 21:12:50'),(130,982,'982.jpg',1,1,'2012-06-09 20:34:08'),(131,983,'983.jpg',1,1,'2012-06-09 20:34:08'),(132,984,'984.jpg',1,1,'2012-06-09 20:34:08'),(133,985,'985.jpg',1,1,'2012-06-09 20:34:08'),(134,986,'986.jpg',1,1,'2012-06-09 20:34:08'),(135,987,'987.jpg',1,1,'2012-06-09 20:34:09'),(136,988,'988.jpg',1,1,'2012-06-09 20:34:09'),(137,989,'989.jpg',1,1,'2012-06-09 20:34:09'),(138,990,'990.jpg',1,1,'2012-06-09 20:34:09'),(139,991,'991.jpg',1,1,'2012-06-09 20:35:18'),(140,992,'992.jpg',1,1,'2012-06-09 20:35:18'),(141,993,'993.jpg',1,1,'2012-06-09 20:35:18'),(142,994,'994.jpg',1,1,'2012-06-09 20:35:19'),(143,995,'995.jpg',1,1,'2012-06-09 20:35:19'),(144,996,'996.jpg',1,1,'2012-06-09 20:35:19'),(145,997,'997.jpg',1,1,'2012-06-09 20:35:20'),(146,998,'998.jpg',1,1,'2012-06-09 20:35:20'),(147,999,'999.jpg',1,1,'2012-06-09 20:35:20'),(148,1000,'1000.jpg',1,1,'2012-06-09 20:35:20'),(149,1001,'1001.jpg',1,1,'2012-06-09 20:35:20'),(150,1002,'1002.jpg',1,1,'2012-06-09 20:35:21'),(151,1003,'1003.jpg',1,1,'2012-06-09 21:12:17'),(152,1004,'1004.jpg',1,1,'2012-06-09 21:12:18'),(153,1005,'1005.jpg',1,1,'2012-06-09 21:12:19'),(154,1006,'1006.jpg',1,1,'2012-06-09 21:12:19'),(155,1007,'1007.jpg',1,1,'2012-06-09 21:12:19'),(156,1008,'1008.jpg',1,1,'2012-06-09 21:12:20'),(157,1009,'1009.jpg',1,1,'2012-06-09 21:12:20'),(158,1010,'1010.jpg',1,1,'2012-06-09 21:12:20'),(159,1011,'1011.jpg',1,1,'2012-06-09 21:12:50'),(165,1017,'1017.jpg',1,1,'2012-06-09 21:12:51'),(166,1018,'1018.jpg',1,1,'2012-06-09 21:12:51'),(167,1019,'1019.jpg',1,1,'2012-06-09 21:12:52'),(168,1020,'1020.jpg',1,1,'2012-06-09 21:13:00'),(169,1021,'1021.jpg',1,1,'2012-06-09 21:13:01'),(170,1022,'1022.jpg',1,1,'2012-06-09 21:13:01'),(171,1023,'1023.jpg',1,1,'2012-06-09 21:13:01'),(172,1024,'1024.jpg',1,1,'2012-06-09 21:13:02'),(173,1025,'1025.jpg',1,1,'2012-06-09 21:13:02');
/*!40000 ALTER TABLE `StoreProductImage` ENABLE KEYS */;
UNLOCK TABLES;

--
-- Table structure for table `StoreProductTranslate`
--

DROP TABLE IF EXISTS `StoreProductTranslate`;
/*!40101 SET @saved_cs_client     = @@character_set_client */;
/*!40101 SET character_set_client = utf8 */;
CREATE TABLE `StoreProductTranslate` (
  `id` int(11) NOT NULL AUTO_INCREMENT,
  `object_id` int(11) NOT NULL,
  `language_id` int(11) NOT NULL,
  `name` varchar(255) NOT NULL,
  `short_description` text,
  `full_description` text,
  `meta_title` varchar(255) DEFAULT NULL,
  `meta_keywords` varchar(255) DEFAULT NULL,
  `meta_description` varchar(255) DEFAULT NULL,
  PRIMARY KEY (`id`),
  KEY `object_id` (`object_id`),
  KEY `language_id` (`language_id`)
) ENGINE=MyISAM AUTO_INCREMENT=7766 DEFAULT CHARSET=utf8;
/*!40101 SET character_set_client = @saved_cs_client */;

--
-- Dumping data for table `StoreProductTranslate`
--

LOCK TABLES `StoreProductTranslate` WRITE;
/*!40000 ALTER TABLE `StoreProductTranslate` DISABLE KEYS */;
INSERT INTO `StoreProductTranslate` VALUES (7765,1025,9,'Samsung Galaxy Tab 10.1 P7500 16Gb','экран 10.1\", 1280x800, емкостный, мультитач, Android 3.1, встроенная память 16 Гб, Wi-Fi, Bluetooth, 3G, GPS, гироскоп, две фотокамеры, подключение к компьютеру по USB, вес 565 г',NULL,NULL,NULL,NULL),(7764,1025,1,'Samsung Galaxy Tab 10.1 P7500 16Gb','экран 10.1\", 1280x800, емкостный, мультитач, Android 3.1, встроенная память 16 Гб, Wi-Fi, Bluetooth, 3G, GPS, гироскоп, две фотокамеры, подключение к компьютеру по USB, вес 565 г',NULL,NULL,NULL,NULL),(7763,1024,9,'Asus Transformer Pad Prime 201 64Gb','экран 10.1\", 1280x800, емкостный, мультитач, Android 4.0, встроенная память 64 Гб, microSD, Wi-Fi, Bluetooth, гироскоп, две фотокамеры, micro HDMI, подключение к компьютеру по USB, вес 586 г',NULL,NULL,NULL,NULL),(7762,1024,1,'Asus Transformer Pad Prime 201 64Gb','экран 10.1\", 1280x800, емкостный, мультитач, Android 4.0, встроенная память 64 Гб, microSD, Wi-Fi, Bluetooth, гироскоп, две фотокамеры, micro HDMI, подключение к компьютеру по USB, вес 586 г',NULL,NULL,NULL,NULL),(7761,1023,9,'Acer Iconia Tab A100 8Gb','экран 7\", 1024x600, емкостный, мультитач, Android 3.2, встроенная память 8 Гб, microSDHC, Wi-Fi, Bluetooth, GPS, гироскоп, две фотокамеры, HDMI, подключение к компьютеру по USB, вес 410 г',NULL,NULL,NULL,NULL),(7760,1023,1,'Acer Iconia Tab A100 8Gb','экран 7\", 1024x600, емкостный, мультитач, Android 3.2, встроенная память 8 Гб, microSDHC, Wi-Fi, Bluetooth, GPS, гироскоп, две фотокамеры, HDMI, подключение к компьютеру по USB, вес 410 г',NULL,NULL,NULL,NULL),(7759,1022,9,'Samsung Galaxy Tab 7.0 Plus P6200 16GB','экран 7\", 1024x600, емкостный, мультитач, Android 3.2, встроенная память 16 Гб, microSDHC, Wi-Fi, Bluetooth, 3G, GPS, гироскоп, две фотокамеры, подключение к компьютеру по USB, вес 343 г',NULL,NULL,NULL,NULL),(7758,1022,1,'Samsung Galaxy Tab 7.0 Plus P6200 16GB','экран 7\", 1024x600, емкостный, мультитач, Android 3.2, встроенная память 16 Гб, microSDHC, Wi-Fi, Bluetooth, 3G, GPS, гироскоп, две фотокамеры, подключение к компьютеру по USB, вес 343 г',NULL,NULL,NULL,NULL),(7757,1021,9,'Apple iPad 2 64Gb Wi-Fi + 3G','экран 9.7\", 1024x768, емкостный, мультитач, iOS, встроенная память 64 Гб, Wi-Fi, Bluetooth, 3G, GPS, гироскоп, две фотокамеры, вес 613 г',NULL,NULL,NULL,NULL),(7756,1021,1,'Apple iPad 2 64Gb Wi-Fi + 3G','экран 9.7\", 1024x768, емкостный, мультитач, iOS, встроенная память 64 Гб, Wi-Fi, Bluetooth, 3G, GPS, гироскоп, две фотокамеры, вес 613 г',NULL,NULL,NULL,NULL),(7755,1020,9,'Apple iPad 2 16Gb Wi-Fi + 3G','экран 9.7\", 1024x768, емкостный, мультитач, iOS, встроенная память 16 Гб, Wi-Fi, Bluetooth, 3G, GPS, гироскоп, две фотокамеры, вес 613 г',NULL,NULL,NULL,NULL),(7754,1020,1,'Apple iPad 2 16Gb Wi-Fi + 3G','экран 9.7\", 1024x768, емкостный, мультитач, iOS, встроенная память 16 Гб, Wi-Fi, Bluetooth, 3G, GPS, гироскоп, две фотокамеры, вес 613 г',NULL,NULL,NULL,NULL),(7753,1019,9,'BlackBerry Bold 9780','GSM, 3G, смартфон, BlackBerry OS, вес 122 г, ШхВхТ: 60x109x14 мм, экран 2.4\", 480x360, Bluetooth, Wi-Fi, GPS, фотокамера 5 МП, память 256 Мб, слот microSD (TransFlash), аккумулятор 1500 мАч',NULL,NULL,NULL,NULL),(7752,1019,1,'BlackBerry Bold 9780','GSM, 3G, смартфон, BlackBerry OS, вес 122 г, ШхВхТ: 60x109x14 мм, экран 2.4\", 480x360, Bluetooth, Wi-Fi, GPS, фотокамера 5 МП, память 256 Мб, слот microSD (TransFlash), аккумулятор 1500 мАч',NULL,NULL,NULL,NULL),(7737,1011,9,'Samsung Galaxy Ace II','GSM, 3G, смартфон, Android 2.3, вес 118 г, ШхВхТ: 62.3x118.3x10.5 мм, экран 3.8\", 480x800, FM-радио, Bluetooth, Wi-Fi, GPS, ГЛОНАСС, фотокамера 5 МП, память 4 Гб, слот microSD (TransFlash), аккумулятор 1500 мАч',NULL,NULL,NULL,NULL),(7738,1012,1,'HTC One XL','GSM, 3G, смартфон, Android 4.0, вес 129 г, ШхВхТ: 69.9x134.8x8.9 мм, экран 4.7\", 720x1280, FM-радио, Bluetooth, Wi-Fi, GPS, фотокамера 8 МП, память 32 Гб, аккумулятор 1800 мАч',NULL,NULL,NULL,NULL),(7739,1012,9,'HTC One XL','GSM, 3G, смартфон, Android 4.0, вес 129 г, ШхВхТ: 69.9x134.8x8.9 мм, экран 4.7\", 720x1280, FM-радио, Bluetooth, Wi-Fi, GPS, фотокамера 8 МП, память 32 Гб, аккумулятор 1800 мАч',NULL,NULL,NULL,NULL),(7740,1013,1,'HTC Sensation XL','GSM, 3G, смартфон, Android 2.3, вес 162 г, ШхВхТ: 70.7x132.5x9.9 мм, экран 4.7\", 480x800, FM-радио, Bluetooth, Wi-Fi, GPS, фотокамера 8 МП, память 16 Гб, аккумулятор 1600 мАч',NULL,NULL,NULL,NULL),(7741,1013,9,'HTC Sensation XL','GSM, 3G, смартфон, Android 2.3, вес 162 г, ШхВхТ: 70.7x132.5x9.9 мм, экран 4.7\", 480x800, FM-радио, Bluetooth, Wi-Fi, GPS, фотокамера 8 МП, память 16 Гб, аккумулятор 1600 мАч',NULL,NULL,NULL,NULL),(7742,1014,1,'Apple iPhone 4S 16Gb','GSM, CDMA800, CDMA1900, 3G, смартфон, iOS 5, вес 140 г, ШхВхТ: 58.6x115.2x9.3 мм, экран 3.5\", 640x960, Bluetooth, Wi-Fi, GPS, ГЛОНАСС, фотокамера 8 МП, память 16 Гб',NULL,NULL,NULL,NULL),(7743,1014,9,'Apple iPhone 4S 16Gb','GSM, CDMA800, CDMA1900, 3G, смартфон, iOS 5, вес 140 г, ШхВхТ: 58.6x115.2x9.3 мм, экран 3.5\", 640x960, Bluetooth, Wi-Fi, GPS, ГЛОНАСС, фотокамера 8 МП, память 16 Гб',NULL,NULL,NULL,NULL),(7744,1015,1,'Apple iPhone 3GS 8Gb','GSM, 3G, смартфон, iOS, вес 135 г, ШхВхТ: 62x116x12 мм, экран 3.5\", 320x480, Bluetooth, Wi-Fi, GPS, фотокамера 3 МП, память 8 Гб',NULL,NULL,NULL,NULL),(7745,1015,9,'Apple iPhone 3GS 8Gb','GSM, 3G, смартфон, iOS, вес 135 г, ШхВхТ: 62x116x12 мм, экран 3.5\", 320x480, Bluetooth, Wi-Fi, GPS, фотокамера 3 МП, память 8 Гб',NULL,NULL,NULL,NULL),(7746,1016,1,'Apple iPhone 4 16Gb','GSM, 3G, смартфон, iOS 4, вес 137 г, ШхВхТ: 59x115x9 мм, экран 3.5\", 640x960, Bluetooth, Wi-Fi, GPS, фотокамера 5 МП, память 16 Гб',NULL,NULL,NULL,NULL),(7747,1016,9,'Apple iPhone 4 16Gb','GSM, 3G, смартфон, iOS 4, вес 137 г, ШхВхТ: 59x115x9 мм, экран 3.5\", 640x960, Bluetooth, Wi-Fi, GPS, фотокамера 5 МП, память 16 Гб',NULL,NULL,NULL,NULL),(7748,1017,1,'Nokia N9','GSM, 3G, смартфон, MeeGo 1.2, вес 135 г, ШхВхТ: 61x116x12 мм, экран 3.9\", 480x854, Bluetooth, Wi-Fi, GPS, фотокамера 8 МП, аккумулятор 1450 мАч',NULL,NULL,NULL,NULL),(7749,1017,9,'Nokia N9','GSM, 3G, смартфон, MeeGo 1.2, вес 135 г, ШхВхТ: 61x116x12 мм, экран 3.9\", 480x854, Bluetooth, Wi-Fi, GPS, фотокамера 8 МП, аккумулятор 1450 мАч',NULL,NULL,NULL,NULL),(7750,1018,1,'BlackBerry Bold 9900','GSM, 3G, смартфон, BlackBerry OS, вес 130 г, ШхВхТ: 66x115x11 мм, экран 2.8\", 640x480, Bluetooth, Wi-Fi, GPS, фотокамера 5 МП, память 8 Гб, слот microSD (TransFlash), аккумулятор 1230 мАч',NULL,NULL,NULL,NULL),(7751,1018,9,'BlackBerry Bold 9900','GSM, 3G, смартфон, BlackBerry OS, вес 130 г, ШхВхТ: 66x115x11 мм, экран 2.8\", 640x480, Bluetooth, Wi-Fi, GPS, фотокамера 5 МП, память 8 Гб, слот microSD (TransFlash), аккумулятор 1230 мАч',NULL,NULL,NULL,NULL),(7734,1010,1,'Microlab FC 362',NULL,NULL,NULL,NULL,NULL),(7735,1010,9,'Microlab FC 362',NULL,NULL,NULL,NULL,NULL),(7736,1011,1,'Samsung Galaxy Ace II','GSM, 3G, смартфон, Android 2.3, вес 118 г, ШхВхТ: 62.3x118.3x10.5 мм, экран 3.8\", 480x800, FM-радио, Bluetooth, Wi-Fi, GPS, ГЛОНАСС, фотокамера 5 МП, память 4 Гб, слот microSD (TransFlash), аккумулятор 1500 мАч',NULL,NULL,NULL,NULL),(7733,1009,9,'Edifier X600','число каналов: 2.1, мощность 30 Вт, 48-20000 Гц, материал колонок: MDF, материал сабвуфера: MDF, магнитное экранирование',NULL,NULL,NULL,NULL),(7731,1008,9,'Edifier M1385','число каналов: 2.1, мощность 28 Вт, материал сабвуфера: MDF, разъем для наушников, магнитное экранирование, радио',NULL,NULL,NULL,NULL),(7732,1009,1,'Edifier X600','число каналов: 2.1, мощность 30 Вт, 48-20000 Гц, материал колонок: MDF, материал сабвуфера: MDF, магнитное экранирование',NULL,NULL,NULL,NULL),(7730,1008,1,'Edifier M1385','число каналов: 2.1, мощность 28 Вт, материал сабвуфера: MDF, разъем для наушников, магнитное экранирование, радио',NULL,NULL,NULL,NULL),(7729,1007,9,'Sven SPS-820','число каналов: 2.1, мощность 38 Вт, 50-20000 Гц, материал колонок: MDF, материал сабвуфера: MDF, магнитное экранирование',NULL,NULL,NULL,NULL),(7728,1007,1,'Sven SPS-820','число каналов: 2.1, мощность 38 Вт, 50-20000 Гц, материал колонок: MDF, материал сабвуфера: MDF, магнитное экранирование',NULL,NULL,NULL,NULL),(7727,1006,9,'Logitech Z-313','число каналов: 2.1, мощность 25 Вт, 48-20000 Гц, материал колонок: пластик, материал сабвуфера: MDF',NULL,NULL,NULL,NULL),(7726,1006,1,'Logitech Z-313','число каналов: 2.1, мощность 25 Вт, 48-20000 Гц, материал колонок: пластик, материал сабвуфера: MDF',NULL,NULL,NULL,NULL),(7725,1005,9,'Edifier M3700','число каналов: 5.1, мощность 80 Вт, 45-20000 Гц, материал колонок: MDF, материал сабвуфера: MDF, магнитное экранирование, пульт ДУ',NULL,NULL,NULL,NULL),(7724,1005,1,'Edifier M3700','число каналов: 5.1, мощность 80 Вт, 45-20000 Гц, материал колонок: MDF, материал сабвуфера: MDF, магнитное экранирование, пульт ДУ',NULL,NULL,NULL,NULL),(7723,1004,9,'Microlab M-860','число каналов: 5.1, мощность 62 Вт, 30-20000 Гц, материал колонок: пластик, материал сабвуфера: MDF, магнитное экранирование, пульт ДУ',NULL,NULL,NULL,NULL),(7722,1004,1,'Microlab M-860','число каналов: 5.1, мощность 62 Вт, 30-20000 Гц, материал колонок: пластик, материал сабвуфера: MDF, магнитное экранирование, пульт ДУ',NULL,NULL,NULL,NULL),(7721,1003,9,'Logitech X-530','число каналов: 5.1, мощность 71.20 Вт, 40-20000 Гц, материал колонок: пластик, материал сабвуфера: MDF, разъем для наушников, магнитное экранирование',NULL,NULL,NULL,NULL),(7720,1003,1,'Logitech X-530','число каналов: 5.1, мощность 71.20 Вт, 40-20000 Гц, материал колонок: пластик, материал сабвуфера: MDF, разъем для наушников, магнитное экранирование',NULL,NULL,NULL,NULL),(7719,1002,9,'Acer ASPIRE 5943G-7748G75TWiss','Core i7, 1730 МГц, 8192 Мб, 750 Гб, 15.6 дюйм, ATI Mobility Radeon HD 5850, BD-RE, Wi-Fi, Bluetooth, 3.3 кг',NULL,NULL,NULL,NULL),(7717,1001,9,'Sony VAIO VPC-F13S8R','Core i5, 2660 МГц, 4096 Мб, 640 Гб, 16.4 дюйм, NVIDIA GeForce GT 425M, Blu-Ray, Wi-Fi, Bluetooth, 3.1 кг',NULL,NULL,NULL,NULL),(7718,1002,1,'Acer ASPIRE 5943G-7748G75TWiss','Core i7, 1730 МГц, 8192 Мб, 750 Гб, 15.6 дюйм, ATI Mobility Radeon HD 5850, BD-RE, Wi-Fi, Bluetooth, 3.3 кг',NULL,NULL,NULL,NULL),(7716,1001,1,'Sony VAIO VPC-F13S8R','Core i5, 2660 МГц, 4096 Мб, 640 Гб, 16.4 дюйм, NVIDIA GeForce GT 425M, Blu-Ray, Wi-Fi, Bluetooth, 3.1 кг',NULL,NULL,NULL,NULL),(7712,999,1,'Apple MacBook Pro 15 Late 2011','Core i7, 2200-2400 МГц, 4096 Мб, 500-750 Гб, 15.4 дюйм, ATI Radeon HD 6750M / ATI Radeon HD 6770М, DVD-RW, Wi-Fi, Bluetooth, 2.54 кг',NULL,NULL,NULL,NULL),(7713,999,9,'Apple MacBook Pro 15 Late 2011','Core i7, 2200-2400 МГц, 4096 Мб, 500-750 Гб, 15.4 дюйм, ATI Radeon HD 6750M / ATI Radeon HD 6770М, DVD-RW, Wi-Fi, Bluetooth, 2.54 кг',NULL,NULL,NULL,NULL),(7715,1000,9,'Lenovo THINKPAD W520','Core i7 / Core i7 Extreme, 2000-2700 МГц, 4096-8192 Мб, 160-580 Гб, 15.6 дюйм, NVIDIA Quadro 2000M, DVD-RW, Wi-Fi, Bluetooth, 2.45 кг',NULL,NULL,NULL,NULL),(7714,1000,1,'Lenovo THINKPAD W520','Core i7 / Core i7 Extreme, 2000-2700 МГц, 4096-8192 Мб, 160-580 Гб, 15.6 дюйм, NVIDIA Quadro 2000M, DVD-RW, Wi-Fi, Bluetooth, 2.45 кг',NULL,NULL,NULL,NULL),(7703,994,9,'ASUS X54C','Celeron / Pentium, 1500-2200 МГц, 2048-4096 Мб, 320-500 Гб, 15.6 дюйм, Intel HD Graphics 3000, DVD-RW, Wi-Fi, Bluetooth, 2.6 кг',NULL,NULL,NULL,NULL),(7704,995,1,'DELL INSPIRON N5050','Celeron, 1500-1700 МГц, 2048 Мб, 320-500 Гб, 15.6 дюйм, Intel HD Graphics 3000, DVD-RW, Wi-Fi, Bluetooth (опционально), 2.37 кг',NULL,NULL,NULL,NULL),(7705,995,9,'DELL INSPIRON N5050','Celeron, 1500-1700 МГц, 2048 Мб, 320-500 Гб, 15.6 дюйм, Intel HD Graphics 3000, DVD-RW, Wi-Fi, Bluetooth (опционально), 2.37 кг',NULL,NULL,NULL,NULL),(7706,996,1,'Fujitsu LIFEBOOK AH531','Celeron / Pentium, 1500-2200 МГц, 2048 Мб, 320 Гб, 15.6 дюйм, Intel HD Graphics 3000, DVD-RW, Wi-Fi, Bluetooth, 2.5 кг',NULL,NULL,NULL,NULL),(7707,996,9,'Fujitsu LIFEBOOK AH531','Celeron / Pentium, 1500-2200 МГц, 2048 Мб, 320 Гб, 15.6 дюйм, Intel HD Graphics 3000, DVD-RW, Wi-Fi, Bluetooth, 2.5 кг',NULL,NULL,NULL,NULL),(7708,997,1,'HP EliteBook 8560w','Core i7, 2500 МГц, 8192 Мб, 750 Гб, 15.6 дюйм, NVIDIA Quadro 2000M, BD-RE, Wi-Fi, Bluetooth, 3 кг',NULL,NULL,NULL,NULL),(7709,997,9,'HP EliteBook 8560w','Core i7, 2500 МГц, 8192 Мб, 750 Гб, 15.6 дюйм, NVIDIA Quadro 2000M, BD-RE, Wi-Fi, Bluetooth, 3 кг',NULL,NULL,NULL,NULL),(7710,998,1,'DELL ALIENWARE M17x','Core i7, 2200-2400 МГц, 8192-16384 Мб, 750-1500 Гб, 17 дюйм, AMD Radeon HD 6990M, BD-RE / Blu-Ray / DVD-RW, Wi-Fi, Bluetooth, 5.3 кг',NULL,NULL,NULL,NULL),(7711,998,9,'DELL ALIENWARE M17x','Core i7, 2200-2400 МГц, 8192-16384 Мб, 750-1500 Гб, 17 дюйм, AMD Radeon HD 6990M, BD-RE / Blu-Ray / DVD-RW, Wi-Fi, Bluetooth, 5.3 кг',NULL,NULL,NULL,NULL),(7687,986,9,'Samsung SyncMaster S22A350N','ЖК (TFT TN) 21.5\", широкоформатный, 1920x1080, LED-подсветка, 250 кд/м2, 1000:1, 5 мс, 170°/160°, VGA',NULL,NULL,NULL,NULL),(7688,987,1,'Philips 237E3QPHSU','ЖК (TFT IPS) 23\", широкоформатный, 1920x1080, LED-подсветка, 250 кд/м2, 1000:1, 5 мс, 178°/178°, HDMI x2, VGA',NULL,NULL,NULL,NULL),(7689,987,9,'Philips 237E3QPHSU','ЖК (TFT IPS) 23\", широкоформатный, 1920x1080, LED-подсветка, 250 кд/м2, 1000:1, 5 мс, 178°/178°, HDMI x2, VGA',NULL,NULL,NULL,NULL),(7702,994,1,'ASUS X54C','Celeron / Pentium, 1500-2200 МГц, 2048-4096 Мб, 320-500 Гб, 15.6 дюйм, Intel HD Graphics 3000, DVD-RW, Wi-Fi, Bluetooth, 2.6 кг',NULL,NULL,NULL,NULL),(7700,993,1,'ASUS K53U','C-60 / E-240 / E-450, 1000-1650 МГц, 2048-4096 Мб, 320-500 Гб, 15.6 дюйм, DVD-RW, Wi-Fi, Bluetooth (опционально), 2.6 кг',NULL,NULL,NULL,NULL),(7701,993,9,'ASUS K53U','C-60 / E-240 / E-450, 1000-1650 МГц, 2048-4096 Мб, 320-500 Гб, 15.6 дюйм, DVD-RW, Wi-Fi, Bluetooth (опционально), 2.6 кг',NULL,NULL,NULL,NULL),(7699,992,9,'Lenovo G570','Celeron / Pentium, 1500-2200 МГц, 2048-4096 Мб, 320-500 Гб, 15.6 дюйм, ATI Radeon HD 6370M, DVD-RW, Wi-Fi, Bluetooth (опционально), 2.43 кг',NULL,NULL,NULL,NULL),(7698,992,1,'Lenovo G570','Celeron / Pentium, 1500-2200 МГц, 2048-4096 Мб, 320-500 Гб, 15.6 дюйм, ATI Radeon HD 6370M, DVD-RW, Wi-Fi, Bluetooth (опционально), 2.43 кг',NULL,NULL,NULL,NULL),(7697,991,9,'Lenovo B570','Celeron / Pentium, 1500-2200 МГц, 2048-4096 Мб, 320-500 Гб, 15.6 дюйм, Intel GMA HD, DVD-RW, Wi-Fi, Bluetooth (опционально), 2.35 кг',NULL,NULL,NULL,NULL),(7696,991,1,'Lenovo B570','Celeron / Pentium, 1500-2200 МГц, 2048-4096 Мб, 320-500 Гб, 15.6 дюйм, Intel GMA HD, DVD-RW, Wi-Fi, Bluetooth (опционально), 2.35 кг',NULL,NULL,NULL,NULL),(7695,990,9,'HP ZR2440w','ЖК (TFT IPS) 24\", широкоформатный, 1920x1200, LED-подсветка, 350 кд/м2, 1000:1, 6 мс, 178°/178°, USB-концентратор, DVI, HDMI, DisplayPort',NULL,NULL,NULL,NULL),(7692,989,1,'HP ZR2740w','ЖК (TFT IPS) 27\", широкоформатный, 2560x1440, LED-подсветка, 380 кд/м2, 1000:1, 12 мс, 178°/178°, USB-концентратор, DVI, DisplayPort',NULL,NULL,NULL,NULL),(7693,989,9,'HP ZR2740w','ЖК (TFT IPS) 27\", широкоформатный, 2560x1440, LED-подсветка, 380 кд/м2, 1000:1, 12 мс, 178°/178°, USB-концентратор, DVI, DisplayPort',NULL,NULL,NULL,NULL),(7694,990,1,'HP ZR2440w','ЖК (TFT IPS) 24\", широкоформатный, 1920x1200, LED-подсветка, 350 кд/м2, 1000:1, 6 мс, 178°/178°, USB-концентратор, DVI, HDMI, DisplayPort',NULL,NULL,NULL,NULL),(7690,988,1,'Philips 227E3LSU','ЖК (TFT TN) 21.5\", широкоформатный, 1920x1080, LED-подсветка, 250 кд/м2, 1000:1, 5 мс, DVI, VGA',NULL,NULL,NULL,NULL),(7691,988,9,'Philips 227E3LSU','ЖК (TFT TN) 21.5\", широкоформатный, 1920x1080, LED-подсветка, 250 кд/м2, 1000:1, 5 мс, DVI, VGA',NULL,NULL,NULL,NULL),(7683,984,9,'LG Flatron M2250D','ЖК (TFT TN) 21.5\", широкоформатный, 1920x1080, LED-подсветка, 250 кд/м2, 5 мс, 170°/160°, стереоколонки, ТВ-тюнер, HDMI, VGA, композитный вход, компонентный вход, SCART',NULL,NULL,NULL,NULL),(7684,985,1,'LG Flatron IPS226V','ЖК (TFT E-IPS) 21.5\", широкоформатный, 1920x1080, LED-подсветка, 250 кд/м2, 1000:1, 5 мс, 178°/178°, DVI, HDMI, VGA',NULL,NULL,NULL,NULL),(7685,985,9,'LG Flatron IPS226V','ЖК (TFT E-IPS) 21.5\", широкоформатный, 1920x1080, LED-подсветка, 250 кд/м2, 1000:1, 5 мс, 178°/178°, DVI, HDMI, VGA',NULL,NULL,NULL,NULL),(7686,986,1,'Samsung SyncMaster S22A350N','ЖК (TFT TN) 21.5\", широкоформатный, 1920x1080, LED-подсветка, 250 кд/м2, 1000:1, 5 мс, 170°/160°, VGA',NULL,NULL,NULL,NULL),(7682,984,1,'LG Flatron M2250D','ЖК (TFT TN) 21.5\", широкоформатный, 1920x1080, LED-подсветка, 250 кд/м2, 5 мс, 170°/160°, стереоколонки, ТВ-тюнер, HDMI, VGA, композитный вход, компонентный вход, SCART',NULL,NULL,NULL,NULL),(7681,983,9,'DELL U2312HM','ЖК (TFT IPS) 23\", широкоформатный, 1920x1080, LED-подсветка, 300 кд/м2, 1000:1, 8 мс, 178°/178°, USB-концентратор, DVI, DisplayPort, VGA',NULL,NULL,NULL,NULL),(7679,982,9,'DELL U2412M','ЖК (TFT E-IPS) 24\", широкоформатный, 1920x1200, LED-подсветка, 300 кд/м2, 1000:1, 8 мс, 178°/178°, USB-концентратор, DVI, DisplayPort, VGA',NULL,NULL,NULL,NULL),(7680,983,1,'DELL U2312HM','ЖК (TFT IPS) 23\", широкоформатный, 1920x1080, LED-подсветка, 300 кд/м2, 1000:1, 8 мс, 178°/178°, USB-концентратор, DVI, DisplayPort, VGA',NULL,NULL,NULL,NULL),(7678,982,1,'DELL U2412M','ЖК (TFT E-IPS) 24\", широкоформатный, 1920x1200, LED-подсветка, 300 кд/м2, 1000:1, 8 мс, 178°/178°, USB-концентратор, DVI, DisplayPort, VGA',NULL,NULL,NULL,NULL);
/*!40000 ALTER TABLE `StoreProductTranslate` ENABLE KEYS */;
UNLOCK TABLES;

--
-- Table structure for table `StoreProductType`
--

DROP TABLE IF EXISTS `StoreProductType`;
/*!40101 SET @saved_cs_client     = @@character_set_client */;
/*!40101 SET character_set_client = utf8 */;
CREATE TABLE `StoreProductType` (
  `id` int(11) NOT NULL AUTO_INCREMENT,
  `name` varchar(255) NOT NULL,
  `categories_preset` text NOT NULL,
  `main_category` int(11) NOT NULL DEFAULT '0',
  PRIMARY KEY (`id`)
) ENGINE=MyISAM AUTO_INCREMENT=7 DEFAULT CHARSET=utf8;
/*!40101 SET character_set_client = @saved_cs_client */;

--
-- Dumping data for table `StoreProductType`
--

LOCK TABLES `StoreProductType` WRITE;
/*!40000 ALTER TABLE `StoreProductType` DISABLE KEYS */;
INSERT INTO `StoreProductType` VALUES (1,'Простой продукт','',0),(2,'laptop','',0),(3,'computer_sound','',0),(4,'tablet','',0),(5,'phone','',0),(6,'monitor','',0);
/*!40000 ALTER TABLE `StoreProductType` ENABLE KEYS */;
UNLOCK TABLES;

--
-- Table structure for table `StoreProductVariant`
--

DROP TABLE IF EXISTS `StoreProductVariant`;
/*!40101 SET @saved_cs_client     = @@character_set_client */;
/*!40101 SET character_set_client = utf8 */;
CREATE TABLE `StoreProductVariant` (
  `id` int(11) NOT NULL AUTO_INCREMENT,
  `attribute_id` int(11) NOT NULL,
  `option_id` int(11) NOT NULL,
  `product_id` int(11) NOT NULL,
  `price` float(10,2) NOT NULL DEFAULT '0.00',
  `price_type` tinyint(1) NOT NULL,
  `sku` varchar(255) NOT NULL,
  PRIMARY KEY (`id`),
  KEY `attribute_id` (`attribute_id`),
  KEY `option_id` (`option_id`),
  KEY `product_id` (`product_id`)
) ENGINE=MyISAM AUTO_INCREMENT=40 DEFAULT CHARSET=utf8;
/*!40101 SET character_set_client = @saved_cs_client */;

--
-- Dumping data for table `StoreProductVariant`
--

LOCK TABLES `StoreProductVariant` WRITE;
/*!40000 ALTER TABLE `StoreProductVariant` DISABLE KEYS */;
/*!40000 ALTER TABLE `StoreProductVariant` ENABLE KEYS */;
UNLOCK TABLES;

--
-- Table structure for table `StoreRelatedProduct`
--

DROP TABLE IF EXISTS `StoreRelatedProduct`;
/*!40101 SET @saved_cs_client     = @@character_set_client */;
/*!40101 SET character_set_client = utf8 */;
CREATE TABLE `StoreRelatedProduct` (
  `id` int(11) NOT NULL AUTO_INCREMENT,
  `product_id` int(11) NOT NULL,
  `related_id` int(11) NOT NULL,
  PRIMARY KEY (`id`),
  KEY `product_id` (`product_id`)
) ENGINE=MyISAM AUTO_INCREMENT=488 DEFAULT CHARSET=utf8 COMMENT='Handle related products';
/*!40101 SET character_set_client = @saved_cs_client */;

--
-- Dumping data for table `StoreRelatedProduct`
--

LOCK TABLES `StoreRelatedProduct` WRITE;
/*!40000 ALTER TABLE `StoreRelatedProduct` DISABLE KEYS */;
/*!40000 ALTER TABLE `StoreRelatedProduct` ENABLE KEYS */;
UNLOCK TABLES;

--
-- Table structure for table `StoreTypeAttribute`
--

DROP TABLE IF EXISTS `StoreTypeAttribute`;
/*!40101 SET @saved_cs_client     = @@character_set_client */;
/*!40101 SET character_set_client = utf8 */;
CREATE TABLE `StoreTypeAttribute` (
  `type_id` int(11) NOT NULL,
  `attribute_id` int(11) NOT NULL,
  PRIMARY KEY (`type_id`,`attribute_id`)
) ENGINE=MyISAM DEFAULT CHARSET=utf8;
/*!40101 SET character_set_client = @saved_cs_client */;

--
-- Dumping data for table `StoreTypeAttribute`
--

LOCK TABLES `StoreTypeAttribute` WRITE;
/*!40000 ALTER TABLE `StoreTypeAttribute` DISABLE KEYS */;
INSERT INTO `StoreTypeAttribute` VALUES (2,301),(2,302),(2,303),(2,304),(2,305),(2,306),(2,307),(3,308),(3,309),(3,310),(4,315),(4,316),(4,317),(5,311),(5,312),(5,313),(5,314),(6,298),(6,299),(6,300);
/*!40000 ALTER TABLE `StoreTypeAttribute` ENABLE KEYS */;
UNLOCK TABLES;

--
-- Table structure for table `StoreWishlist`
--

DROP TABLE IF EXISTS `StoreWishlist`;
/*!40101 SET @saved_cs_client     = @@character_set_client */;
/*!40101 SET character_set_client = utf8 */;
CREATE TABLE `StoreWishlist` (
  `id` int(11) NOT NULL AUTO_INCREMENT,
  `key` varchar(10) NOT NULL,
  `user_id` int(11) NOT NULL,
  PRIMARY KEY (`id`),
  KEY `key` (`key`),
  KEY `user_id` (`user_id`)
) ENGINE=MyISAM AUTO_INCREMENT=3 DEFAULT CHARSET=utf8;
/*!40101 SET character_set_client = @saved_cs_client */;

--
-- Dumping data for table `StoreWishlist`
--

LOCK TABLES `StoreWishlist` WRITE;
/*!40000 ALTER TABLE `StoreWishlist` DISABLE KEYS */;
INSERT INTO `StoreWishlist` VALUES (1,'1nv0bvkerl',1);
/*!40000 ALTER TABLE `StoreWishlist` ENABLE KEYS */;
UNLOCK TABLES;

--
-- Table structure for table `StoreWishlistProducts`
--

DROP TABLE IF EXISTS `StoreWishlistProducts`;
/*!40101 SET @saved_cs_client     = @@character_set_client */;
/*!40101 SET character_set_client = utf8 */;
CREATE TABLE `StoreWishlistProducts` (
  `id` int(11) NOT NULL AUTO_INCREMENT,
  `wishlist_id` int(11) NOT NULL,
  `product_id` int(11) NOT NULL,
  `user_id` int(11) NOT NULL,
  PRIMARY KEY (`id`),
  KEY `wishlist_id` (`wishlist_id`),
  KEY `product_id` (`product_id`),
  KEY `user_id` (`user_id`)
) ENGINE=MyISAM AUTO_INCREMENT=151 DEFAULT CHARSET=utf8;
/*!40101 SET character_set_client = @saved_cs_client */;

--
-- Dumping data for table `StoreWishlistProducts`
--

LOCK TABLES `StoreWishlistProducts` WRITE;
/*!40000 ALTER TABLE `StoreWishlistProducts` DISABLE KEYS */;
/*!40000 ALTER TABLE `StoreWishlistProducts` ENABLE KEYS */;
UNLOCK TABLES;

--
-- Table structure for table `SystemLanguage`
--

DROP TABLE IF EXISTS `SystemLanguage`;
/*!40101 SET @saved_cs_client     = @@character_set_client */;
/*!40101 SET character_set_client = utf8 */;
CREATE TABLE `SystemLanguage` (
  `id` int(11) NOT NULL AUTO_INCREMENT,
  `name` varchar(100) NOT NULL,
  `code` varchar(25) NOT NULL,
  `locale` varchar(100) NOT NULL,
  `default` tinyint(1) NOT NULL,
  `flag_name` varchar(255) DEFAULT NULL,
  PRIMARY KEY (`id`),
  KEY `code` (`code`)
) ENGINE=MyISAM AUTO_INCREMENT=10 DEFAULT CHARSET=utf8;
/*!40101 SET character_set_client = @saved_cs_client */;

--
-- Dumping data for table `SystemLanguage`
--

LOCK TABLES `SystemLanguage` WRITE;
/*!40000 ALTER TABLE `SystemLanguage` DISABLE KEYS */;
INSERT INTO `SystemLanguage` VALUES (1,'Russian','ru','ru',1,'ru.png'),(9,'English','en','en',0,'us.png');
/*!40000 ALTER TABLE `SystemLanguage` ENABLE KEYS */;
UNLOCK TABLES;

--
-- Table structure for table `SystemModules`
--

DROP TABLE IF EXISTS `SystemModules`;
/*!40101 SET @saved_cs_client     = @@character_set_client */;
/*!40101 SET character_set_client = utf8 */;
CREATE TABLE `SystemModules` (
  `id` int(11) NOT NULL AUTO_INCREMENT,
  `name` varchar(255) NOT NULL,
  `enabled` tinyint(1) NOT NULL,
  PRIMARY KEY (`id`),
  UNIQUE KEY `name` (`name`)
) ENGINE=MyISAM AUTO_INCREMENT=54 DEFAULT CHARSET=utf8;
/*!40101 SET character_set_client = @saved_cs_client */;

--
-- Dumping data for table `SystemModules`
--

LOCK TABLES `SystemModules` WRITE;
/*!40000 ALTER TABLE `SystemModules` DISABLE KEYS */;
INSERT INTO `SystemModules` VALUES (7,'users',1),(9,'pages',1),(11,'core',1),(12,'rights',1),(16,'orders',1),(15,'store',1),(17,'comments',1),(37,'feedback',1),(38,'discounts',1),(39,'newsletter',1),(40,'csv',1),(41,'logger',1),(52,'accounting1c',1),(53,'yandexMarket',1);
/*!40000 ALTER TABLE `SystemModules` ENABLE KEYS */;
UNLOCK TABLES;

--
-- Table structure for table `SystemSettings`
--

DROP TABLE IF EXISTS `SystemSettings`;
/*!40101 SET @saved_cs_client     = @@character_set_client */;
/*!40101 SET character_set_client = utf8 */;
CREATE TABLE `SystemSettings` (
  `id` int(11) NOT NULL AUTO_INCREMENT,
  `category` varchar(255) NOT NULL,
  `key` varchar(255) NOT NULL,
  `value` text NOT NULL,
  PRIMARY KEY (`id`),
  KEY `category` (`category`),
  KEY `key` (`key`)
) ENGINE=MyISAM AUTO_INCREMENT=28 DEFAULT CHARSET=utf8;
/*!40101 SET character_set_client = @saved_cs_client */;

--
-- Dumping data for table `SystemSettings`
--

LOCK TABLES `SystemSettings` WRITE;
/*!40000 ALTER TABLE `SystemSettings` DISABLE KEYS */;
INSERT INTO `SystemSettings` VALUES (9,'feedback','max_message_length','1000'),(8,'feedback','enable_captcha','1'),(7,'feedback','admin_email','admin@localhost.local'),(10,'17_WebMoneyPaymentSystem','LMI_PAYEE_PURSE','Z1234565788'),(11,'17_WebMoneyPaymentSystem','LMI_SECRET_KEY','theSercretPassword'),(12,'18_WebMoneyPaymentSystem','LMI_PAYEE_PURSE','1'),(13,'18_WebMoneyPaymentSystem','LMI_SECRET_KEY','2'),(14,'19_RobokassaPaymentSystem','login','login'),(15,'19_RobokassaPaymentSystem','password1','password1value'),(16,'19_RobokassaPaymentSystem','password2','password2value'),(22,'accounting1c','password','f880fefe2aff8130bb31d480f08e47c03e655b60'),(21,'accounting1c','ip','127.0.0.1'),(23,'accounting1c','tempdir','application.runtime'),(24,'yandexMarket','name','Демо магазин'),(25,'yandexMarket','company','Демо кампания'),(26,'yandexMarket','url','http://demo-company.loc/'),(27,'yandexMarket','currency_id','2');
/*!40000 ALTER TABLE `SystemSettings` ENABLE KEYS */;
UNLOCK TABLES;

--
-- Table structure for table `accounting1c`
--

DROP TABLE IF EXISTS `accounting1c`;
/*!40101 SET @saved_cs_client     = @@character_set_client */;
/*!40101 SET character_set_client = utf8 */;
CREATE TABLE `accounting1c` (
  `id` int(11) NOT NULL AUTO_INCREMENT,
  `object_id` int(11) DEFAULT NULL,
  `object_type` int(11) DEFAULT NULL,
  `external_id` varchar(255) DEFAULT NULL,
  PRIMARY KEY (`id`),
  KEY `object_type` (`object_type`),
  KEY `external_id` (`external_id`)
) ENGINE=InnoDB DEFAULT CHARSET=utf8;
/*!40101 SET character_set_client = @saved_cs_client */;

--
-- Dumping data for table `accounting1c`
--

LOCK TABLES `accounting1c` WRITE;
/*!40000 ALTER TABLE `accounting1c` DISABLE KEYS */;
/*!40000 ALTER TABLE `accounting1c` ENABLE KEYS */;
UNLOCK TABLES;

--
-- Table structure for table `grid_view_filter`
--

DROP TABLE IF EXISTS `grid_view_filter`;
/*!40101 SET @saved_cs_client     = @@character_set_client */;
/*!40101 SET character_set_client = utf8 */;
CREATE TABLE `grid_view_filter` (
  `id` int(11) NOT NULL AUTO_INCREMENT,
  `user_id` int(11) NOT NULL,
  `grid_id` varchar(100) NOT NULL,
  `name` varchar(100) NOT NULL,
  `data` text NOT NULL,
  PRIMARY KEY (`id`)
) ENGINE=MyISAM AUTO_INCREMENT=45 DEFAULT CHARSET=utf8;
/*!40101 SET character_set_client = @saved_cs_client */;

--
-- Dumping data for table `grid_view_filter`
--

LOCK TABLES `grid_view_filter` WRITE;
/*!40000 ALTER TABLE `grid_view_filter` DISABLE KEYS */;
/*!40000 ALTER TABLE `grid_view_filter` ENABLE KEYS */;
UNLOCK TABLES;

--
-- Table structure for table `user`
--

DROP TABLE IF EXISTS `user`;
/*!40101 SET @saved_cs_client     = @@character_set_client */;
/*!40101 SET character_set_client = utf8 */;
CREATE TABLE `user` (
  `id` int(11) NOT NULL AUTO_INCREMENT,
  `username` varchar(255) NOT NULL,
  `password` varchar(255) NOT NULL,
  `email` varchar(255) NOT NULL,
  `created_at` datetime NOT NULL,
  `last_login` datetime NOT NULL,
  `login_ip` varchar(255) NOT NULL,
  `recovery_key` varchar(20) NOT NULL,
  `recovery_password` varchar(100) NOT NULL,
  PRIMARY KEY (`id`)
) ENGINE=MyISAM AUTO_INCREMENT=53 DEFAULT CHARSET=utf8 COMMENT='Saves user accounts';
/*!40101 SET character_set_client = @saved_cs_client */;

--
-- Dumping data for table `user`
--

LOCK TABLES `user` WRITE;
/*!40000 ALTER TABLE `user` DISABLE KEYS */;
INSERT INTO `user` VALUES (1,'admin','d033e22ae348aeb5660fc2140aec35850c4da997','admin@localhost.loc','2011-08-21 10:17:15','2012-06-10 22:35:16','127.0.0.1','PXKMUEHFNK','01A2QOPJE1KIYRP');
/*!40000 ALTER TABLE `user` ENABLE KEYS */;
UNLOCK TABLES;

--
-- Table structure for table `user_profile`
--

DROP TABLE IF EXISTS `user_profile`;
/*!40101 SET @saved_cs_client     = @@character_set_client */;
/*!40101 SET character_set_client = utf8 */;
CREATE TABLE `user_profile` (
  `id` int(11) NOT NULL AUTO_INCREMENT,
  `user_id` int(11) NOT NULL,
  `full_name` varchar(255) NOT NULL,
  `phone` varchar(20) DEFAULT NULL,
  `delivery_address` varchar(255) DEFAULT NULL,
  PRIMARY KEY (`id`),
  KEY `user_id` (`user_id`)
) ENGINE=MyISAM AUTO_INCREMENT=2 DEFAULT CHARSET=utf8;
/*!40101 SET character_set_client = @saved_cs_client */;

--
-- Dumping data for table `user_profile`
--

LOCK TABLES `user_profile` WRITE;
/*!40000 ALTER TABLE `user_profile` DISABLE KEYS */;
INSERT INTO `user_profile` VALUES (1,1,'Administrator','000-000-00-00','where to delivery');
/*!40000 ALTER TABLE `user_profile` ENABLE KEYS */;
UNLOCK TABLES;
/*!40103 SET TIME_ZONE=@OLD_TIME_ZONE */;

/*!40101 SET SQL_MODE=@OLD_SQL_MODE */;
/*!40014 SET FOREIGN_KEY_CHECKS=@OLD_FOREIGN_KEY_CHECKS */;
/*!40014 SET UNIQUE_CHECKS=@OLD_UNIQUE_CHECKS */;
/*!40101 SET CHARACTER_SET_CLIENT=@OLD_CHARACTER_SET_CLIENT */;
/*!40101 SET CHARACTER_SET_RESULTS=@OLD_CHARACTER_SET_RESULTS */;
/*!40101 SET COLLATION_CONNECTION=@OLD_COLLATION_CONNECTION */;
/*!40111 SET SQL_NOTES=@OLD_SQL_NOTES */;

-- Dump completed on 2012-06-13 23:05:07
